csv,combo,n_features,LOO_R2,KFold_R2,LOO_MAE
desc_E_enhanced_w10.csv,radius_mean + max_mass + max_Z,5,0.5567352925132218,0.5411338618577852,0.48862805206125437
desc_E_enhanced_w10.csv,radius_mean + max_mass + max_Z4,5,0.5567352925132218,0.5411338618577852,0.48862805206125437
desc_E_enhanced_w10.csv,radius_mean + max_Z4 + max_Z,5,0.5479303775049755,0.5357098972084766,0.49234657941683374
desc_E_enhanced_w10.csv,radius_mean + max_mass,4,0.5375343332523949,0.5181801358025118,0.4912602109475569
desc_E_enhanced_w10.csv,radius_mean + radius_diff,4,0.531969514776274,0.4884558111248144,0.4983730140214015
desc_E_enhanced_w10.csv,radius_mean + max_mass + radius_diff,5,0.5272572860776317,0.49891375763374923,0.4958836438101952
desc_E_enhanced_w10.csv,radius_mean + Wr + radius_diff,6,0.5271791232408218,0.4529557741522292,0.4900514426664873
desc_E_enhanced_w10.csv,radius_mean + max_Z4 + radius_diff,5,0.5240776865845623,0.4935311989645168,0.49745646970922297
desc_E_enhanced_w10.csv,radius_mean + max_Z + radius_diff,5,0.5240776865845623,0.4935311989645168,0.49745646970922297
desc_E_enhanced_w10.csv,radius_mean + max_Z4,4,0.5217145223621997,0.515179632684291,0.49611432101028136
desc_E_enhanced_w10.csv,radius_mean + max_Z,4,0.5217145223621997,0.515179632684291,0.49611432101028136
desc_E_enhanced_w10.csv,radius_mean + X_diff,4,0.5216373639417691,0.5133390029569991,0.49292823686503395
desc_E_enhanced_w05.csv,radius_mean + max_mass + max_Z,5,0.5018179322827159,0.517524123472316,0.5077928788011724
desc_E_enhanced_w05.csv,radius_mean + max_mass + max_Z4,5,0.5018179322827159,0.517524123472316,0.5077928788011724
desc_E_enhanced_w05_w10.csv,radius_mean + radius_diff,6,0.5000558963570969,0.48891512896246825,0.5047339540780194
desc_E_enhanced_w10.csv,radius_mean + max_mass + X_mean,5,0.4991212363676042,0.4789153132046642,0.5126046114112391
desc_E_enhanced_w10.csv,radius_mean + Wr + max_Z4,6,0.4980181760457514,0.4574216895883958,0.49873174302264894
desc_E_enhanced_w10.csv,radius_mean + Wr + max_Z,6,0.4980181760457514,0.4574216895883958,0.49873174302264894
desc_E_enhanced_w10.csv,radius_mean + Wr,5,0.4978683322691726,0.5194911357279578,0.5001798414943194
desc_E_enhanced_w10.csv,radius_mean + max_Z + X_mean,5,0.49644617907629807,0.47750234284921567,0.5106326721605629
desc_E_enhanced_w10.csv,radius_mean + max_Z4 + X_mean,5,0.49644617907629807,0.47750234284921567,0.5106326721605629
desc_E_enhanced_w05_w10.csv,radius_mean + max_mass,6,0.49472428787276457,0.5085467769070708,0.5012173728316722
desc_E_enhanced_w05.csv,radius_mean + Wr + X_diff,6,0.49334713791063867,0.4928585629460128,0.48395386389048417
desc_E_enhanced_w05.csv,radius_mean + max_Z4 + max_Z,5,0.49290243982659354,0.5069528098364408,0.5112318824084119
desc_E_enhanced_w10.csv,radius_mean + X_mean,4,0.49256711508839657,0.448135732745334,0.5146296267702122
desc_E_enhanced_w05.csv,radius_mean + max_mass + radius_diff,5,0.49089442139276185,0.48841642900353666,0.5127556965519684
desc_E_enhanced_w10.csv,radius_mean + Wr + X_mean,6,0.49032977082681706,0.44368481520523206,0.5051011778802582
desc_E_enhanced_w05_w10.csv,radius_mean + Wr + X_diff,10,0.49014160777835647,0.47886159882260615,0.4888260534652557
desc_E_enhanced_w05.csv,radius_mean + max_Z + radius_diff,5,0.48945554753653897,0.47787366513862906,0.5138053108658454
desc_E_enhanced_w05.csv,radius_mean + max_Z4 + radius_diff,5,0.48945554753653897,0.47787366513862906,0.5138053108658454
desc_E_enhanced_w10.csv,radius_mean + max_mass + X_diff,5,0.4886280014141331,0.5446098102957866,0.5062222955636304
desc_E_enhanced_w05_w10.csv,radius_mean + Wr,9,0.48752498319444915,0.4711464512855794,0.4879143214707424
desc_E_enhanced_w05_w10.csv,radius_mean + max_Z4,6,0.4871477667850088,0.5101947098848869,0.5047043085965244
desc_E_enhanced_w05_w10.csv,radius_mean + max_Z,6,0.4871477667850088,0.5101947098848869,0.5047043085965244
desc_E_enhanced_w05.csv,radius_mean + radius_diff,4,0.4868388235101623,0.4890797049121939,0.5141440022545632
desc_E_enhanced_w10.csv,radius_mean + Wr + X_diff,6,0.4854523945831942,0.48172487965159005,0.5034563264798636
desc_E_enhanced_w05_w10.csv,radius_mean + Wr + max_Z4,10,0.4847126001084855,0.4818789733624905,0.49000158117756704
desc_E_enhanced_w05_w10.csv,radius_mean + Wr + max_Z,10,0.4847126001084855,0.4818789733624905,0.49000158117756704
desc_E_enhanced_w10.csv,radius_mean + max_Z + X_diff,5,0.48323540662398,0.5378467142325285,0.5056984741808188
desc_E_enhanced_w10.csv,radius_mean + max_Z4 + X_diff,5,0.48323540662398,0.5378467142325285,0.5056984741808188
desc_E_enhanced_w10.csv,radius_mean + max_mass + Wr,6,0.48219505524086914,0.46546772496675537,0.5086063895418187
desc_E_enhanced_w05_w10.csv,radius_mean + max_mass + X_diff,7,0.4812544224180627,0.5075911435734701,0.4984761566730461
desc_E_enhanced_w05_w10.csv,radius_mean + Wr + radius_diff,10,0.48094205945817536,0.5005757417916155,0.4956306313023423
desc_E_enhanced_w05_w10.csv,radius_mean + max_mass + radius_diff,7,0.48084952822512417,0.4672192811346707,0.5071119204530813
desc_E_enhanced_w05_w10.csv,radius_mean + X_diff,6,0.478978180818767,0.5109759483035914,0.5097909973606919
desc_E_enhanced_w10.csv,radius_mean + X_diff + radius_diff,5,0.4780433646476434,0.5187212209655447,0.5141411045585015
desc_E_enhanced_w05_w10.csv,Wr + radius_diff,9,0.47785957158619197,0.4159523012523535,0.4833413749078308
desc_E_enhanced_w05.csv,radius_mean + max_mass,4,0.47686001096055486,0.4859376701398651,0.5178125417545588
desc_E_enhanced_w05_w10.csv,radius_mean + max_mass + max_Z,7,0.47651147361173996,0.49113108276728956,0.5124101476621147
desc_E_enhanced_w05_w10.csv,radius_mean + max_mass + max_Z4,7,0.47651147361173996,0.49113108276728956,0.5124101476621147
desc_E_enhanced_w05_w10.csv,radius_mean + max_mass + Wr,10,0.47592556704500244,0.4589583089395498,0.4959129082554519
desc_E_enhanced_w10.csv,Wr + radius_diff,5,0.4751740633161494,0.4036042921603862,0.5022762682269319
desc_E_enhanced_w05_w10.csv,radius_mean + max_Z4 + X_diff,7,0.47292576985502444,0.5053394346368141,0.5037978299603318
desc_E_enhanced_w05_w10.csv,radius_mean + max_Z + X_diff,7,0.47292576985502444,0.5053394346368141,0.5037978299603318
desc_E_enhanced_w05_w10.csv,radius_mean + max_Z4 + max_Z,7,0.4722004930513689,0.48834807345003184,0.5095868803419249
desc_E_enhanced_w05_w10.csv,radius_mean + max_Z + radius_diff,7,0.47152936241740095,0.4605431409458882,0.5101879729309469
desc_E_enhanced_w05_w10.csv,radius_mean + max_Z4 + radius_diff,7,0.47152936241740095,0.4605431409458882,0.5101879729309469
desc_E_enhanced_w10.csv,max_mass + max_Z4 + max_Z,5,0.47067933352657687,0.47573315135147676,0.5160221570718168
desc_E_enhanced_w05_w10.csv,radius_mean + Wr + X_mean,10,0.4705359787465505,0.4572400523495662,0.49182575621267766
desc_E_enhanced_w10.csv,max_mass + radius_diff,4,0.46824252024659674,0.3969836832026026,0.5126513096780488
desc_E_enhanced_w10.csv,radius_mean + X_mean + radius_diff,5,0.46818805808521935,0.46790944817895075,0.5285905165190649
desc_E_enhanced_w05.csv,radius_mean + Wr,5,0.4676304711679089,0.5076581879522705,0.5141511789138872
desc_E_enhanced_w05_w10.csv,radius_mean + X_mean + X_diff,7,0.46744845417967895,0.45633155106632073,0.5086493704632075
desc_E_enhanced_w10.csv,max_mass + Wr + radius_diff,6,0.46721859760306295,0.4068500846201373,0.5136099453983886
desc_E_enhanced_w05_w10.csv,radius_mean + X_mean + radius_diff,7,0.4658963108287796,0.43172455226894935,0.5117843851465168
desc_E_enhanced_w10.csv,Wr + max_Z,5,0.4652796925193563,0.4105303611670559,0.5037063991662228
desc_E_enhanced_w10.csv,Wr + max_Z4,5,0.4652796925193563,0.4105303611670559,0.5037063991662228
desc_E_enhanced_w05.csv,radius_mean + max_Z,4,0.465193334716534,0.49510492386927063,0.5207853568683971
desc_E_enhanced_w05.csv,radius_mean + max_Z4,4,0.465193334716534,0.49510492386927063,0.5207853568683971
desc_E_enhanced_w05.csv,radius_mean + Wr + radius_diff,6,0.46518578082493367,0.49392917046653817,0.5139526535525467
desc_E_enhanced_w10.csv,max_Z4 + radius_diff,4,0.46457553645227156,0.3926738680023669,0.5160816988896841
desc_E_enhanced_w10.csv,max_Z + radius_diff,4,0.46457553645227156,0.3926738680023669,0.5160816988896841
desc_E_enhanced_w10.csv,radius_mean + X_mean + X_diff,5,0.46436041541158335,0.48965603361486365,0.5158882132058192
desc_E_enhanced_w10.csv,max_mass + Wr,5,0.46387106829103975,0.4442443206726605,0.5046510753920584
desc_E_enhanced_w05_w10.csv,max_mass + Wr + radius_diff,10,0.463358763704522,0.40386754658814183,0.49921237876198515
desc_E_enhanced_w05.csv,radius_mean + X_mean,4,0.4624708057048663,0.4806474381308574,0.5205663268301223
desc_E_enhanced_w05_w10.csv,radius_mean + X_mean,6,0.46180147497918433,0.47629258437078636,0.5222031167155565
desc_E_enhanced_w10.csv,max_Z4 + max_Z,4,0.46174086127067426,0.4553864820839175,0.5120741246396846
desc_E_enhanced_w10.csv,max_mass + max_Z4,4,0.4615836122673753,0.45753632926726273,0.5145978882529519
desc_E_enhanced_w10.csv,max_mass + max_Z,4,0.4615836122673753,0.45753632926726273,0.5145978882529519
desc_E_enhanced_w05.csv,radius_mean + max_mass + X_diff,5,0.46153994560333345,0.5080110454693582,0.5030139896219428
desc_E_enhanced_w05_w10.csv,max_mass + max_Z4 + max_Z,7,0.46119236212818415,0.4401378063372893,0.5013780836432872
desc_E_enhanced_w10.csv,max_mass + Wr + max_Z,6,0.4608526943838248,0.4268866859094119,0.5147896809144454
desc_E_enhanced_w10.csv,max_mass + Wr + max_Z4,6,0.4608526943838248,0.4268866859094119,0.5147896809144454
desc_E_enhanced_w05_w10.csv,Wr + X_diff,9,0.4605084045608716,0.4337686118418076,0.4962704050276015
desc_E_enhanced_w10.csv,X_diff + radius_diff,4,0.4599807913888918,0.3779037007849386,0.5189207288038851
desc_E_enhanced_w05.csv,radius_mean + X_diff,4,0.4593685045164918,0.4841918670824965,0.5108761602941186
desc_E_enhanced_w05.csv,radius_mean + X_diff + radius_diff,5,0.4592803248220001,0.5072569491492975,0.5001442015195134
desc_E_enhanced_w05_w10.csv,max_mass + Wr + max_Z4,10,0.4591421634556193,0.43583301387778517,0.5013303503508519
desc_E_enhanced_w05_w10.csv,max_mass + Wr + max_Z,10,0.4591421634556193,0.43583301387778517,0.5013303503508519
desc_E_enhanced_w10.csv,max_mass + X_mean,4,0.45866061924679735,0.41927698514282696,0.5315830577262723
desc_E_enhanced_w05_w10.csv,max_Z4 + max_Z + radius_diff,7,0.4575702666942777,0.40257199226109086,0.5066175995547362
desc_E_enhanced_w05.csv,radius_mean + max_Z + X_diff,5,0.45709583294119405,0.4879054222444049,0.505177522741183
desc_E_enhanced_w05.csv,radius_mean + max_Z4 + X_diff,5,0.45709583294119405,0.4879054222444049,0.505177522741183
desc_E_enhanced_w10.csv,Wr + max_Z + radius_diff,6,0.45667406553857004,0.3936592622316468,0.5202484948755515
desc_E_enhanced_w10.csv,Wr + max_Z4 + radius_diff,6,0.45667406553857004,0.3936592622316468,0.5202484948755515
desc_E_enhanced_w10.csv,max_mass + max_Z4 + radius_diff,5,0.45618348755522586,0.4206350969970676,0.5314700712675999
desc_E_enhanced_w10.csv,max_mass + max_Z + radius_diff,5,0.45618348755522586,0.4206350969970676,0.5314700712675999
desc_E_enhanced_w05_w10.csv,max_mass + max_Z4 + X_mean,7,0.45614970003931476,0.40380781255093845,0.5234069924113727
desc_E_enhanced_w05_w10.csv,max_mass + max_Z + X_mean,7,0.45614970003931476,0.40380781255093845,0.5234069924113727
desc_E_enhanced_w05_w10.csv,Wr + max_Z4 + radius_diff,10,0.4545659862403878,0.38598833728079784,0.49805660891292075
desc_E_enhanced_w05_w10.csv,Wr + max_Z + radius_diff,10,0.4545659862403878,0.38598833728079784,0.49805660891292075
desc_E_enhanced_w05.csv,radius_mean + X_mean + radius_diff,5,0.4544919349749541,0.4606084045273905,0.5174455036539021
desc_E_enhanced_w05_w10.csv,max_mass + X_mean,6,0.4544583707281501,0.40376153128097914,0.5274633141382776
desc_E_enhanced_w05_w10.csv,max_mass + max_Z4 + radius_diff,7,0.4540034934604018,0.40165190105952286,0.5078665299945407
desc_E_enhanced_w05_w10.csv,max_mass + max_Z + radius_diff,7,0.4540034934604018,0.40165190105952286,0.5078665299945407
desc_E_enhanced_w05_w10.csv,radius_mean + max_mass + X_mean,7,0.4538444382371347,0.46278586426962853,0.5175074200533858
desc_E_enhanced_w10.csv,Wr + max_Z4 + max_Z,6,0.45372271015887433,0.4147136505002783,0.5175597103292292
desc_E_enhanced_w05_w10.csv,Wr + max_Z,9,0.45365979286110203,0.4198083475808777,0.4932826568092964
desc_E_enhanced_w05_w10.csv,Wr + max_Z4,9,0.45365979286110203,0.4198083475808777,0.4932826568092964
desc_E_enhanced_w05_w10.csv,radius_mean + max_Z4 + X_mean,7,0.4534722090105505,0.46080921281392107,0.5193409410919807
desc_E_enhanced_w05_w10.csv,radius_mean + max_Z + X_mean,7,0.4534722090105505,0.46080921281392107,0.5193409410919807
desc_E_enhanced_w05_w10.csv,radius_mean + X_diff + radius_diff,7,0.4533260988557247,0.4797610965564504,0.5085850147141351
desc_E_enhanced_w05_w10.csv,max_mass + Wr,9,0.4530434091023249,0.43225736710179297,0.4929607041725005
desc_E_enhanced_w05_w10.csv,max_Z + X_mean,6,0.4523044520993915,0.40465120318049097,0.5249453344248762
desc_E_enhanced_w05_w10.csv,max_Z4 + X_mean,6,0.4523044520993915,0.40465120318049097,0.5249453344248762
desc_E_enhanced_w05.csv,radius_mean + max_mass + Wr,6,0.4522389846220678,0.4805010087101911,0.523515939987067
desc_E_enhanced_w05_w10.csv,X_mean + radius_diff,6,0.45222646773759245,0.38922970870875584,0.5342042093325143
desc_E_enhanced_w05.csv,radius_mean + max_mass + X_mean,5,0.4520421451916754,0.48639933273564717,0.5183616439742271
desc_E_enhanced_w10.csv,max_Z4 + max_Z + radius_diff,5,0.4518896089557264,0.4101694889616154,0.5325317609237903
desc_E_enhanced_w05_w10.csv,max_mass + max_Z4,6,0.4517694849886752,0.42581899947682533,0.5013578474642051
desc_E_enhanced_w05_w10.csv,max_mass + max_Z,6,0.4517694849886752,0.42581899947682533,0.5013578474642051
desc_E_enhanced_w05_w10.csv,X_mean + X_diff,6,0.4516802168776364,0.4010180296381285,0.530513973944115
desc_E_enhanced_w10.csv,max_mass + max_Z + X_mean,5,0.4514539640687444,0.42620682189265313,0.5333402492205301
desc_E_enhanced_w10.csv,max_mass + max_Z4 + X_mean,5,0.4514539640687444,0.42620682189265313,0.5333402492205301
desc_E_enhanced_w05_w10.csv,max_mass + max_Z + X_diff,7,0.45043070470188784,0.4550206406259817,0.5082993877487954
desc_E_enhanced_w05_w10.csv,max_mass + max_Z4 + X_diff,7,0.45043070470188784,0.4550206406259817,0.5082993877487954
desc_E_enhanced_w05_w10.csv,max_mass + X_mean + radius_diff,7,0.4496171553064837,0.3687591689583706,0.5328058282052629
desc_E_enhanced_w05.csv,max_mass + Wr + radius_diff,6,0.4496103923411541,0.43652491324334186,0.5177002802810283
desc_E_enhanced_w05_w10.csv,max_Z4 + max_Z + X_diff,7,0.44891206575040454,0.45686081233940445,0.5117942489999714
desc_E_enhanced_w05_w10.csv,max_Z4 + max_Z,6,0.4484429439752259,0.4346045501786422,0.5022134685275531
desc_E_enhanced_w10.csv,max_Z + X_mean,4,0.4477387289017526,0.419115982930243,0.5340919288336629
desc_E_enhanced_w10.csv,max_Z4 + X_mean,4,0.4477387289017526,0.419115982930243,0.5340919288336629
desc_E_enhanced_w05.csv,radius_mean + max_Z4 + X_mean,5,0.44661772149584655,0.4736158563210304,0.5172923252076814
desc_E_enhanced_w05.csv,radius_mean + max_Z + X_mean,5,0.44661772149584655,0.4736158563210304,0.5172923252076814
desc_E_enhanced_w05.csv,radius_mean + Wr + X_mean,6,0.44623091666121595,0.4665443004123577,0.5037640935098283
desc_E_enhanced_w05_w10.csv,Wr + max_Z4 + max_Z,10,0.4459515388631071,0.38332665597715143,0.49876536395814686
desc_E_enhanced_w05_w10.csv,max_Z4 + max_Z + X_mean,7,0.44502261030868173,0.3968639910292293,0.5298534880888582
desc_E_enhanced_w05_w10.csv,Wr + X_mean,9,0.44501691649168296,0.40258057278696724,0.501622372111889
desc_E_enhanced_w10.csv,Wr + X_mean,5,0.4442718977860214,0.3653239922652016,0.5205321409870881
desc_E_enhanced_w05_w10.csv,Wr + X_diff + radius_diff,10,0.44271226947195197,0.43103388080968696,0.5018892389547946
desc_E_enhanced_w10.csv,max_Z4 + X_diff + radius_diff,5,0.4423202140905865,0.435917116377164,0.5224893511618027
desc_E_enhanced_w10.csv,max_Z + X_diff + radius_diff,5,0.4423202140905865,0.435917116377164,0.5224893511618027
desc_E_enhanced_w05_w10.csv,Wr + max_Z4 + X_diff,10,0.44183901129024294,0.4167357738666335,0.5030832302209103
desc_E_enhanced_w05_w10.csv,Wr + max_Z + X_diff,10,0.44183901129024294,0.4167357738666335,0.5030832302209103
desc_E_enhanced_w10.csv,max_Z4 + max_Z + X_mean,5,0.4407156883286124,0.4249396974168206,0.5383252210713396
desc_E_enhanced_w05.csv,radius_mean + Wr + max_Z,6,0.4403734540771461,0.4839136980740022,0.5178518266966848
desc_E_enhanced_w05.csv,radius_mean + Wr + max_Z4,6,0.4403734540771461,0.4839136980740022,0.5178518266966848
desc_E_enhanced_w05.csv,Wr + max_Z4 + max_Z,6,0.4401951345546763,0.45078624100230424,0.5168771845499676
desc_E_enhanced_w05_w10.csv,max_mass + radius_diff,6,0.439848223630366,0.4040041777079403,0.5113877453515024
desc_E_enhanced_w05.csv,Wr + max_Z4 + radius_diff,6,0.4390460579813742,0.433084162159865,0.5183204911838878
desc_E_enhanced_w05.csv,Wr + max_Z + radius_diff,6,0.4390460579813742,0.433084162159865,0.5183204911838878
desc_E_enhanced_w05_w10.csv,max_Z + X_mean + radius_diff,7,0.4388610154956125,0.3601797522505572,0.5365744018699184
desc_E_enhanced_w05_w10.csv,max_Z4 + X_mean + radius_diff,7,0.4388610154956125,0.3601797522505572,0.5365744018699184
desc_E_enhanced_w05.csv,radius_mean + X_mean + X_diff,5,0.43772365307567895,0.4867696504861885,0.5200895613179063
desc_E_enhanced_w05_w10.csv,max_Z + X_diff + radius_diff,7,0.4375835026915609,0.3930334796215743,0.5211083276970219
desc_E_enhanced_w05_w10.csv,max_Z4 + X_diff + radius_diff,7,0.4375835026915609,0.3930334796215743,0.5211083276970219
desc_E_enhanced_w10.csv,max_mass + X_diff + radius_diff,5,0.4366697583010042,0.44127628970986155,0.525334979442635
desc_E_enhanced_w05.csv,Wr + radius_diff,5,0.4366644061166022,0.46670488505318397,0.5178897314842301
desc_E_enhanced_w05_w10.csv,max_Z + radius_diff,6,0.43639411874126144,0.40502896671821553,0.5177318076942907
desc_E_enhanced_w05_w10.csv,max_Z4 + radius_diff,6,0.43639411874126144,0.40502896671821553,0.5177318076942907
desc_E_enhanced_w10.csv,Wr + X_diff + radius_diff,6,0.4362064915948437,0.3860213804313831,0.5218310342461173
desc_E_enhanced_w10.csv,max_mass + X_diff,4,0.4361551092909668,0.43581644432497335,0.5288561828449518
desc_E_enhanced_w05_w10.csv,max_Z + X_mean + X_diff,7,0.4359273092193141,0.42449970391780323,0.5321356214658178
desc_E_enhanced_w05_w10.csv,max_Z4 + X_mean + X_diff,7,0.4359273092193141,0.42449970391780323,0.5321356214658178
desc_E_enhanced_w05_w10.csv,max_mass + X_diff + radius_diff,7,0.4355633566579027,0.3966622782053151,0.5202446945411991
desc_E_enhanced_w05_w10.csv,max_mass + X_diff,6,0.4355337223524276,0.45411132495973905,0.5143692936849114
desc_E_enhanced_w05_w10.csv,Wr + X_mean + radius_diff,10,0.43497111020101276,0.41099725235724427,0.5077247568140126
desc_E_enhanced_w05_w10.csv,max_mass + Wr + X_diff,10,0.4346079742765018,0.43156156526552514,0.5131798621042811
desc_E_enhanced_w10.csv,Wr + X_diff,5,0.4341327135466979,0.4058274617711254,0.5217557968996992
desc_E_enhanced_w05_w10.csv,max_mass + X_mean + X_diff,7,0.43387211704158146,0.4195476403536138,0.5315876692954941
desc_E_enhanced_w05_w10.csv,max_Z + X_diff,6,0.4338421076619047,0.4539840041246447,0.5156145169518211
desc_E_enhanced_w05_w10.csv,max_Z4 + X_diff,6,0.4338421076619047,0.4539840041246447,0.5156145169518211
desc_E_enhanced_w10.csv,Wr + X_mean + radius_diff,6,0.43371308453592283,0.3760707105263169,0.5284994889172642
desc_E_enhanced_w10.csv,max_Z + X_diff,4,0.43010223661726243,0.44044605371461876,0.5264815217124091
desc_E_enhanced_w10.csv,max_Z4 + X_diff,4,0.43010223661726243,0.44044605371461876,0.5264815217124091
desc_E_enhanced_w10.csv,max_Z4 + X_mean + radius_diff,5,0.4295816531489559,0.3948027182228534,0.5387944495124047
desc_E_enhanced_w10.csv,max_Z + X_mean + radius_diff,5,0.4295816531489559,0.3948027182228534,0.5387944495124047
desc_E_enhanced_w10.csv,max_mass + X_mean + radius_diff,5,0.4295718796585708,0.39633159223155656,0.5379294904410237
desc_E_enhanced_w05.csv,max_mass + Wr + max_Z4,6,0.4289892702391991,0.4467571883695991,0.5247375164224645
desc_E_enhanced_w05.csv,max_mass + Wr + max_Z,6,0.4289892702391991,0.4467571883695991,0.5247375164224645
desc_E_enhanced_w05_w10.csv,Wr + max_Z + X_mean,10,0.428163792636748,0.39427993998930955,0.5123213768294365
desc_E_enhanced_w05_w10.csv,Wr + max_Z4 + X_mean,10,0.428163792636748,0.39427993998930955,0.5123213768294365
desc_E_enhanced_w05.csv,Wr + max_Z4 + X_diff,6,0.42666893544387763,0.4250505837370048,0.5058289466626718
desc_E_enhanced_w05.csv,Wr + max_Z + X_diff,6,0.42666893544387763,0.4250505837370048,0.5058289466626718
desc_E_enhanced_w05_w10.csv,Wr + X_mean + X_diff,10,0.4262588879503445,0.43476572309683226,0.5064260063412214
desc_E_enhanced_w05.csv,max_mass + max_Z4 + max_Z,5,0.4262120442780839,0.4366898908045467,0.5074342591593966
desc_E_enhanced_w05.csv,max_mass + Wr,5,0.4243078917921701,0.4552936623952871,0.5165222112289584
desc_E_enhanced_w10.csv,max_Z4 + max_Z + X_diff,5,0.4238343862448868,0.46208281566397913,0.5235020066174594
desc_E_enhanced_w05.csv,Wr + X_diff + radius_diff,6,0.42373481590396056,0.47066205692060614,0.5116307951946452
desc_E_enhanced_w05.csv,Wr + max_Z4,5,0.4234978045134472,0.4727096144653612,0.521860083175428
desc_E_enhanced_w05.csv,Wr + max_Z,5,0.4234978045134472,0.4727096144653612,0.521860083175428
desc_E_enhanced_w10.csv,X_mean + radius_diff,4,0.42091606453134056,0.38584832007624037,0.5414865248227361
desc_E_enhanced_w10.csv,max_mass + max_Z + X_diff,5,0.41892276377061877,0.460110680818265,0.5255791152992634
desc_E_enhanced_w10.csv,max_mass + max_Z4 + X_diff,5,0.41892276377061877,0.460110680818265,0.5255791152992634
desc_E_enhanced_w05.csv,Wr + X_mean + radius_diff,6,0.41876657754007873,0.4296153810250719,0.5157262925957189
desc_E_enhanced_w05.csv,Wr + X_mean + X_diff,6,0.4180285940118732,0.38596838122410904,0.506873803721534
desc_E_enhanced_w05_w10.csv,X_diff + radius_diff,6,0.41616667356716563,0.4070790703301401,0.5368490756930727
desc_E_enhanced_w10.csv,Wr + max_Z + X_diff,6,0.41616331967685827,0.3913507746101961,0.5260168623587098
desc_E_enhanced_w10.csv,Wr + max_Z4 + X_diff,6,0.41616331967685827,0.3913507746101961,0.5260168623587098
desc_E_enhanced_w05_w10.csv,max_mass + Wr + X_mean,10,0.4160523361281926,0.4108766010587327,0.5156392568434128
desc_E_enhanced_w10.csv,max_mass + Wr + X_mean,6,0.4158240162445904,0.37485814703258635,0.5370076241589556
desc_E_enhanced_w10.csv,Wr + max_Z + X_mean,6,0.4154783615818657,0.3717069855089913,0.5289121897967175
desc_E_enhanced_w10.csv,Wr + max_Z4 + X_mean,6,0.4154783615818657,0.3717069855089913,0.5289121897967175
desc_E_enhanced_w05.csv,max_mass + Wr + X_diff,6,0.4145185644263153,0.43717373560597084,0.5159254754625185
desc_E_enhanced_w05.csv,max_Z4 + X_diff + radius_diff,5,0.410407124790657,0.4271146273537666,0.5267318831983239
desc_E_enhanced_w05.csv,max_Z + X_diff + radius_diff,5,0.410407124790657,0.4271146273537666,0.5267318831983239
desc_E_enhanced_w05.csv,max_Z4 + max_Z + X_mean,5,0.409509819563627,0.4268890202317328,0.5436921962294916
desc_E_enhanced_w05.csv,max_mass + Wr + X_mean,6,0.40755089951605916,0.43483228328536994,0.5280061783453431
desc_E_enhanced_w05.csv,Wr + max_Z4 + X_mean,6,0.40749957614244803,0.4019313730611803,0.521166927530308
desc_E_enhanced_w05.csv,Wr + max_Z + X_mean,6,0.40749957614244803,0.4019313730611803,0.521166927530308
desc_E_enhanced_w05.csv,max_mass + max_Z + X_diff,5,0.40572082773253193,0.4600225871343997,0.5330837174666049
desc_E_enhanced_w05.csv,max_mass + max_Z4 + X_diff,5,0.40572082773253193,0.4600225871343997,0.5330837174666049
desc_E_enhanced_w10.csv,max_mass + Wr + X_diff,6,0.4052302118034381,0.4242486629275206,0.532414645782625
desc_E_enhanced_w05.csv,X_diff + radius_diff,4,0.4052026978395272,0.41378152858663253,0.5367060473904466
desc_E_enhanced_w05.csv,max_Z4 + max_Z + X_diff,5,0.402495182987064,0.445794519847574,0.5380709702607358
desc_E_enhanced_w10.csv,max_mass + X_mean + X_diff,5,0.40136514109899746,0.40566607894743445,0.5524787473196935
desc_E_enhanced_w10.csv,max_Z4 + X_mean + X_diff,5,0.4009455637294772,0.3921761341826747,0.5546819603226402
desc_E_enhanced_w10.csv,max_Z + X_mean + X_diff,5,0.4009455637294772,0.3921761341826747,0.5546819603226402
desc_E_enhanced_w05.csv,max_Z4 + max_Z,4,0.4000387560181554,0.44730202605092195,0.5177894538388109
desc_E_enhanced_w05.csv,max_mass + X_diff + radius_diff,5,0.39981950417980316,0.4314944726026825,0.5328945013441221
desc_E_enhanced_w05.csv,Wr + X_mean,5,0.3998048664505115,0.4481215374253469,0.5201587499560733
desc_E_enhanced_w05.csv,max_Z4 + X_mean,4,0.3988695084048488,0.4214476094912062,0.5520739742433182
desc_E_enhanced_w05.csv,max_Z + X_mean,4,0.3988695084048488,0.4214476094912062,0.5520739742433182
desc_E_enhanced_w05.csv,max_Z4 + max_Z + radius_diff,5,0.39805155534369185,0.4109147653431817,0.5289868379843357
desc_E_enhanced_w05.csv,max_mass + max_Z4 + X_mean,5,0.39772175776921725,0.42035080488789756,0.5499601526597535
desc_E_enhanced_w05.csv,max_mass + max_Z + X_mean,5,0.39772175776921725,0.42035080488789756,0.5499601526597535
desc_E_enhanced_w05.csv,max_mass + X_mean,4,0.3968608760530713,0.42670384192644895,0.5518063711638403
desc_E_enhanced_w10.csv,X_mean + X_diff,4,0.3968396843686569,0.3763363201046772,0.5476564693354598
desc_E_enhanced_w05.csv,max_mass + max_Z,4,0.39557414344542563,0.437838983312851,0.5177655172926008
desc_E_enhanced_w05.csv,max_mass + max_Z4,4,0.39557414344542563,0.437838983312851,0.5177655172926008
desc_E_enhanced_w05.csv,max_mass + max_Z + radius_diff,5,0.3943942351281774,0.40744587909214025,0.5322305321789751
desc_E_enhanced_w05.csv,max_mass + max_Z4 + radius_diff,5,0.3943942351281774,0.40744587909214025,0.5322305321789751
desc_E_enhanced_w05.csv,Wr + X_diff,5,0.3942735697334987,0.4574300114368227,0.5190312047919842
desc_E_enhanced_w05.csv,max_mass + X_diff,4,0.3936588091944816,0.44755516910065674,0.5356056896604674
desc_E_enhanced_w05.csv,max_Z + X_mean + radius_diff,5,0.39144906947565694,0.3997916323409949,0.5462529377937317
desc_E_enhanced_w05.csv,max_Z4 + X_mean + radius_diff,5,0.39144906947565694,0.3997916323409949,0.5462529377937317
desc_E_enhanced_w10.csv,X_mean + X_diff + radius_diff,5,0.3906123592295052,0.3976555541926078,0.5505574296315511
desc_E_enhanced_w05_w10.csv,X_mean + X_diff + radius_diff,7,0.3898149602963228,0.3877498600990774,0.5556089304095567
desc_E_enhanced_w05.csv,max_Z + X_diff,4,0.38961007306213036,0.44503594395384705,0.5373032911233229
desc_E_enhanced_w05.csv,max_Z4 + X_diff,4,0.38961007306213036,0.44503594395384705,0.5373032911233229
desc_E_enhanced_w05.csv,max_mass + X_mean + radius_diff,5,0.38724205759023456,0.4039858136615687,0.5462240686753784
desc_E_enhanced_w05.csv,X_mean + X_diff + radius_diff,5,0.3843195282899948,0.39007876794521945,0.5364518171994374
desc_E_enhanced_w05.csv,max_Z4 + radius_diff,4,0.3834044607197057,0.39696708910993406,0.5364147914347023
desc_E_enhanced_w05.csv,max_Z + radius_diff,4,0.3834044607197057,0.39696708910993406,0.5364147914347023
desc_E_enhanced_w05.csv,max_mass + radius_diff,4,0.3820672378942128,0.40041569983996017,0.5389423213342224
desc_E_enhanced_w05.csv,max_Z + X_mean + X_diff,5,0.3784575682512179,0.41122718196037367,0.5521067747973434
desc_E_enhanced_w05.csv,max_Z4 + X_mean + X_diff,5,0.3784575682512179,0.41122718196037367,0.5521067747973434
desc_E_enhanced_w05.csv,X_mean + radius_diff,4,0.3782676531317052,0.39487036897774963,0.5613594624490449
desc_E_enhanced_w05.csv,max_mass + X_mean + X_diff,5,0.3738468635681039,0.41491100374792056,0.5520256812981886
desc_E_enhanced_w10.csv,Wr + X_mean + X_diff,6,0.36987759194543246,0.35492669508868724,0.5383819388379955
desc_E_enhanced_w05.csv,X_mean + X_diff,4,0.36547461199676934,0.4122125749086004,0.5593790124209241
