uid,Formula,alpha_R,heavy1_el,heavy2_el,heavy1_mass,heavy2_mass,n_elements,A_WM_VBM,A_WM_CBM,B_WMp_VBM,B_WMp_CBM,C_pfrac_h1_VBM,C_pfrac_h1_CBM,C_pfrac_h2_VBM,C_pfrac_h2_CBM,D_wm_h1_VBM,D_wm_h1_CBM,D_wm_h2_VBM,D_wm_h2_CBM,E_pfrac_VBM,E_pfrac_CBM,F_ph1_VBM,F_ph1_CBM,F_ph2_VBM,F_ph2_CBM
001e03f2c095,SSeW,3.288,W,Se,183.84,78.96,3,154.01274139554604,158.99504935428067,12.927895065209166,13.586669543328824,0.22238830121046863,0.15634783025132978,0.4391094387180135,0.6938505317493202,143.0476790462967,145.6123160789883,6.482732094056846,11.306691749064022,0.224009385476083,0.19442028188538346,2.875012621779067,2.1242463034412875,5.676760745889373,9.427117887340998
03bcf7dcdaf2,Sn2Te2,4.804,Te,Sn,127.6,118.71,2,123.66362482145692,120.70503722180328,85.22193767429206,100.15686582748421,0.7866533247811673,0.13295021445592328,0.21334667521883266,0.8670497855440766,71.10039676241867,28.635179921495833,52.56322805903825,92.06985730030745,0.6785544244677716,0.8358953535587912,67.04012061577528,13.315876790997159,18.18181705851679,86.84098903648704
04fdd7d1ec5c,ClSbTe,1.018,Te,Sb,127.6,121.76,3,97.47807333865761,108.85198956036622,83.63874360236035,99.61904421194114,0.7035496736341746,0.3554700415385989,0.16531098003428105,0.5866181906273402,59.77952225405849,41.91113975208171,26.60019031109126,60.850575698852474,0.8840911585585108,0.9201929583105101,58.84401076461304,35.41158578405424,13.826402673742143,58.43834346763392
05a06afa3b20,WMo3Se8,1.643,W,Mo,183.84,95.94,3,107.55325866718361,104.7225927244669,18.78310997739283,14.492474241052422,0.043166719326293984,0.036352780832164956,0.07171887826005384,0.06385683925589428,32.3608662489082,25.083191411957515,57.24482836669472,64.70994942515397,0.22900368299032436,0.17766113078223006,0.8108052364690284,0.5268417398007749,1.347103577813839,0.9254435980310729
0b7696e1f4c9,CrW3Se8,1.756,W,Se,183.84,78.96,3,119.81943030722792,101.56165929685558,15.355365489880523,13.034409721767705,0.12311129133245104,0.13394137545443965,0.8720043084459179,0.8549365229797358,87.56346976280484,63.14850077477945,14.717169271208718,12.52625324513434,0.18130424254038618,0.1534142461286447,1.8904188743409458,1.7458467663702864,13.38994486493758,11.143592926621347
0c0fbdaf8f4a,ClSbSe,2.682,Sb,Se,121.76,78.96,3,76.22026915401341,100.01995574337339,51.82641041953735,87.99133029700047,0.1327688493841756,0.8313120716022381,0.6579369731230661,0.13689549113668184,30.818608543881307,74.5947716331905,34.341439384369636,21.219635710437522,0.7943110472668419,0.8322172034831463,6.880932879114024,73.14825507223624,34.09851159926414,12.045616376777872
0f02957b17cf,ISbTe,3.658,Te,I,127.6,126.90447,3,126.2384349629103,124.31628621792291,107.72386966762238,108.12894664661658,0.460154858654451,0.22698130495362792,0.4934962355792344,0.17621872640245145,50.27896655275519,34.787051883098826,53.70908622375941,23.783818756580075,0.848391125348033,0.8724804784156919,49.569662020615276,24.543249413110242,53.16132416299972,19.054345265305397
114b3382699c,AsITe,0.579,Te,I,127.6,126.90447,3,123.60198797569801,100.78256573159332,119.0834989572903,90.11073320445401,0.2526792101527626,0.3672706710951392,0.7326565135750237,0.2246645506148315,30.91027922210989,40.73030922807476,87.68908764128327,22.0834293849184,0.9466262309905493,0.9096856795947482,30.089924458755444,33.09502945687487,87.24730117036329,20.244687380951635
11db0908d9ef,BiBrSe,0.393,Bi,Br,208.9804,79.904,3,93.95054861614436,143.91808390699256,77.71208840440876,136.035279464047,0.09667507784802618,0.7363620012947782,0.44208873032283713,0.09199140399221695,23.439962180652234,104.15024480213916,34.45117430494004,13.491613552259041,0.9198579768745667,0.9316661883508595,7.5128221962289095,100.17121063284009,34.35563849344114,12.514076350371282
159f028a85d0,CrMo3Te8,0.896,Te,Mo,127.6,95.94,3,92.29505337172574,84.13341619554562,31.834846975193617,15.51015528320551,0.9295675285111101,0.9384658717868487,0.06444782113350596,0.052470987917505194,31.723143155446312,16.904423298913045,46.945662417730546,48.296123732881796,0.25696647107022974,0.12525950310503062,29.59264002326012,14.555751399402856,2.0516865236698116,0.8138331704637056
1667d1443160,TiHf3Te8,1.512,Hf,Te,178.49,127.6,3,129.47753905242502,115.95100773906255,91.6339822850022,20.505162992197572,0.09883587118964458,0.17342092745696214,0.8966530011926747,0.8178889381750654,39.38537552629774,75.86368430044139,84.47790324575305,20.108695766209603,0.7032942480989642,0.15507922849140787,9.056724469714652,3.55602438376308,82.16388522708361,16.77094598679512
18e377cce57f,Ti2Zr2Te8,1.855,Te,Zr,127.6,91.224,3,104.33684509594957,70.52919093647664,80.31624716385886,15.303600248332206,0.9776553447643396,0.9637231990435263,0.012163810574659123,0.0208557462140829,80.84740466796998,17.55038676693647,12.520999247648017,24.607645963540783,0.6431649598769135,0.12401235044377834,78.52160831116035,14.748434588206017,0.9769516165686822,0.3191680029409925
18e62ba75259,BrSbTe,2.631,Te,Sb,127.6,121.76,3,110.11322497028806,118.020408357902,90.31464802289489,100.07378398975052,0.5862775367938932,0.26963767393432186,0.12202743291325115,0.6528554863642942,53.66248388731111,39.840320457957475,29.528192197448686,67.56019336126992,0.83517716605127,0.8451200771706139,52.94944937927027,26.983662336802112,11.020864652697696,65.3337189189439
1a3bdd1b142a,HgTe,0.618,Hg,Te,200.59,127.6,2,147.0883146890586,156.40924192612647,111.72923118587606,82.63777852006822,0.1859563792259459,0.20022643965300618,0.8140436207740541,0.7997735603469938,53.55748792270531,79.17311738541869,93.53082676635327,77.23612454070779,0.8163718961430929,0.6004465462984125,20.77676328502415,16.54626817390693,90.95246790085191,66.09151034616129
1a3be826b3e0,AsClSe,3.717,Se,As,78.96,74.9216,3,62.39472886925788,70.02971972837508,49.33936861315716,58.00229619401778,0.6507482038328919,0.17297746879521442,0.09514397305134557,0.7591690866975092,32.4203620727825,19.864472109943407,17.232565844067484,44.85847520129345,0.8229245148495816,0.8258043654001617,32.10750550326099,10.033090379951494,4.6943435577006305,44.03355022797089
1dcd471c2288,AsBrS,3.109,Br,As,79.904,74.9216,3,58.177741350184945,68.76495509524416,44.42173743080933,62.4073413912273,0.6450196769729192,0.23987753354357214,0.04792385407284173,0.7110999174393562,28.878170269500924,18.375341953027768,15.424670656679426,44.925982915260164,0.81239137651136,0.8750866369111423,28.65289472819647,14.970119127939284,2.1288608622961975,44.37785531091145
20f098bd3f31,O2Pb2,1.914,Pb,O,207.2,15.9994,2,55.05424966214527,133.9849494551926,31.81268817536369,113.52275282420898,0.6024477396442371,0.9463614888918341,0.39755226035576297,0.05363851110816581,42.32290510592801,127.85841596269,12.731344556217255,6.126533492502595,0.8829775241595053,0.8990904811171163,19.165482083254805,107.43356138581808,12.647206092108886,6.089191438390895
211bcb7f05d6,GeSe,0.94,Se,Ge,78.96,72.64,2,77.00756820320133,75.38678554840199,69.93816626921259,56.171994486372895,0.7707785130413475,0.4444420813336111,0.2292214869586526,0.5555579186663888,54.56695970328751,34.31743463636413,22.44060849991382,41.069350912037855,0.9034063151276183,0.7457842356027244,53.906835801822204,24.9651981421837,16.03133046739039,31.206796344189193
24d6cc0a0fed,MoW3Se8,2.097,W,Mo,183.84,95.94,3,142.51090363719686,138.78531312074531,17.77603327413444,15.961197052255464,0.1034537947669803,0.1152437898406549,0.019276130422750375,0.02131029974203559,105.05171973835272,96.84778413713002,20.449735056287096,25.84408650288116,0.21107202868778394,0.18809030634768126,1.8389980981133174,1.8394288386954094,0.34265313579136586,0.34013789342525885
287dcf4f1a19,Bi2P2S6,1.406,Bi,S,208.9804,32.065,3,52.95233155625633,116.56600387301056,39.072340771009216,111.03518233597106,0.3498893636748771,0.8742788918454515,0.5955180126929766,0.10190619065307799,24.848548329581796,99.9484735928241,23.886798381136856,13.443298068482475,0.8599441662300487,0.9027750754848929,13.670996449656371,97.07571616855043,23.26828272721417,11.315172460328744
2d41b3dd1772,BiITe,2.086,Bi,Te,208.9804,127.6,3,139.01025672610828,168.0666431560744,119.46430219386676,156.86937532745873,0.094506141349644,0.6492557456225931,0.46899555244018226,0.2466232698108641,30.038293785388355,104.18587105568335,56.57969798201344,44.71434276014936,0.9040246564075758,0.919259222337323,11.290110229370157,101.84834324357963,56.02822640429342,38.68763827644556
2ea941c8bc3c,MoSTe,2.525,Te,Mo,127.6,95.94,3,91.20457613977048,96.82317421565303,20.495175023260618,23.545946761232443,0.6946723807498082,0.8579987008209125,0.09652080505209824,0.03911613961003718,15.608673627623277,23.28380823119512,71.2746026051897,71.08260524856621,0.2656621523829215,0.24347653372836892,14.23743202729246,20.20239173073581,1.9782107929287711,0.921026540762871
2f6f133abcc8,MoW3S8,2.241,W,Mo,183.84,95.94,3,133.45573620975708,125.91214780208361,8.623908338459817,9.34662320703426,0.22174662600583825,0.23924436493179543,0.04256627928290237,0.04590938351072017,105.68923661987584,91.58843705840582,21.23161875734019,27.386465708539635,0.21209197845012398,0.22500645648260575,1.9123225770370789,2.2361269334236926,0.36708769084503107,0.42909770934193314
304bc6a92d82,BiBrTe,1.13,Bi,Te,208.9804,127.6,3,132.0976539989391,163.92368276574268,110.96693435129839,152.45366961297438,0.2146693849374178,0.6821565143171925,0.5981070467178079,0.2708526633747904,43.811446865782266,106.87149847677611,67.23929826547807,48.18354730443353,0.8941369584845804,0.9109066585302883,23.821203545584044,103.99726385805148,66.37010538818394,41.29248245593446
323fb700d903,WMo3Te8,1.501,W,Te,183.84,127.6,3,119.4754926704501,115.26093447244257,38.18761718051479,17.620114938974076,0.03446493005915295,0.03093628807915332,0.9117152028726929,0.9210442273884423,30.240658432387967,30.385819533964717,36.58094157852362,19.315184327983516,0.3014358700618786,0.13897000622964714,1.31613355525215,0.545100951739895,34.816231144957776,16.22890515046293
343d2125478e,ISbSe,1.17,I,Sb,126.90447,121.76,3,112.05463514007357,108.85229523662531,99.95906261711636,100.17031473367777,0.7446724049675226,0.21039787247054098,0.02383534661449358,0.5705722849148209,74.84278989852125,23.290375488777276,13.709527312019054,60.00719271806388,0.8991816494298284,0.9133427007098202,74.43675555738723,21.075621104670287,2.3825589047388362,57.15440535823127
3995fa1bee6e,Pb2Te6,3.064,Pb,Te,207.2,127.6,2,139.34618111567548,140.06548567713125,120.99981470306079,118.07746978225335,0.1360893318587982,0.21409280205042847,0.8639106681412018,0.7859071979495715,30.57548652221062,32.447847139467264,108.77069459346487,107.61763853766398,0.8986972744902609,0.8492620158711233,16.46678393797793,25.279536364707415,104.53303076508286,92.79793341754593
3bc08d486d65,PbTe,2.18,Pb,Te,207.2,127.6,2,146.90084875503672,172.08225400869563,133.41803460436722,137.35785034052657,0.2848423940113663,0.6698998061232646,0.7151576059886338,0.3301001938767354,50.240400276929755,115.78797777137854,96.66044847810697,56.29427623731709,0.9311785526870192,0.7994363268899549,38.00311238099927,92.01599731262715,95.41492222336795,45.341853027899425
3e1923c616ad,TiHf3Se8,1.256,Hf,Se,178.49,78.96,3,92.99342480944989,107.31091143887278,67.85762561878407,14.949931035003248,0.13322053121930497,0.3027594158512337,0.8610009473814206,0.6804013872253866,29.617627443108823,74.6362512043732,59.55477516883102,12.248977381015049,0.7987767433307077,0.15944185782909334,9.040028932215131,4.526232387173813,58.42547994482684,10.17195381514007
3fb52099b370,MoCr3S8,1.221,Mo,Cr,95.94,51.9961,3,55.3827052037505,51.28322016490735,5.4528554357139365,3.7809422323253585,0.1028323749017315,0.030565240847946467,0.06339381523203484,0.10342307664781578,13.813382004963355,2.9822011986963037,36.83881361170428,44.95660838740969,0.15428122405671896,0.11084076633416923,0.56073007445028,0.11556540996319695,0.3456773099786461,0.39103667829474925
40034665f9f1,BiIS,1.254,Bi,I,208.9804,126.90447,3,114.3147439984661,142.23375253799117,103.92671558402895,135.03062195406736,0.038491641085213225,0.772549375650349,0.9035901250059302,0.16487866467487752,13.922897588367807,108.96744490067992,94.28652361361296,23.979747467004835,0.9468453737513559,0.9381116900544377,4.000309835425479,104.31782268429305,93.90715392602847,22.263668638004827
433f707c632c,BiISe,1.255,Bi,I,208.9804,126.90447,3,119.11624581008329,151.4701567557716,106.49865046104402,143.14347005190126,0.028066868586885757,0.6900874265301091,0.7615628675771122,0.14696503128730548,15.122060773332972,102.8209381915053,81.38656911525587,22.600637392477985,0.9371497425628621,0.9338553284954838,2.989083627170803,98.78150887270628,81.10541763820522,21.037084554751143
449640ec4d30,Mo2W2S8,1.954,W,Mo,183.84,95.94,3,116.2674951533325,106.98945931871296,8.020443232289832,8.618726578885276,0.1353921159732662,0.17070216654607753,0.08952286330135922,0.09068530199839549,69.16851576050095,50.582735678870435,40.701407836333544,49.812591456332065,0.20726338805496444,0.21468056786782738,1.085904780263183,1.4712352998839795,0.7180130431005943,0.7815918226478092
49b7be14f786,BiBrS,1.293,Bi,Br,208.9804,79.904,3,78.55637643345196,148.28462199320896,46.57232883290124,142.96996534758748,0.1401188142264372,0.8822301481133058,0.501529835121864,0.08022658445934026,38.303680778595776,127.50854384935454,23.49206301469331,13.822157507025938,0.8440266668986302,0.9145043455561068,6.525659491829835,126.1324137043563,23.357412400806194,11.469992000107178
4c49d27e66e5,ISSb,0.907,I,Sb,126.90447,121.76,3,104.8350447574946,96.72559940768829,94.0426499166405,89.84402786991095,0.8945377156442328,0.24502714786153387,0.030286375315552866,0.662597052283363,84.51066399156173,24.43088356532092,13.049166843446715,62.99113520650184,0.9067714092588202,0.9212175840416547,84.12469722956189,22.01422590135644,2.8482109910445206,59.530388031867304
4cb4ea247ef4,Ga2P2Te6,3.828,Te,Ga,127.6,69.723,3,111.39450132576447,101.51737279794347,93.92282174053817,80.55647017454552,0.9753817450274498,0.9595980249489618,0.011512674675601494,0.025796115352490403,96.1061100280117,84.1944238696921,13.753299330548549,12.211449764991348,0.7732005190484386,0.6736048722630876,91.61060576718822,77.30182967635383,1.0813028913133271,2.078043997012029
4da5c6be60db,BrSSb,2.39,Sb,Br,121.76,79.904,3,68.5078899532752,98.55954101157256,42.611276999977534,91.14875476565149,0.07802573744574419,0.8251959625641478,0.5930453821043872,0.14920957000575383,28.694159567122053,75.78577020294581,25.56383562446425,17.816166220881104,0.7806803560540508,0.8606994436980863,3.3247763114281255,75.21558442536524,25.270421050407563,13.600266505142763
4f1ab08988cc,TiZr3Te8,1.679,Te,Zr,127.6,91.224,3,110.65561877067681,80.9145100704815,86.08757069283936,16.75936298097871,0.9772137369327313,0.9618777987597942,0.017903195594895786,0.029682340639428234,86.50976988770492,19.268667823313024,18.371331955295517,44.199486765905874,0.6849715466889554,0.13474401937250613,84.12595666021024,16.120459172760185,1.5412426164033213,0.4974571209012335
4fd8ad708fb0,AsClTe,2.895,Te,As,127.6,74.9216,3,82.17601885655887,86.22842968916646,72.49640950855168,70.46708987911208,0.6781735631485272,0.3852888215838968,0.15650746025396134,0.5579347623437614,50.405466607755365,40.678560125283795,19.594677844521417,40.62120482039698,0.8748022705579596,0.850388063665775,49.16514835188926,27.150182019969638,11.346228929714558,39.316039044758874
52a5e2b280d4,ZrTi3Se8,1.091,Zr,Se,91.224,78.96,3,72.2055369567278,56.735660566560114,57.69402109964075,8.813376320815506,0.010169633419896386,0.02246949937094965,0.966903683494216,0.9198192360947974,4.036813856742806,10.50811616107055,56.93489493903231,9.83884445933401,0.7405566209593908,0.11546536297938627,0.5867270451031138,0.19803215369650654,55.78456151683566,8.106713074828495
548aa830244c,Cr2W2Se8,1.39,W,Se,183.84,78.96,3,92.85311541556766,77.24921862795917,14.255671323249318,11.494092655014823,0.1250473528405054,0.08807611962445445,0.86309897020346,0.8914085769791361,50.48151674855705,29.672922022128784,13.626711670226767,11.633469320340245,0.16877299400649012,0.1398028194256778,1.7826339619366318,1.0123550796576488,12.304055238655483,10.245932777273104
5974b6403c31,Cr2W2S8,1.592,W,Cr,183.84,51.9961,3,85.63767579995144,65.35979824801579,7.004788032246662,5.9981777082831575,0.26755934151055083,0.16975103064840522,0.02476741628146776,0.051928752673479184,51.36974836657871,22.854439995229374,29.12125640564658,37.63595935780319,0.16812670758218465,0.157123881369535,1.874196473328904,1.0181968479933552,0.17349050115809647,0.31147788670501225
5b94060698bc,ISSb,2.844,I,Sb,126.90447,121.76,3,91.77460395709403,108.18292674928892,72.79216983116281,98.9002735474576,0.7934890944102916,0.2725969501499537,0.05149894493730596,0.693111485025984,58.153451914596744,32.53866829852441,22.058937996685707,70.31905180856268,0.8378311435722494,0.881194264676874,57.75979291948953,26.959912938033085,3.7487199460020775,68.54891546795437
5c3fe56a1a89,MoW3Te8,2.045,W,Te,183.84,127.6,3,151.53037016357382,151.73084363413517,37.26518945285599,18.459101193788065,0.09597753034891826,0.09438362679037983,0.8873177305128486,0.8899142893485199,98.1112458368047,106.27339798711363,34.98372133857181,20.062976456747908,0.28508198681466557,0.14123642572627182,3.576620851669675,1.7422369179603474,33.06606333243952,16.42701792088232
5d1a32a28ffa,P2Sb2Se6,2.546,Sb,Se,121.76,78.96,3,80.63270957558288,77.2981367763247,64.07550256148288,65.63578411272542,0.07218303597178297,0.4015027817170871,0.9129171459515968,0.5131752299567018,17.219601135600843,27.874913506315465,60.58583070391175,42.02598338054247,0.8096352520917903,0.8238161694562693,4.6251643063055905,26.352949901441445,58.49562492384318,33.6826586054363
5d829e480507,AsISe,1.626,I,Se,126.90447,78.96,3,103.13314394064152,89.15000890547961,94.8670218726421,77.94292128633074,0.684569747852024,0.3591380345775086,0.2911834570915035,0.14193834136303285,65.36550608658015,32.6257217456594,28.084742897738927,16.89697200006487,0.8922939066570377,0.8797309545139917,64.94309324282705,27.992267560002283,27.623707392851205,11.063088968371213
5e4ff1f56b4a,PbS,1.241,Pb,S,207.2,32.065,2,76.83301888595977,134.5255320863921,56.327114307172806,100.9646023269831,0.5776872242227059,0.8919540760446736,0.422312775777294,0.1080459239553264,52.96447605087998,121.21975760584947,23.868542835079793,13.305774480542643,0.8989011752508484,0.774841563510968,32.539454312585725,90.05578858178211,23.787659994587077,10.908813745200987
60065d3bbcf2,Cr2Mo2Se8,1.173,Mo,Se,95.94,78.96,3,68.67865261884646,62.40234196326588,12.969976169803097,9.440639572172763,0.07475328769871961,0.04063160179694481,0.9148159208788005,0.9324423714793793,26.75788690490317,15.491183582348068,12.962377864247253,9.695020613784276,0.16297538792694538,0.12037197657623792,0.9695483600668283,0.38358830780500314,11.865140693554517,8.802852350958844
62bb754c4cb2,Cr2W2Te8,1.535,W,Te,183.84,127.6,3,104.30975647048695,87.61163940735224,27.782113683865315,13.000097809337717,0.08945472251937533,0.08075249986811775,0.8981171396144045,0.9038087607779179,50.50784336223963,38.46714309844449,27.157685653255875,13.549527816593217,0.2157043936857912,0.10165187414584712,2.4852412705919122,1.0497903966340618,24.951592474195323,11.749602291049248
644f7c1c85c7,CrMo3S8,1.46,Mo,Cr,95.94,51.9961,3,71.16281349818914,63.802827072895205,6.841965294323769,5.535759726994817,0.1899531028849065,0.16119534710339908,0.012057217600710457,0.03377923736869721,49.479670795533984,31.971261690319192,16.057648278058057,27.267040148304385,0.18540651134918334,0.15187835832826244,1.2996525374876424,0.8923387106739472,0.08249506437017065,0.18699374183423237
6523c349753c,WCr3Te8,0.99,W,Te,183.84,127.6,3,82.05741368086576,66.35727919569194,22.646192010457685,11.429277870558936,0.04649254523846723,0.027953127720516134,0.9315077887026615,0.9415102609326782,22.835846392276437,9.973199627432239,23.09543532267319,12.166494740991798,0.18063093717315118,0.09278224941709082,1.052879106525219,0.3194840640690026,21.09510424219732,10.760782390182028
671e6de2497a,AsBrTe,0.694,Te,Br,127.6,79.904,3,94.20806967401671,91.93353614851787,88.37902756186986,81.73138723693911,0.4434135556017985,0.37773382124532623,0.4912506563183908,0.167578975902306,40.12919893942077,38.98277607694456,43.61372383765842,14.726718792677367,0.9275462117757319,0.909375314729425,39.188458851838064,30.872709216690495,43.41625529454972,13.696462172241059
6e2a4c6f4f57,SeTeW,1.394,W,Te,183.84,127.6,3,161.61025467817916,171.81034496167868,27.11579410489751,15.706402652104137,0.15689966309979847,0.11885712247915474,0.41138520230609155,0.6264859085906845,136.66612949651878,154.06653406999723,12.284551083771866,13.001324204323204,0.2588201614869204,0.13792464260116344,4.254458959741921,1.8668178237280622,11.155036443533588,9.839839936194597
70cbc0e44d36,BiISe,2.089,Bi,I,208.9804,126.90447,3,117.56575470194394,158.51876742849916,98.42216748647766,149.60845255760972,0.05104209151106982,0.7433905399077361,0.6388253467005707,0.13967471814917476,23.73268476634031,113.23780049436313,63.10247679372929,24.103015746493206,0.9060614974704904,0.9184150831842451,5.023673279562634,111.2175083215624,62.87457526757073,20.89651844371832
70e7ab872359,HfZr3Se8,0.95,Hf,Zr,178.49,91.224,3,85.81918694039848,104.26700902038199,68.48971670212956,15.636243353868839,0.04659493902473711,0.13326045771791997,0.022711519342576876,0.06857745691343632,9.550906868807,31.46002721250552,11.405889925323022,57.752862993890865,0.8422121530840236,0.1814864790882361,3.1912741735572454,2.0836929463253457,1.555505525648026,1.0722938048879453
72b286460831,Cr2Mo2S8,1.344,Mo,Cr,95.94,51.9961,3,62.06652769761668,55.59814194631415,6.692691593137599,4.940893161278502,0.20012388732743724,0.08674852063756947,0.027899703278820857,0.06771469548071753,29.254789176147128,13.691126745382919,27.455592141344145,37.61318647345078,0.17868054483987267,0.14119076745652373,1.3393674583023554,0.42861517236919394,0.18672410958519786,0.3345710758187335
75ee10091f43,STeW,3.947,W,Te,183.84,127.6,3,151.33151043548384,169.76342130438667,22.420367789510934,15.732716303944622,0.24656167192024478,0.14115225569554604,0.5029751691495606,0.7721925368282551,133.16875474755045,151.4777669101739,12.454513091368394,16.88390928769311,0.293574412341913,0.14980615271423614,5.528003367248618,2.2207083945198773,11.276888281324624,12.148686113942247
7a8373382b33,S2Sn2,4.469,Sn,S,118.71,32.065,2,69.54133928233624,98.23507307711749,37.53551031159624,86.22890565693531,0.5290391989673778,0.9529792795487956,0.4709608010326222,0.0470207204512045,51.34533136598921,90.65784955836595,18.196007916347032,7.577223518751539,0.7185895220588732,0.8186754780085288,19.857756308078628,82.17436038922727,17.677754003517617,4.054545267708042
7fe9c5cb910c,BiClSe,0.746,Bi,Se,208.9804,78.96,3,85.26745945361913,137.3857200372405,67.45248392762481,129.7088286480629,0.20249590253786337,0.7708502197083655,0.6403031909222129,0.19042360853750528,31.1421499574289,104.39178773834858,43.47636115717999,27.67826294819969,0.9114345157094903,0.9329431043979801,13.65885161134511,99.98607906147403,43.19004069448744,24.69962321033708
81af2831dbb2,Hf2Zr2Se8,0.698,Hf,Zr,178.49,91.224,3,90.98128700607862,120.70955090904125,68.98889021643635,17.484447396611863,0.08745892568236767,0.24134093936557224,0.013530375429865136,0.04267683612746096,19.569597858142394,65.1172887982838,8.247971490784082,40.45498869897496,0.8295197197316269,0.19036380645799403,6.033694222348329,4.219712958986241,0.9334455851181336,0.7461808963244159
82b85dfd7723,P2Sb2Te6,2.596,Te,Sb,127.6,121.76,3,118.67080238330922,103.33789259804229,102.06201540772693,88.40855562861293,0.9464465172845002,0.7095993151484004,0.04438228681395084,0.2296120678039065,99.88169936064027,74.15221803535036,16.175522323066986,21.742688088446595,0.8244461820584097,0.8318788232153959,96.59623902968016,62.73465052732299,4.529745640635606,20.299671269442513
846b50801a93,Ti2Zr2Se8,1.767,Zr,Se,91.224,78.96,3,75.09209087777792,63.663528450293896,59.934508757703206,10.230476506797427,0.018064605671665946,0.04609153104340312,0.9684433616478544,0.9158756023855233,8.243730673316707,23.917570494223224,59.18763533156059,11.247274720295817,0.7638579163771706,0.13196337355032484,1.0826932668329177,0.4715383255018599,58.04317714002286,9.369843833354038
899032b4ad0c,MoCr3Te8,1.409,Te,Mo,127.6,95.94,3,72.56553498314436,66.04588054446813,23.204113221103864,12.419108386191944,0.9502379883550774,0.9535644732725458,0.026611101481311114,0.017966217313864434,24.07254764102779,13.555944937403886,13.76811279404931,13.138263513913492,0.18956882722248664,0.10193441139181726,22.049429868785193,11.842420546793777,0.6174870117106278,0.22312440011076068
916afba26723,STeW,3.622,W,Te,183.84,127.6,3,159.5881601477706,150.8746466309151,18.29763067515441,34.73707063613877,0.15479356755176366,0.07495062966209232,0.6357848872502077,0.810272732604047,142.30899862381355,115.58592585609959,13.40365439238759,31.232493889637823,0.22608183987075953,0.3590873032806925,2.832355529951737,2.603565316795178,11.633357055748986,28.14650114700396
961c37d6e527,MoCr3Se8,0.977,Mo,Se,95.94,78.96,3,62.57779494181402,57.031805891590345,12.438760708228985,8.98533821455863,0.041662124142759355,0.015271831344859816,0.9300782492154883,0.9422174566683607,13.54546491505344,4.09680700177896,12.818586827064738,9.251344327593296,0.15867944792164904,0.11599713363282792,0.5182251928083133,0.1372225697892632,11.569020781920022,8.46614251982646
968a6902b7f5,BiClTe,1.175,Bi,Te,208.9804,127.6,3,131.15170060747798,162.12735012165996,111.88338296792878,150.9166379096913,0.293508635627954,0.698989589930017,0.6518246222384168,0.284799532914238,50.7942899515313,108.98663393664455,74.11362047865445,50.095916073728226,0.901195181671016,0.9106283567992831,32.83873908435664,105.48915884611199,72.92834383782629,42.98098798566726
988b11badabb,Cr2Mo2Te8,1.105,Te,Mo,127.6,95.94,3,80.4155106398626,71.74683064629657,26.219062957263,12.797692950838753,0.9384652789123625,0.941763884569325,0.04927493230946869,0.04070356544940695,26.45257650356993,13.82356784271453,27.827712016736502,25.238602692073506,0.21248264128938393,0.10419939260489264,24.605680231008613,12.052405026907373,1.2919425524368322,0.5209117326258792
99fd027b1d0b,BiClS,0.461,Bi,Cl,208.9804,35.453,3,56.20185311811578,125.79359384195013,37.73368999480964,119.3483890838533,0.22882419313673275,0.8786855442090389,0.35163555869971164,0.04515704464434971,27.009791028825845,110.0719455609774,13.303469407058587,5.709166499604798,0.909282666768928,0.9372956282273631,8.63438116713392,104.86970421261776,13.268507163126605,5.3894205340907835
9c2979187585,WMo3S8,1.816,W,Mo,183.84,95.94,3,99.11421266171963,93.85226599282525,7.720703674808055,7.948075209606495,0.07344511622573285,0.07782301015045237,0.13032933668058805,0.1471443529852124,32.99348367332776,22.155044281374547,59.795043214639485,65.33151209051154,0.20529012181211795,0.207664962128622,0.5670479787407203,0.6185431377137651,1.0062341886451125,1.1695143841953541
a0dbdc6630fa,PbSe,1.603,Pb,Se,207.2,78.96,2,107.53612807442983,149.6415381499425,92.51684850522378,116.40916635261766,0.3414074592432469,0.7521372556565216,0.6585925407567531,0.24786274434347835,46.17103662680802,114.20161185798571,61.36509144762181,35.43992629195678,0.9241098190833938,0.7879851211433209,31.585942185360835,87.55567091372134,60.93090631986294,28.853495438896314
a148361e5e9a,TiZr3Se8,1.321,Zr,Se,91.224,78.96,3,78.01800998944199,73.21339319702074,63.34244113755318,11.397019982350766,0.025385837440651128,0.0672340119044139,0.968424968994911,0.9120530571955328,11.679787946862344,42.98909824471921,62.470743153088755,12.480285573038028,0.8026965681371502,0.1449765152582613,1.6080009138119378,0.7662673771682145,61.342401594696916,10.394686917821593
a1d716aad84d,Mo2W2Se8,1.784,W,Mo,183.84,95.94,3,125.42522072534729,118.65200269170896,16.95663611978102,15.290301458405919,0.06638062916465412,0.08031876731450181,0.04045310406580365,0.0399172059949224,69.08001156726465,54.5145930961691,39.86394393865361,48.54428866969091,0.20507962466220597,0.18340493645210398,1.1255921741471635,1.2280981650062928,0.6859485655594666,0.6103461130396515
a7233837cfe9,CrMo3Se8,1.311,Mo,Se,95.94,78.96,3,79.19090560240635,73.21542516873645,16.016853061255397,11.723692159647664,0.08850842018856157,0.06848459428553196,0.9054242303013659,0.9178846506084428,47.63346631286236,37.40462818301714,15.745790152850729,11.967291802182979,0.2003083671083162,0.1477262102974496,1.4176263608440414,0.8028923010819422,14.502046854837243,10.760997081799136
a80866a2c6b4,BiClSe,3.032,Bi,Se,208.9804,78.96,3,95.24787294786083,151.01445267466397,69.01252223701823,142.96219457624434,0.23618231331861236,0.8464629179074693,0.6475441334215907,0.13355661831661114,42.18359251195846,123.05081925378776,44.95026894582265,24.29379955515101,0.8702984144182764,0.9014430142409324,16.299537149891144,121.01219637146318,44.68865390720823,19.093547254724562
a84d988e38ac,BiITe,0.467,Bi,Te,208.9804,127.6,3,135.30149246059696,167.17789358457276,122.21222680847784,158.62589795902048,0.0690845167474392,0.624220854102377,0.3968970493475734,0.25627421454224036,20.699183850888183,101.92047937447494,49.08015320090464,44.892451741739,0.934812594962855,0.9417767775687267,8.442972629692125,99.01759350673628,48.505672214481265,40.65172740550554
a9f87eba4b96,CrW3S8,1.909,W,Cr,183.84,51.9961,3,112.90845357065923,91.4298974995493,8.271962183723737,7.237593014263748,0.30467185515103073,0.28117356081705697,0.011385337469803225,0.02246029347059006,90.01565197078794,59.506100132562715,17.030584979892488,26.708112866217725,0.19196013068991447,0.17137706135001857,2.520234064254282,2.0350197995651946,0.09417908099914517,0.1625584631210563
aa9a981d89aa, ,4.457,Bi,Se,208.9804,78.96,3,88.36527775910551,112.9914132886971,71.76558098787419,102.84946621488969,0.17067789517599147,0.6387621157092817,0.8139117310506013,0.32211280332852105,24.031135134537426,67.70780327126704,60.754313574121845,40.059130789757106,0.8340700960545168,0.8638507706444664,12.248798309092518,65.69634263899322,58.410848251692805,33.12912988332013
acdcd16c0d76,BiIS,1.858,Bi,I,208.9804,126.90447,3,102.81688537927053,154.058800871947,83.31541830954208,147.2851339945457,0.05827510569628356,0.8052739438034051,0.8067328044533595,0.15677543048628312,24.011427237526668,120.8064362280653,67.47312081359591,26.391772643725627,0.9036235578633021,0.9238137730702655,4.855214808118643,118.60488071540078,67.21328106706166,23.090690286224795
b13beafa16aa,AsIS,2.033,I,As,126.90447,74.9216,3,90.10574723901303,81.21993652979165,82.17886417334589,73.6080199265515,0.8424015711513118,0.3941311305721273,0.03802743362735571,0.5515291417962228,69.74639183735694,33.925860883921196,10.344410639183055,41.60897419077658,0.8936670822854337,0.8952076420903963,69.22760429505682,29.01121211282742,3.125051302923391,40.59696805941022
b8fb10416122,ZrHf3Se8,0.725,Hf,Zr,178.49,91.224,3,95.66274865923874,139.22686399510775,70.7109422700712,19.866328433064403,0.12438345503858111,0.3561604204429246,0.0065700233692280174,0.020471906814208553,28.966851622031218,102.974453943647,4.092486388630741,21.16967055728909,0.8326247051860165,0.2009389569933805,8.795271308585106,7.075599887377446,0.46457254317450103,0.4067016244221563
badda86cab42,BiClTe,1.458,Bi,Te,208.9804,127.6,3,130.93534610030687,154.72713289948803,118.76643627810506,146.02329352762754,0.2757162880776173,0.6782954565079012,0.6808346756923817,0.28952008716508026,43.68495376818877,102.68248650479048,81.98852169822418,47.09718027314599,0.9359477403697092,0.9378360161127248,32.74584095880599,99.04693654410939,80.86030812654357,42.27667667025083
c04fc052f2ca,Mo2W2Te8,1.645,W,Te,183.84,127.6,3,134.68395498600324,133.32535689885432,38.08162701210692,18.031451319045583,0.06684791923270908,0.06372530553233278,0.8979611282961227,0.9064554320177656,62.31359565452036,67.96144792689245,36.07041065149669,19.711238088338746,0.2958079752151466,0.1399480237647956,2.5456775267554757,1.1490597444975648,34.195820759143636,16.344706995312773
c55716558616,HfTi3Se8,1.191,Hf,Se,178.49,78.96,3,77.40218301586505,64.5388004203401,59.534100449458165,9.541706156161728,0.056270331346169176,0.11033880775169995,0.9221186560167093,0.8402152519508497,10.201513255653886,17.561792463505874,56.04498157362555,9.700008236458181,0.7409042099373613,0.11728845700179799,3.3500035586871304,1.052820481187941,54.89750469361813,8.0170870420404
c798e725e2fb,WCr3Se8,1.16,W,Se,183.84,78.96,3,72.49360304966639,59.12329485372703,11.905026163019325,9.40988953259408,0.06933650307904589,0.03105111115560545,0.9057572971943492,0.9274572095042027,22.84886012501604,5.391957666124632,12.038676427483193,9.54722340122555,0.14675621564812047,0.11962596502188046,0.8254528832083113,0.292187525838547,10.783064320444398,8.727269887642512
c96ef4fc869c,BiClS,1.181,Bi,Cl,208.9804,35.453,3,69.14892223923307,145.63146330662713,36.35083008951067,141.3612568664351,0.27813545730864114,0.9346964729231777,0.247218640984322,0.02539242375287324,42.78269775050723,133.63912016019495,9.057954979018712,4.5239261633566,0.8399466536166024,0.9094579449330604,10.110454750494764,132.12986820104422,8.986602813380829,3.589504936591282
cce78d90e899,Hf2Ti2Se8,1.409,Hf,Se,178.49,78.96,3,85.81180441439706,81.50049152520377,63.49581191218568,11.955999732323626,0.1011379963404192,0.2059573719202656,0.8864311694345315,0.7631720882359809,20.954581045534646,40.07639315008048,57.417021918755964,10.93165394798318,0.7652933296496389,0.13706490422052642,6.421839192806581,2.4624262835487727,56.28466680751381,9.124485282666251
cf7927ab6730,Bi2P2Te6,1.814,Bi,Te,208.9804,127.6,3,124.50907530888671,125.03832181505298,109.76748909646224,111.20272448515155,0.10924166508035414,0.39371909801796434,0.8802161696286619,0.5678974358688231,20.575710560594157,45.790890378377256,100.3741302311808,72.7102793897356,0.8519428236956959,0.8422307722599669,11.991183280587153,43.78263638143407,96.6191188022439,63.151742096744755
d59c96fdfda1,SeSn,0.873,Sn,Se,118.71,78.96,2,92.7063411463871,101.42848022041554,76.49240759997627,77.9190729916325,0.3299071183185151,0.6492104597432228,0.670092881681485,0.35078954025677717,41.05228069151233,67.1002084771202,51.65406045487478,34.32827174329533,0.8617318463089176,0.772294966413053,25.235389764553457,50.58587719966347,51.25701783542282,27.33319579196903
da5fd2bb47af,ClSbTe,2.891,Te,Sb,127.6,121.76,3,100.42691238254743,114.85426454590717,81.7128560689981,97.8444547886032,0.6943216011615924,0.3080000392610561,0.18809384323103942,0.6650934933376769,57.64389791962662,43.18150957886729,32.93612210014398,68.02419862626043,0.8418724917890628,0.8448925848104843,56.7350010613135,30.13609591636642,15.369685139402616,65.07571023907249
dc4259e69783,WCr3S8,1.317,W,Cr,183.84,51.9961,3,65.13273600625158,52.545075241704616,4.788493648524472,3.913331566712691,0.10523869274803598,0.058510641501903056,0.03992965149310892,0.10012179812405295,21.983041579395067,3.6835824418316974,38.920394666016364,45.494665549562136,0.13407648218978901,0.1114644811375034,0.5039348118029887,0.22897154037800688,0.19120288256254775,0.3918097931148919
de5756e4fbfa,BiBrSe,2.784,Bi,Br,208.9804,79.904,3,101.93773026615456,152.61363245105673,75.60282614963789,144.34700166588505,0.1395856609783279,0.8071242360649784,0.30443852231033847,0.06637080871048551,36.4915451293323,118.1604114079056,23.188156181443542,11.70612322916363,0.8708858861095728,0.9086603729103896,10.553070459926818,116.50596344784763,23.016412675481174,9.58042723549859
df0019ec24b5,ISbSe,2.431,I,Sb,126.90447,121.76,3,107.28419312170513,114.02123744573412,88.62012312129104,101.27494102978066,0.6212834456219696,0.23998744590382706,0.036703602918416865,0.6567578870615217,55.45737901968278,29.64923818949454,20.973479389137744,67.87768464886335,0.8444249438246081,0.8702194028528185,55.058215444238876,24.304714431797763,3.25267780962508,66.51311628299896
e688959ea45b,SnTe,0.806,Te,Sn,127.6,118.71,2,124.62452124136756,122.4364645319266,113.77192713823337,94.32006137993935,0.7354005475590342,0.4395972985712529,0.2645994524409658,0.560402701428747,84.89234087722188,53.48671251674185,39.73218036414568,68.94975201518476,0.9092975411969437,0.7702073113614514,83.66793751430336,41.4628441836961,30.10398962393,52.85721719624325
eadd37f03ca5,GeTe,0.952,Te,Ge,127.6,72.64,2,107.73168287295665,95.85718426998397,100.80280703869855,70.73162240072982,0.7900189613252889,0.5401012090655657,0.20998103867471102,0.4598987909344343,81.47195659733019,53.903069738900186,26.259726275626466,41.95411453108379,0.9154990873691007,0.7472070142516989,79.63612891538615,38.20223477780323,21.16667812331239,32.52938762292659
eef072f845ce,CrW3Te8,1.592,W,Te,183.84,127.6,3,129.021973122645,115.28225482688758,29.6813361188598,15.952876149043437,0.10809687153865787,0.10941194558699915,0.8866104200622219,0.8818379879000893,83.9806404765379,74.68940341795408,28.350322870442685,16.40725188634551,0.22671026919698667,0.12242854226607965,3.2084595775361135,1.7454352171752772,26.315781884350287,14.067852204491789
f1e78a09001d,BrSbTe,1.315,Te,Sb,127.6,121.76,3,107.50221474550649,115.77073949457542,93.33860811550343,105.9146074392356,0.5619366407222579,0.32583165437422135,0.09960811958535294,0.5435098304095922,53.26665527579405,40.91593749978474,22.36312056460134,59.84626247562225,0.882771812071691,0.9164275283284803,52.45038389411728,34.510331764322345,9.29728323909946,57.565630327197475
f4f45fcade85,BiBrTe,0.498,Bi,Te,208.9804,127.6,3,126.10644463131814,159.50394455647952,111.78015191848571,150.8511648849243,0.18998004814904385,0.6493808319726515,0.5875182887437194,0.2728916686789469,34.538379249434065,101.19036962708476,66.53378920473635,45.746909709692574,0.9275593381609087,0.9381112972308486,21.23599864358135,97.95985495701576,65.67288357066171,41.166026107609945
f705a30af945,ClSbSe,1.483,Sb,Se,121.76,78.96,3,72.93578823933927,91.67710833290612,54.35799798306206,84.29997197811561,0.1173116007985987,0.660230774323246,0.665071650336212,0.26768058618002927,24.566754983227042,58.72629442950781,36.42313114606379,26.492202434450267,0.8438826392372596,0.9143032462366278,6.37682375960001,55.6574357745392,36.151963427567566,22.565465914062028
fba4cc0df459,AsClTe,0.634,Te,As,127.6,74.9216,3,77.05784096958683,84.18425271728029,71.22292437096428,74.57101473267372,0.6490456592066483,0.41251956750367025,0.13247570392506752,0.5081646146766288,47.358207609812816,39.07338457175954,14.056349542896276,38.941262982072296,0.9271260695172411,0.9136992993085054,46.226929898977765,30.762002745832383,9.43530704164534,37.89435096767435
