uid,Formula,alpha_R,A_WM_VBM_w005,A_WM_CBM_w005,B_WMp_VBM_w005,B_WMp_CBM_w005,C_pfrac_h1_VBM_w005,C_pfrac_h1_CBM_w005,C_pfrac_h2_VBM_w005,C_pfrac_h2_CBM_w005,D_wm_h1_VBM_w005,D_wm_h1_CBM_w005,D_wm_h2_VBM_w005,D_wm_h2_CBM_w005,E_pfrac_VBM_w005,E_pfrac_CBM_w005,F_ph1_VBM_w005,F_ph1_CBM_w005,F_ph2_VBM_w005,F_ph2_CBM_w005,A_WM_VBM_w01,A_WM_CBM_w01,B_WMp_VBM_w01,B_WMp_CBM_w01,C_pfrac_h1_VBM_w01,C_pfrac_h1_CBM_w01,C_pfrac_h2_VBM_w01,C_pfrac_h2_CBM_w01,D_wm_h1_VBM_w01,D_wm_h1_CBM_w01,D_wm_h2_VBM_w01,D_wm_h2_CBM_w01,E_pfrac_VBM_w01,E_pfrac_CBM_w01,F_ph1_VBM_w01,F_ph1_CBM_w01,F_ph2_VBM_w01,F_ph2_CBM_w01,A_WM_VBM_w05,A_WM_CBM_w05,B_WMp_VBM_w05,B_WMp_CBM_w05,C_pfrac_h1_VBM_w05,C_pfrac_h1_CBM_w05,C_pfrac_h2_VBM_w05,C_pfrac_h2_CBM_w05,D_wm_h1_VBM_w05,D_wm_h1_CBM_w05,D_wm_h2_VBM_w05,D_wm_h2_CBM_w05,E_pfrac_VBM_w05,E_pfrac_CBM_w05,F_ph1_VBM_w05,F_ph1_CBM_w05,F_ph2_VBM_w05,F_ph2_CBM_w05
001e03f2c095,SSeW,3.288,0.0,0.0,0.0,0.0,0,0,0,0,0.0,0.0,0.0,0.0,0,0,0.0,0.0,0.0,0.0,0.0,0.0,0.0,0.0,0,0.0,0,0.0,0.0,0.0,0.0,0.0,0,0.0,0.0,0.0,0.0,0.0,156.254245634959,163.83866559851717,11.231431712660203,10.633720667509015,0.1703321099677704,0.15351653531473347,0.46631114982247485,0.6892223381800142,146.08367357300907,153.10963812545018,6.036605520439628,9.040284500355988,0.20400847704719796,0.15385139487932922,1.9130734615763416,1.6324519543806588,5.237341836083187,7.328997822013705
03bcf7dcdaf2,Sn2Te2,4.804,0.0,0.0,0.0,0.0,0,0,0,0,0.0,0.0,0.0,0.0,0,0,0.0,0.0,0.0,0.0,0.0,0.0,0.0,0.0,0,0.0,0,0.0,0.0,0.0,0.0,0.0,0,0.0,0.0,0.0,0.0,0.0,123.63792228390164,120.9402270751847,80.64030610626484,97.44292997609733,0.8389764925311415,0.14028157886273884,0.16102350746885857,0.8597184211372612,70.73148295003963,32.010908300738805,52.90643933386202,88.92931877444589,0.6395982024848003,0.8128259452411994,67.65532117367167,13.669448066058235,12.984984932593179,83.7734819100391
04fdd7d1ec5c,ClSbTe,1.018,0.0,0.0,0.0,0.0,0,0,0,0,0.0,0.0,0.0,0.0,0,0,0.0,0.0,0.0,0.0,0.0,0.0,0.0,0.0,0,0.0,0,0.0,0.0,0.0,0.0,0.0,0,0.0,0.0,0.0,0.0,0.0,105.54850465525308,105.82027613577637,95.68386487663982,95.9674831742255,0.7144530432506538,0.3494440639807067,0.20467812958460363,0.5775754098389295,69.446700982686,40.56906319782352,28.136849273070535,57.940809938469656,0.9148500153292562,0.915593217033476,68.36162845109966,33.53526733040145,19.58439449437659,55.428458425563875
05a06afa3b20,WMo3Se8,1.643,0.0,0.0,0.0,0.0,0,0,0,0,0.0,0.0,0.0,0.0,0,0,0.0,0.0,0.0,0.0,0.0,0.0,0.0,0.0,0,0.0,0,0.0,0.0,0.0,0.0,0.0,0,0.0,0.0,0.0,0.0,0.0,109.47668725692061,101.23836170786075,14.025005719514981,13.43317149646033,0.02698973790970471,0.021120154193143625,0.05164518060202307,0.05563439349143177,34.34820407229467,17.56754378659089,61.70654770075497,69.24939470396589,0.1732631739495157,0.16640129338853102,0.37853122855181887,0.28371065330818407,0.7243239533287577,0.7473463488719594
0b7696e1f4c9,CrW3Se8,1.756,0.0,0.0,0.0,0.0,0,0,0,0,0.0,0.0,0.0,0.0,0,0,0.0,0.0,0.0,0.0,0.0,0.0,0.0,0.0,0,0.0,0,0.0,0.0,0.0,0.0,0.0,0,0.0,0.0,0.0,0.0,0.0,116.37476517965632,102.02780481418918,11.724681270612743,9.08597115461049,0.08437286267524842,0.11560214013213609,0.9094688232157809,0.8747311716839121,84.46875195278598,65.49665341812401,11.129234507897936,8.959888712241652,0.1418156570039924,0.10805842607313194,0.9892449227564661,1.0503577106518283,10.66323207776428,7.947782193958663
0c0fbdaf8f4a,ClSbSe,2.682,0.0,0.0,0.0,0.0,0,0,0,0,0.0,0.0,0.0,0.0,0,0,0.0,0.0,0.0,0.0,0.0,0.0,0.0,0.0,0,0.0,0,0.0,0.0,0.0,0.0,0.0,0,0.0,0.0,0.0,0.0,0.0,77.22761433860651,101.5932211863653,54.26726089700437,87.92206791098253,0.15122953297039754,0.8887391613062384,0.666121409437875,0.08349354920767009,30.707412992258494,79.1977094212016,36.31269673510602,18.153523054681504,0.804787950185123,0.8035844885051758,8.206812521036687,78.13978489551675,36.14858431504543,7.340925503565732
0f02957b17cf,ISbTe,3.658,0.0,0.0,0.0,0.0,0,0,0,0,0.0,0.0,0.0,0.0,0,0,0.0,0.0,0.0,0.0,0.0,0.0,0.0,0.0,0,0.0,0,0.0,0.0,0.0,0.0,0.0,0,0.0,0.0,0.0,0.0,0.0,126.08152767598,124.1821878130401,104.42619265516959,105.05233357921779,0.5220371851785094,0.18082447549667172,0.4175459241710705,0.17394068319609193,55.10869655609797,31.37549047296648,44.38565458846725,24.327554318001045,0.8226314474507389,0.8495579375490312,54.51435567261346,18.99603311916345,43.60273111986904,18.27287467411289
114b3382699c,AsITe,0.579,0.0,0.0,0.0,0.0,0,0,0,0,0.0,0.0,0.0,0.0,0,0,0.0,0.0,0.0,0.0,0.0,0.0,0.0,0.0,0,0.0,0,0.0,0.0,0.0,0.0,0.0,0,0.0,0.0,0.0,0.0,0.0,125.6409706230883,101.26793755183624,123.71666566499783,91.98459166043442,0.19156535985595646,0.372314863757764,0.7991234755403531,0.23154593416239647,24.36639469537674,40.91691874614528,99.2620991013559,23.080279815138752,0.9801604016191612,0.9225852152289535,23.699827578294364,34.2472307118682,98.86489184847694,21.29865820456187
11db0908d9ef,BiBrSe,0.393,0.0,0.0,0.0,0.0,0,0,0,0,0.0,0.0,0.0,0.0,0,0,0.0,0.0,0.0,0.0,0.0,0.0,0.0,0.0,0,0.0,0,0.0,0.0,0.0,0.0,0.0,0,0.0,0.0,0.0,0.0,0.0,98.15003247160482,154.38753682700417,76.2726078381969,147.04324244254494,0.115181552987811,0.8096869196313851,0.33440349350868775,0.0659976691979189,30.356736833536914,121.02277298959113,25.657090014668434,11.117143022617574,0.8929259186275378,0.9226721473281861,8.785197421233805,119.05899002591515,25.505826520111164,9.70451127251247
159f028a85d0,CrMo3Te8,0.896,0.0,0.0,0.0,0.0,0,0,0,0,0.0,0.0,0.0,0.0,0,0,0.0,0.0,0.0,0.0,0.0,0.0,0.0,0.0,0,0.0,0,0.0,0.0,0.0,0.0,0.0,0,0.0,0.0,0.0,0.0,0.0,84.73177938863947,73.3244898463511,18.773191937618392,8.7517884752983,0.9577110108716558,0.9370775253553987,0.038192332135863795,0.05395361003926081,18.906401639982356,9.040213412742723,47.01276591327814,34.870679322538614,0.14985598256221294,0.07070331079264634,17.97929262786413,8.201104286866428,0.7169919817318421,0.47219058254234136
1667d1443160,TiHf3Te8,1.512,0.0,0.0,0.0,0.0,0,0,0,0,0.0,0.0,0.0,0.0,0,0,0.0,0.0,0.0,0.0,0.0,0.0,0.0,0.0,0,0.0,0,0.0,0.0,0.0,0.0,0.0,0,0.0,0.0,0.0,0.0,0.0,130.22090555565018,117.40807887483945,96.33570228554382,26.96078450128769,0.12153921920623391,0.2811735993240339,0.874417368817775,0.7056936534760474,38.7420025062435,75.31006338387263,86.4210396363455,23.088888458584258,0.7339049009536139,0.19897501436141718,11.708566037469199,7.580660818826688,84.23761131573774,19.026054515294106
18e377cce57f,Ti2Zr2Te8,1.855,0.0,0.0,0.0,0.0,0,0,0,0,0.0,0.0,0.0,0.0,0,0,0.0,0.0,0.0,0.0,0.0,0.0,0.0,0.0,0,0.0,0,0.0,0.0,0.0,0.0,0.0,0,0.0,0.0,0.0,0.0,0.0,105.85773727971079,72.1895373733442,84.10360781744237,20.04535644865042,0.9731729548066234,0.9399177941328747,0.01658606738572357,0.03437613112396219,84.08107727067329,22.316147474182287,11.469573321283328,21.835348943572026,0.6747220967013103,0.16597535609589956,81.84735652959782,18.840987215822697,1.3949481066425666,0.6890818017053679
18e62ba75259,BrSbTe,2.631,0.0,0.0,0.0,0.0,0,0,0,0,0.0,0.0,0.0,0.0,0,0,0.0,0.0,0.0,0.0,0.0,0.0,0.0,0.0,0,0.0,0,0.0,0.0,0.0,0.0,0.0,0,0.0,0.0,0.0,0.0,0.0,110.38316619583051,118.6116201635047,89.65162401580511,96.06848120683043,0.5772620077514823,0.23460654460321462,0.14021708643412883,0.701298434547007,52.28615517772208,39.220898031123134,31.810038494873922,69.95358384927279,0.8258113168339318,0.8070173166426109,51.75247647754466,22.538294421213347,12.570689513584165,67.37267547965874
1a3bdd1b142a,HgTe,0.618,0.0,0.0,0.0,0.0,0,0,0,0,0.0,0.0,0.0,0.0,0,0,0.0,0.0,0.0,0.0,0.0,152.54069855552927,0.0,100.07314468387403,0,0.21406575237922704,0,0.7859342476207729,0.0,68.54164574946721,0.0,83.99905280606205,0,0.7231825716315416,0.0,21.42223300970874,0.0,78.65091167416529,153.22006370436105,154.3308004235045,101.98689317106155,91.54946885477325,0.2307258323738918,0.2056893799674656,0.7692741676261082,0.7943106200325344,70.40866664553752,73.46117628374803,82.81139705882354,80.8696241397565,0.7321670047329278,0.6637727192518088,23.531010818120357,18.830753485089115,78.4558823529412,72.71871536968413
1a3be826b3e0,AsClSe,3.717,0.0,0.0,0.0,0.0,0,0,0,0,0.0,0.0,0.0,0.0,0,0,0.0,0.0,0.0,0.0,0.0,0.0,0.0,0.0,0,0.0,0,0.0,0.0,0.0,0.0,0.0,0,0.0,0.0,0.0,0.0,0.0,63.53652649522799,69.76990069681773,51.13282461028632,55.73787020549466,0.6621654790714726,0.12317164402440159,0.11267003911470935,0.8129139766681863,34.04993001060445,18.293515600727886,17.695560296924707,46.00839987572678,0.830448038176034,0.7921974168922818,33.858391304347826,6.865325107629488,5.761137348886533,45.310093719763884
1dcd471c2288,AsBrS,3.109,0.0,0.0,0.0,0.0,0,0,0,0,0.0,0.0,0.0,0.0,0,0,0.0,0.0,0.0,0.0,0.0,0.0,0.0,0.0,0,0.0,0,0.0,0.0,0.0,0.0,0.0,0,0.0,0.0,0.0,0.0,0.0,56.63695777846068,71.02255489957652,43.152472348146254,62.59124281321811,0.620239221739593,0.25749287478571276,0.03750366184001416,0.7267572937278235,26.937261362079614,21.42967858827318,14.76254286398088,45.67587073920822,0.8171667500528035,0.8395957836840761,26.76485586535354,16.116799048386113,1.6183757305054391,45.48864223799548
20f098bd3f31,O2Pb2,1.914,0.0,0.0,0.0,0.0,0,0,0,0,0.0,0.0,0.0,0.0,0,0,0.0,0.0,0.0,0.0,0.0,0.0,0.0,0.0,0,0.0,0,0.0,0.0,0.0,0.0,0.0,0,0.0,0.0,0.0,0.0,0.0,69.33283369226793,137.07265107436612,36.35373849589109,120.97398330354801,0.6853613260899125,0.9517949520705866,0.31463867391008743,0.04820504792941343,57.79630116766326,131.20449215435863,11.536532524604672,5.8681589200075015,0.8351683575552248,0.9201926519623643,24.91544642386982,115.14242664018842,11.43829207202127,5.831556663359592
211bcb7f05d6,GeSe,0.94,0.0,0.0,0.0,0.0,0,0,0,0,0.0,0.0,0.0,0.0,0,0,0.0,0.0,0.0,0.0,0.0,0.0,0.0,0.0,0,0.0,0,0.0,0.0,0.0,0.0,0.0,0,0.0,0.0,0.0,0.0,0.0,77.00364031456328,75.2439172614832,71.06476131114155,54.580701535634326,0.7595077774468809,0.4053335810145198,0.2404922225531191,0.5946664189854802,54.51788595536669,32.53248527954326,22.485754359196594,42.711431981939946,0.918841337993551,0.7270089984537553,53.97423891821821,22.12339120772336,17.090522392923344,32.45731032791097
24d6cc0a0fed,MoW3Se8,2.097,0.0,0.0,0.0,0.0,0,0,0,0,0.0,0.0,0.0,0.0,0,0,0.0,0.0,0.0,0.0,0.0,0.0,0.0,0.0,0,0.0,0,0.0,0.0,0.0,0.0,0.0,0,0.0,0.0,0.0,0.0,0.0,144.77904691773617,133.32727798681947,15.416673679781189,15.351657132914283,0.10286446552017083,0.08360825347834301,0.021603552076445792,0.021884150751985826,108.45515674310961,85.50437305609326,22.294494003787076,31.56961654740413,0.18304228908058068,0.18439654609913655,1.5858278981695773,1.28352524088131,0.3330549126867241,0.3359579789894947
287dcf4f1a19,Bi2P2S6,1.406,0.0,0.0,0.0,0.0,0,0,0,0,0.0,0.0,0.0,0.0,0,0,0.0,0.0,0.0,0.0,0.0,0.0,0.0,0.0,0,0.0,0,0.0,0.0,0.0,0.0,0.0,0,0.0,0.0,0.0,0.0,0.0,48.671716607025374,115.21329577149459,38.47266097549996,109.53028000887946,0.3485179975851975,0.8703534551679619,0.5761032975277691,0.10093784744726933,19.86951123712233,98.37284889157677,22.724968779759326,13.131456972182754,0.8490174010908147,0.9024798032699965,13.408414764955419,95.33005765124258,22.16422685265345,11.055750694392968
2d41b3dd1772,BiITe,2.086,0.0,0.0,0.0,0.0,0,0,0,0,0.0,0.0,0.0,0.0,0,0,0.0,0.0,0.0,0.0,0.0,0.0,0.0,0.0,0,0.0,0,0.0,0.0,0.0,0.0,0.0,0,0.0,0.0,0.0,0.0,0.0,142.16213118738975,169.3444187519196,118.63439049136265,157.41421678835684,0.12897088268917675,0.6737070115399315,0.5777025213916787,0.21976624913312426,37.89111824621329,107.48063571129416,69.00338774253156,41.73765182186234,0.8845367752050843,0.910721764623761,15.300382058963518,106.0510615663828,68.53538651062519,34.59433198380566
2ea941c8bc3c,MoSTe,2.525,0.0,0.0,0.0,0.0,0,0,0,0,0.0,0.0,0.0,0.0,0,0,0.0,0.0,0.0,0.0,0.0,0.0,0.0,0.0,0,0.0,0,0.0,0.0,0.0,0.0,0.0,0,0.0,0.0,0.0,0.0,0.0,91.94688342334454,96.40190365651156,17.478395854619762,22.21228320173506,0.7242543407773223,0.85071563959521,0.05848803564990758,0.043764624650055185,14.806889505181724,21.010823816462775,73.29119544592032,73.00595411569351,0.228287841191067,0.23131925853129554,12.658804067532719,18.89633671083398,1.0222770398481975,0.972112236944661
2f6f133abcc8,MoW3S8,2.241,0.0,0.0,0.0,0.0,0,0,0,0,0.0,0.0,0.0,0.0,0,0,0.0,0.0,0.0,0.0,0.0,0.0,0.0,0.0,0,0.0,0,0.0,0.0,0.0,0.0,0.0,0,0.0,0.0,0.0,0.0,0.0,135.79884154438616,126.45411903200812,6.995238861961357,7.247082414416562,0.12825402197995892,0.18346052651725972,0.02549772238542264,0.05023822908278141,108.61219839320098,87.82723967336236,21.12641989243742,32.86446802169637,0.19135515570015274,0.18422046055115138,0.8971675187570546,1.3295535554628364,0.17836265852201047,0.36408058651725583
304bc6a92d82,BiBrTe,1.13,0.0,0.0,0.0,0.0,0,0,0,0,0.0,0.0,0.0,0.0,0,0,0.0,0.0,0.0,0.0,0.0,0.0,0.0,0.0,0,0.0,0,0.0,0.0,0.0,0.0,0.0,0,0.0,0.0,0.0,0.0,0.0,139.6874945480882,165.93081500867098,121.38949553707448,152.653771748384,0.2642912271350228,0.7209659953727602,0.6441749237302214,0.2326570117086142,48.91919006018831,112.31502185085921,79.10428810469269,44.55841084660255,0.9053969681076897,0.8935834778495978,32.08217873679479,110.0581784959798,78.19606902924501,35.5159703610279
323fb700d903,WMo3Te8,1.501,0.0,0.0,0.0,0.0,0,0,0,0,0.0,0.0,0.0,0.0,0,0,0.0,0.0,0.0,0.0,0.0,0.0,0.0,0.0,0,0.0,0,0.0,0.0,0.0,0.0,0.0,0,0.0,0.0,0.0,0.0,0.0,117.21213899385049,111.13312033557634,19.10362450915018,15.787273617058466,0.014259916610824893,0.01933510693593489,0.9585775950368293,0.936161133685047,34.62408535230051,22.392396399545575,19.011898940505297,18.082335051996857,0.15040379343557828,0.12480992746657346,0.2724160924649922,0.305248623612689,18.312306438467807,14.779431967141486
343d2125478e,ISbSe,1.17,0.0,0.0,0.0,0.0,0,0,0,0,0.0,0.0,0.0,0.0,0,0,0.0,0.0,0.0,0.0,0.0,0.0,0.0,0.0,0,0.0,0,0.0,0.0,0.0,0.0,0.0,0,0.0,0.0,0.0,0.0,0.0,113.37555936224211,108.70295669111152,102.63501333278992,98.22223818487983,0.7744619566451073,0.22979352613609533,0.020610030160019114,0.5495829672230126,79.76678052668997,24.903950593202488,12.175129603550378,57.84809567397749,0.9100978526400493,0.8956429177472562,79.48691324600917,22.570834457482963,2.115310720262764,53.98126910893174
3995fa1bee6e,Pb2Te6,3.064,0.0,0.0,0.0,0.0,0,0,0,0,0.0,0.0,0.0,0.0,0,0,0.0,0.0,0.0,0.0,0.0,0.0,0.0,0.0,0,0.0,0,0.0,0.0,0.0,0.0,0.0,0,0.0,0.0,0.0,0.0,0.0,139.68894186201865,145.95284457473645,120.73400349024377,119.95803457323916,0.14142710192956393,0.3492588179181266,0.8585728980704361,0.6507411820818734,31.467697912189283,47.77273110408791,108.22124394982936,98.18011347064855,0.8947827553613555,0.8139709946521838,17.075060217979033,41.89640135483127,103.65894327226474,78.06163321840789
3bc08d486d65,PbTe,2.18,0.0,0.0,0.0,0.0,0,0,0,0,0.0,0.0,0.0,0.0,0,0,0.0,0.0,0.0,0.0,0.0,0.0,0.0,0.0,0,0.0,0,0.0,0.0,0.0,0.0,0.0,0,0.0,0.0,0.0,0.0,0.0,143.52744885157549,176.89246720429557,134.39576618383927,131.62283871073703,0.24695175554430926,0.7521502721863116,0.7530482444556909,0.2478497278136884,41.45938947294522,128.30903523530205,102.06805937863027,48.58343196899353,0.9533342321301674,0.7334636444378673,33.18927039682162,99.00015396221585,101.20649578701766,32.62268474852118
3e1923c616ad,TiHf3Se8,1.256,0.0,0.0,0.0,0.0,0,0,0,0,0.0,0.0,0.0,0.0,0,0,0.0,0.0,0.0,0.0,0.0,0.0,0.0,0.0,0,0.0,0,0.0,0.0,0.0,0.0,0.0,0,0.0,0.0,0.0,0.0,0.0,92.96069896318977,105.43460580439559,71.53585045246177,18.321638648609444,0.16019925360607584,0.448298331287222,0.8356300363313961,0.5292986338558447,28.89647445088468,72.16199171515338,60.8118935053199,12.082421016294532,0.8274988308514495,0.1774087841387212,11.45998984856024,8.213560032619087,59.77750531258795,9.697618306709424
3fb52099b370,MoCr3S8,1.221,0.0,0.0,0.0,0.0,0,0,0,0,0.0,0.0,0.0,0.0,0,0,0.0,0.0,0.0,0.0,0.0,0.0,0.0,0.0,0,0.0,0,0.0,0.0,0.0,0.0,0.0,0,0.0,0.0,0.0,0.0,0.0,55.06989577338479,52.06461766572957,3.6343957616875264,1.7872743447900603,0.013380559614500414,0.02434003074708592,0.011714433084140751,0.058042332291073986,11.641333489296992,2.375226262809467,39.795354111592,48.049356942051325,0.1118259445549187,0.053595719597351946,0.04863024915194759,0.04350231250566791,0.042574885951573285,0.10373757141561622
40034665f9f1,BiIS,1.254,0.0,0.0,0.0,0.0,0,0,0,0,0.0,0.0,0.0,0.0,0,0,0.0,0.0,0.0,0.0,0.0,0.0,0.0,0.0,0,0.0,0,0.0,0.0,0.0,0.0,0.0,0,0.0,0.0,0.0,0.0,0.0,124.36010835050139,156.54386638125374,122.239221532361,151.149720194577,0.04566210973468522,0.821293783948057,0.9400266195853679,0.14182965547485404,7.191440382862353,126.15301654952015,115.35350251640841,23.66050142197025,0.9867365542388333,0.9367760807806196,5.581700747493165,124.13832564129417,114.90812219781223,21.43751274031744
433f707c632c,BiISe,1.255,0.0,0.0,0.0,0.0,0,0,0,0,0.0,0.0,0.0,0.0,0,0,0.0,0.0,0.0,0.0,0.0,0.0,0.0,0.0,0,0.0,0,0.0,0.0,0.0,0.0,0.0,0,0.0,0.0,0.0,0.0,0.0,123.15678418828992,160.79693331428786,119.8493739251999,153.66358886647748,0.023836904416840783,0.7620784613805044,0.8948335654508268,0.12217824708017683,5.735237183389216,118.91480004601577,107.53983640392056,20.784147226397724,0.9822027340727366,0.9335455172942709,2.8568380706732,117.10371137357157,107.24524258653598,18.774347927755194
449640ec4d30,Mo2W2S8,1.954,0.0,0.0,0.0,0.0,0,0,0,0,0.0,0.0,0.0,0.0,0,0,0.0,0.0,0.0,0.0,0.0,0.0,0.0,0.0,0,0.0,0,0.0,0.0,0.0,0.0,0.0,0,0.0,0.0,0.0,0.0,0.0,117.0949582735689,104.41564736346518,6.489169383231191,5.905545497346346,0.06649433823954938,0.053295775427767346,0.04434040973012596,0.11264385668454631,68.85909505802582,38.95702105803802,42.32794236536705,60.36286594761173,0.18529143304211765,0.16225817497003941,0.43149302386230287,0.3147406266050335,0.2877324292606598,0.6652234206471496
49b7be14f786,BiBrS,1.293,0.0,0.0,0.0,0.0,0,0,0,0,0.0,0.0,0.0,0.0,0,0,0.0,0.0,0.0,0.0,0.0,0.0,0.0,0.0,0,0.0,0,0.0,0.0,0.0,0.0,0.0,0,0.0,0.0,0.0,0.0,0.0,76.47197496010116,153.17372135781218,44.72726113747092,147.71802451475307,0.12354264456254313,0.8920577726035408,0.48268161045506464,0.08026872718274242,37.10322893351797,132.6990843066215,21.70797937132566,14.648893533128305,0.8459036461586966,0.9064314352288869,5.525724124962618,131.77301192202586,21.58902643707869,11.857137809748371
4c49d27e66e5,ISSb,0.907,0.0,0.0,0.0,0.0,0,0,0,0,0.0,0.0,0.0,0.0,0,0,0.0,0.0,0.0,0.0,0.0,0.0,0.0,0.0,0,0.0,0,0.0,0.0,0.0,0.0,0.0,0,0.0,0.0,0.0,0.0,0.0,114.43986105726103,95.3218863548029,109.51894508193621,84.80604847289162,0.9315748338929951,0.293592052597755,0.03249286762605722,0.6072866928188458,102.46514009449236,27.167383933137348,7.872930488511003,58.309452214779334,0.9559059624216433,0.881331605496134,102.02509307284078,24.898381843860957,3.5585845850927837,51.50158470813708
4cb4ea247ef4,Ga2P2Te6,3.828,0.0,0.0,0.0,0.0,0,0,0,0,0.0,0.0,0.0,0.0,0,0,0.0,0.0,0.0,0.0,0.0,0.0,0.0,0.0,0,0.0,0,0.0,0.0,0.0,0.0,0.0,0,0.0,0.0,0.0,0.0,0.0,106.5488582561242,100.45995976428074,83.09103976177782,73.97830933775326,0.9729564295400074,0.9545439282845437,0.010531404680399691,0.030231477068760018,85.97239827666837,78.44801142966409,18.842189740716698,18.138667335311393,0.6904199394586762,0.6218526288187328,80.84396137338614,70.61554600310814,0.8750653650464637,2.236473562329923
4da5c6be60db,BrSSb,2.39,0.0,0.0,0.0,0.0,0,0,0,0,0.0,0.0,0.0,0.0,0,0,0.0,0.0,0.0,0.0,0.0,0.0,0.0,0.0,0,0.0,0,0.0,0.0,0.0,0.0,0.0,0,0.0,0.0,0.0,0.0,0.0,67.3717459083082,100.80177900731326,42.314238880085476,92.42571954869366,0.06561973005475563,0.8397106195479397,0.590365720237916,0.14711737056279034,27.413125677596742,77.89597232559825,25.242366942275297,18.964892084195693,0.7894155633693017,0.8455482044399626,2.776648932783654,77.61085822439767,24.98087611276089,13.5974288323777
4f1ab08988cc,TiZr3Te8,1.679,0.0,0.0,0.0,0.0,0,0,0,0,0.0,0.0,0.0,0.0,0,0,0.0,0.0,0.0,0.0,0.0,0.0,0.0,0.0,0,0.0,0,0.0,0.0,0.0,0.0,0.0,0,0.0,0.0,0.0,0.0,0.0,112.00694921645567,81.0587779062249,89.94122600626837,17.83719589709427,0.9734339757605591,0.9328668102564212,0.02186667644517794,0.05235807680702903,89.86005083783716,20.377447733996906,16.80983596653587,43.045280482787,0.7165321685052195,0.14614887238669988,87.55184521606081,16.639728040441252,1.966715688161694,0.9339212728020848
4fd8ad708fb0,AsClTe,2.895,0.0,0.0,0.0,0.0,0,0,0,0,0.0,0.0,0.0,0.0,0,0,0.0,0.0,0.0,0.0,0.0,0.0,0.0,0.0,0,0.0,0,0.0,0.0,0.0,0.0,0.0,0,0.0,0.0,0.0,0.0,0.0,81.78294820335437,87.52359402868953,70.91427968714711,63.73166585946997,0.6581745552160503,0.3207909509558226,0.18345028087785015,0.6416093986712623,47.93740089624268,40.659508874301,22.231844220185664,43.10587752005835,0.8562089172580203,0.7735959153902261,46.67397449155464,20.444541697058106,13.009244526857561,40.89083580841235
52a5e2b280d4,ZrTi3Se8,1.091,0.0,0.0,0.0,0.0,0,0,0,0,0.0,0.0,0.0,0.0,0,0,0.0,0.0,0.0,0.0,0.0,0.0,0.0,0.0,0,0.0,0,0.0,0.0,0.0,0.0,0.0,0,0.0,0.0,0.0,0.0,0.0,72.20465567411615,56.52127555517703,58.03346265106134,9.594333021057334,0.014655547474233402,0.03805917334608379,0.9645804497353916,0.8662316916959725,3.9173746615867167,9.634778716971491,57.076815852341014,10.348505972278407,0.7434379235889275,0.1284412459812208,0.8505121669767806,0.36515238358847685,55.9779435036628,8.310915323525025
548aa830244c,Cr2W2Se8,1.39,0.0,0.0,0.0,0.0,0,0,0,0,0.0,0.0,0.0,0.0,0,0,0.0,0.0,0.0,0.0,0.0,0.0,0.0,0.0,0,0.0,0,0.0,0.0,0.0,0.0,0.0,0,0.0,0.0,0.0,0.0,0.0,87.30064720393293,61.37470231166104,9.739105802826792,6.654439048087015,0.05302846475518518,0.03455416412904742,0.9366602567829635,0.9314145989037605,44.67291019225704,9.823715185491256,9.565867790360809,6.832924307060057,0.1202703889035203,0.08410202577446228,0.51644982881222,0.22993857905434079,9.122233342112192,6.19804167690349
5974b6403c31,Cr2W2S8,1.592,0.0,0.0,0.0,0.0,0,0,0,0,0.0,0.0,0.0,0.0,0,0,0.0,0.0,0.0,0.0,0.0,0.0,0.0,0.0,0,0.0,0,0.0,0.0,0.0,0.0,0.0,0,0.0,0.0,0.0,0.0,0.0,81.10551110079678,56.408522727524264,4.283391363038601,3.2613918807344513,0.05976225977735187,0.06862575473033772,0.010798989160110666,0.08751991436945764,44.143216523555346,8.594514404613019,32.862082230989394,44.99656966564474,0.1264407828575849,0.09253704912952529,0.25598514736597816,0.2238154792867973,0.0462562968979655,0.28543673812712356
5b94060698bc,ISSb,2.844,0.0,0.0,0.0,0.0,0,0,0,0,0.0,0.0,0.0,0.0,0,0,0.0,0.0,0.0,0.0,0.0,0.0,0.0,0.0,0,0.0,0,0.0,0.0,0.0,0.0,0.0,0,0.0,0.0,0.0,0.0,0.0,82.60936959708772,112.13808759097765,59.107677219680156,102.21260297688772,0.7226410790429394,0.2702594684558557,0.034795300935026564,0.7101772686252054,42.90514515529244,34.34731788711424,25.08651511214419,73.85327976697157,0.8006068298273925,0.876201289344835,42.71363564575144,27.62392375002309,2.056669416429185,72.58906720119866
5c3fe56a1a89,MoW3Te8,2.045,0.0,0.0,0.0,0.0,0,0,0,0,0.0,0.0,0.0,0.0,0,0,0.0,0.0,0.0,0.0,0.0,0.0,0.0,0.0,0,0.0,0,0.0,0.0,0.0,0.0,0.0,0,0.0,0.0,0.0,0.0,0.0,154.0060820772852,150.37976809778718,19.830598655945103,14.841979873801078,0.051055068777781876,0.06587752506282958,0.9382222947926881,0.9190320576242419,111.29912209269733,104.99650307320383,19.548195895278965,17.07832243101487,0.1535348004043637,0.11455154906350425,1.012452578283866,0.9777529011183428,18.605509778093612,13.64025530263699
5d1a32a28ffa,P2Sb2Se6,2.546,0.0,0.0,0.0,0.0,0,0,0,0,0.0,0.0,0.0,0.0,0,0,0.0,0.0,0.0,0.0,0.0,0.0,0.0,0.0,0,0.0,0,0.0,0.0,0.0,0.0,0.0,0,0.0,0.0,0.0,0.0,0.0,81.87196357015456,79.78391282933262,64.47838540192893,69.09099252271892,0.08306992163895181,0.4615487442870758,0.9039977233371945,0.4408182058161745,19.123295603394414,32.993570632245486,60.28936344068655,39.83622571390395,0.8091118722496741,0.8654039660858328,5.356214422744371,31.88886084040866,58.28831360780195,30.456567361923682
5d829e480507,AsISe,1.626,0.0,0.0,0.0,0.0,0,0,0,0,0.0,0.0,0.0,0.0,0,0,0.0,0.0,0.0,0.0,0.0,0.0,0.0,0.0,0,0.0,0,0.0,0.0,0.0,0.0,0.0,0,0.0,0.0,0.0,0.0,0.0,100.28472415131398,90.75984477312396,90.91708350705557,76.63844612379607,0.6346754961491008,0.3931087936194476,0.3398011254018671,0.0679686002743083,58.0023255644977,37.19700149993747,31.363689846391637,11.761342999760243,0.8769256041832649,0.8546433485467615,57.70284508326972,30.127247100594506,30.89372729395301,5.209007910232407
5e4ff1f56b4a,PbS,1.241,0.0,0.0,0.0,0.0,0,0,0,0,0.0,0.0,0.0,0.0,0,0,0.0,0.0,0.0,0.0,0.0,0.0,0.0,0.0,0,0.0,0,0.0,0.0,0.0,0.0,0.0,0,0.0,0.0,0.0,0.0,0.0,72.90455875311974,154.27405845942226,54.42442535526918,110.17935350756534,0.5493196643707892,0.9591683635997278,0.4506803356292109,0.04083163640027221,48.31676463097845,144.58398899587343,24.58779412214129,9.69006946354883,0.9092344521978302,0.650343878954608,29.89640706972953,105.68055020632737,24.52801828553965,4.498803301237964
60065d3bbcf2,Cr2Mo2Se8,1.173,0.0,0.0,0.0,0.0,0,0,0,0,0.0,0.0,0.0,0.0,0,0,0.0,0.0,0.0,0.0,0.0,0.0,0.0,0.0,0,0.0,0,0.0,0.0,0.0,0.0,0.0,0,0.0,0.0,0.0,0.0,0.0,67.22885829305436,57.43235372077997,9.127662702774282,5.251519161870081,0.029229823910353732,0.025215639846861114,0.9639809468971815,0.9442539604442464,26.400492617360786,7.88464965347116,9.196228563861483,5.343689651121814,0.11540753492683573,0.06726477152590157,0.2667999735151957,0.1324204158346059,8.79889293517844,4.958767766944673
62bb754c4cb2,Cr2W2Te8,1.535,0.0,0.0,0.0,0.0,0,0,0,0,0.0,0.0,0.0,0.0,0,0,0.0,0.0,0.0,0.0,0.0,0.0,0.0,0.0,0,0.0,0,0.0,0.0,0.0,0.0,0.0,0,0.0,0.0,0.0,0.0,0.0,92.50191718596426,67.0019907604464,16.55187998538428,5.29937090838308,0.053086536246878396,0.062124910456895006,0.9397371379350121,0.9248878269985644,42.77906674977165,16.40389099403063,16.583939518151766,5.470936932260578,0.1289638506402299,0.041526083571243204,0.8786819767980836,0.3292229431611732,15.554416324908832,4.901323643913835
644f7c1c85c7,CrMo3S8,1.46,0.0,0.0,0.0,0.0,0,0,0,0,0.0,0.0,0.0,0.0,0,0,0.0,0.0,0.0,0.0,0.0,0.0,0.0,0.0,0,0.0,0,0.0,0.0,0.0,0.0,0.0,0,0.0,0.0,0.0,0.0,0.0,71.0957122837981,65.75204170087319,5.069848913317534,3.7395945816852003,0.055346234143868155,0.15221937478149436,0.0041373391777446865,0.02386721236421995,48.361868287025366,34.30468990223151,17.824087933034136,28.299243171132172,0.15203469315717819,0.10373908500634377,0.28059704503050775,0.5692387491603851,0.020975684534314958,0.08925369803716696
6523c349753c,WCr3Te8,0.99,0.0,0.0,0.0,0.0,0,0,0,0,0.0,0.0,0.0,0.0,0,0,0.0,0.0,0.0,0.0,0.0,0.0,0.0,0.0,0,0.0,0,0.0,0.0,0.0,0.0,0.0,0,0.0,0.0,0.0,0.0,0.0,74.21811803271278,58.10502430082516,14.84078408970881,4.023843739270089,0.030294016320867305,0.015181145985601496,0.9540310732096039,0.9676439109164452,18.194919087916773,4.927649111148032,15.482061333501218,4.345904635321482,0.11788005756718047,0.03217588746746414,0.4495869554281065,0.06108655922910783,14.158569172376911,3.8936478927839615
671e6de2497a,AsBrTe,0.694,0.0,0.0,0.0,0.0,0,0,0,0,0.0,0.0,0.0,0.0,0,0,0.0,0.0,0.0,0.0,0.0,0.0,0.0,0.0,0,0.0,0,0.0,0.0,0.0,0.0,0.0,0,0.0,0.0,0.0,0.0,0.0,94.46909931088607,91.42059811590583,89.60631924343122,84.15468740754119,0.44913044796939094,0.3684366550828382,0.4563703565593188,0.2230754649436238,41.141138386281206,37.00112097091327,41.10005197227712,19.620786027640424,0.9402052450386356,0.9367622226264295,40.244926302690516,31.00567153797632,40.89366786309285,18.772846020622573
6e2a4c6f4f57,SeTeW,1.394,0.0,0.0,0.0,0.0,0,0,0,0,0.0,0.0,0.0,0.0,0,0,0.0,0.0,0.0,0.0,0.0,0.0,0.0,0.0,0,0.0,0,0.0,0.0,0.0,0.0,0.0,0,0.0,0.0,0.0,0.0,0.0,169.50846344194602,174.99267059116508,20.72892168524828,10.753515156912286,0.1400406692765779,0.11131676547813098,0.5626596005567565,0.6118541202127056,150.49254367446878,162.4805482062354,12.311554920912032,8.757164353868776,0.1852441151233966,0.09577666773490179,2.9028920661839384,1.1970465247875317,11.663326795394084,6.579582555526561
70cbc0e44d36,BiISe,2.089,0.0,0.0,0.0,0.0,0,0,0,0,0.0,0.0,0.0,0.0,0,0,0.0,0.0,0.0,0.0,0.0,0.0,0.0,0.0,0,0.0,0,0.0,0.0,0.0,0.0,0.0,0,0.0,0.0,0.0,0.0,0.0,115.21455935429478,161.77005109939194,90.98198068844403,152.5159371490072,0.04678122458735543,0.7568911988384506,0.5437141053726449,0.14919382823534713,28.15636981340608,117.03487180756608,49.5941025271733,26.455788450734545,0.882026646158727,0.9130926115266643,4.256248471988535,115.43797051068184,49.4681862350486,22.75443653016198
70e7ab872359,HfZr3Se8,0.95,0.0,0.0,0.0,0.0,0,0,0,0,0.0,0.0,0.0,0.0,0,0,0.0,0.0,0.0,0.0,0.0,0.0,0.0,0.0,0,0.0,0,0.0,0.0,0.0,0.0,0.0,0,0.0,0.0,0.0,0.0,0.0,84.66554525710094,103.1765583515845,73.35290057258905,19.530083985160687,0.05518228195633425,0.2354967227125658,0.028448520359215322,0.11033816814339144,8.216390150339885,29.486391632771646,8.359991425267253,57.827934563983376,0.8968493498434547,0.21119206186027803,4.047780441711561,4.599270772806508,2.0867814853467967,2.154913690609216
72b286460831,Cr2Mo2S8,1.344,0.0,0.0,0.0,0.0,0,0,0,0,0.0,0.0,0.0,0.0,0,0,0.0,0.0,0.0,0.0,0.0,0.0,0.0,0.0,0,0.0,0,0.0,0.0,0.0,0.0,0.0,0,0.0,0.0,0.0,0.0,0.0,60.825280052905164,53.478074010288786,4.537003863307803,3.026207291009003,0.07154724609792903,0.04299723792207097,0.014452905061509431,0.08758709337605314,25.064328688751498,6.87721431076815,31.495776730952596,43.917341986437506,0.13397004090923073,0.088506956623407,0.32461013195533817,0.13011855489301996,0.0655728861000892,0.2650567005728984
75ee10091f43,STeW,3.947,0.0,0.0,0.0,0.0,0,0,0,0,0.0,0.0,0.0,0.0,0,0,0.0,0.0,0.0,0.0,0.0,0.0,0.0,0.0,0,0.0,0,0.0,0.0,0.0,0.0,0.0,0,0.0,0.0,0.0,0.0,0.0,149.58772369250656,171.77859909161674,14.26572968647465,13.055907486126262,0.2448839767329314,0.14581747545318025,0.28848000874614876,0.7604305791366057,137.26863301852546,156.48989114073638,5.604606160513893,14.048698461331101,0.2588613608010821,0.12633513107878944,3.493448616620947,1.9037794693772083,4.115377824724401,9.928111290828939
7a8373382b33,S2Sn2,4.469,0.0,0.0,0.0,0.0,0,0,0,0,0.0,0.0,0.0,0.0,0,0,0.0,0.0,0.0,0.0,0.0,0.0,0.0,0.0,0,0.0,0,0.0,0.0,0.0,0.0,0.0,0,0.0,0.0,0.0,0.0,0.0,63.92273405797101,99.29548540683763,35.33915898550725,88.20762030874566,0.44009905388979,0.9658075820929931,0.55990094611021,0.034192417907006896,43.647430434782606,92.11069216510698,20.275303623188407,7.184793241730645,0.7480869565217392,0.8117045183886187,15.55273043478261,85.19158849256644,19.786428550724636,3.01603181617922
7fe9c5cb910c,BiClSe,0.746,0.0,0.0,0.0,0.0,0,0,0,0,0.0,0.0,0.0,0.0,0,0,0.0,0.0,0.0,0.0,0.0,0.0,0.0,0.0,0,0.0,0,0.0,0.0,0.0,0.0,0.0,0,0.0,0.0,0.0,0.0,0.0,92.02474857881842,150.6633326889619,72.31863484617479,143.22070017398028,0.22351446903138908,0.8465633410860076,0.6761765722666572,0.12805090253385767,35.51471976041384,123.5682966363812,49.15061148924584,22.876725304465495,0.9012659950993738,0.9149913009858883,16.16426126871767,121.2453944519621,48.900166621290495,18.3395399188092
81af2831dbb2,Hf2Zr2Se8,0.698,0.0,0.0,0.0,0.0,0,0,0,0,0.0,0.0,0.0,0.0,0,0,0.0,0.0,0.0,0.0,0.0,0.0,0.0,0.0,0,0.0,0,0.0,0.0,0.0,0.0,0.0,0,0.0,0.0,0.0,0.0,0.0,89.79872401120055,121.20899980479498,73.2375423521176,22.207159730971952,0.10343121688855172,0.37098777435585445,0.016022211200464178,0.06283791021432486,17.895855967798386,66.29510922610072,6.393981799089953,39.28471203705347,0.872033601680084,0.22068818654504807,7.575048127406368,8.23858476335824,1.1734273713685681,1.3954515092899862
82b85dfd7723,P2Sb2Te6,2.596,0.0,0.0,0.0,0.0,0,0,0,0,0.0,0.0,0.0,0.0,0,0,0.0,0.0,0.0,0.0,0.0,0.0,0.0,0.0,0,0.0,0,0.0,0.0,0.0,0.0,0.0,0,0.0,0.0,0.0,0.0,0.0,116.15571508070452,102.08912440913907,102.00234806325622,86.98199113247792,0.9194004999753282,0.7459039213630887,0.06899899820816528,0.19481958652841616,97.98898660501916,76.13846132385454,14.724623623171128,18.050616556572347,0.8309662231363342,0.8141023935211399,93.78100980801523,64.88020827368469,7.038059831245267,16.94579554784771
846b50801a93,Ti2Zr2Se8,1.767,0.0,0.0,0.0,0.0,0,0,0,0,0.0,0.0,0.0,0.0,0,0,0.0,0.0,0.0,0.0,0.0,0.0,0.0,0.0,0,0.0,0,0.0,0.0,0.0,0.0,0.0,0,0.0,0.0,0.0,0.0,0.0,75.34152232248144,63.03313644757343,62.41952942409657,11.255804691557502,0.02518733926296715,0.08172901132778092,0.9647112124131825,0.8504160761836855,7.014656335985884,22.10190801546541,61.30451061748236,11.837848692942465,0.7930311580087525,0.14726758612730104,1.572181864239481,0.9199257891395927,60.21681990898052,9.57211726008425
899032b4ad0c,MoCr3Te8,1.409,0.0,0.0,0.0,0.0,0,0,0,0,0.0,0.0,0.0,0.0,0,0,0.0,0.0,0.0,0.0,0.0,0.0,0.0,0.0,0,0.0,0,0.0,0.0,0.0,0.0,0.0,0,0.0,0.0,0.0,0.0,0.0,64.69270440827482,57.96176939221634,12.889249941270952,6.5298769400813,0.9769915929374378,0.9599248497403905,0.011597712963066121,0.00721749138590071,13.391010858882476,6.764945288417848,10.397313804923655,4.273452049074631,0.10307548481434434,0.05374138799169809,12.592688831891083,6.268191140530782,0.14948582112807737,0.04712933056602847
916afba26723,STeW,3.622,0.0,0.0,0.0,0.0,0,0,0,0,0.0,0.0,0.0,0.0,0,0,0.0,0.0,0.0,0.0,0.0,0.0,0.0,0.0,0,0.0,0,0.0,0.0,0.0,0.0,0.0,0,0.0,0.0,0.0,0.0,0.0,162.50006655554472,160.28752819680386,17.455963525825307,25.070121067621777,0.08670615893149974,0.08112996074762986,0.7406747455777911,0.805681762885573,143.79509868329657,134.76183624091385,15.6542132089795,22.65983956383588,0.20353150635189654,0.25785600367531003,1.5135395477726716,2.0339379381544833,12.929191343305861,20.19853933751626
961c37d6e527,MoCr3Se8,0.977,0.0,0.0,0.0,0.0,0,0,0,0,0.0,0.0,0.0,0.0,0,0,0.0,0.0,0.0,0.0,0.0,0.0,0.0,0.0,0,0.0,0,0.0,0.0,0.0,0.0,0.0,0,0.0,0.0,0.0,0.0,0.0,59.912818868962475,54.36009779909375,7.970080267356147,3.413819696345555,0.010595242532486292,0.006615292754087087,0.9782791516217079,0.9745621152744033,11.173120255253604,2.472884128758901,8.196584882825395,3.6057764962043204,0.10133127956870946,0.04360619078444067,0.08444493343602157,0.022583416700994532,7.796963362306086,3.3269793444359452
968a6902b7f5,BiClTe,1.175,0.0,0.0,0.0,0.0,0,0,0,0,0.0,0.0,0.0,0.0,0,0,0.0,0.0,0.0,0.0,0.0,0.0,0.0,0.0,0,0.0,0,0.0,0.0,0.0,0.0,0.0,0,0.0,0.0,0.0,0.0,0.0,142.17189975903548,164.86619801019367,128.8530184257686,151.06570179598083,0.3167918891707501,0.7371227427376444,0.6670545871326529,0.24834272247117306,52.74653096077362,114.71578312018619,87.12903778157268,47.30099664084673,0.9276419256949087,0.8887889726417731,40.8195911324527,111.35396444144048,85.95199700679719,37.516067656032256
988b11badabb,Cr2Mo2Te8,1.105,0.0,0.0,0.0,0.0,0,0,0,0,0.0,0.0,0.0,0.0,0,0,0.0,0.0,0.0,0.0,0.0,0.0,0.0,0.0,0,0.0,0,0.0,0.0,0.0,0.0,0.0,0,0.0,0.0,0.0,0.0,0.0,74.03590037466961,60.2162667776907,18.402582585356544,5.323028983803553,0.9512992260726236,0.954970064750813,0.04077074102610871,0.033547010359570126,18.462519414697944,5.566666666666667,24.235313496280547,10.745630877742943,0.1478241913948609,0.042874869383490076,17.50636257118722,5.083333333333334,0.7502869287991498,0.17857170846394985
99fd027b1d0b,BiClS,0.461,0.0,0.0,0.0,0.0,0,0,0,0,0.0,0.0,0.0,0.0,0,0,0.0,0.0,0.0,0.0,0.0,0.0,0.0,0.0,0,0.0,0,0.0,0.0,0.0,0.0,0.0,0,0.0,0.0,0.0,0.0,0.0,65.41251924042528,144.6859005235936,36.93779270417362,139.97251471854298,0.2672048326247555,0.9302573834009953,0.27332606375867086,0.029790117224433726,38.243881521171375,132.48052527823128,10.167147887917237,4.892923889703481,0.8612950513066775,0.915093427182981,9.869956717046625,130.2104652901291,10.096061483765524,4.169797621664171
9c2979187585,WMo3S8,1.816,0.0,0.0,0.0,0.0,0,0,0,0,0.0,0.0,0.0,0.0,0,0,0.0,0.0,0.0,0.0,0.0,0.0,0.0,0.0,0,0.0,0,0.0,0.0,0.0,0.0,0.0,0,0.0,0.0,0.0,0.0,0.0,100.72739026336794,95.68563339240679,6.093578321120219,5.640656908186219,0.01970000639378653,0.04887348300148714,0.04340773819623068,0.11825254169499984,34.399140970761096,19.64209665326154,60.47498512660524,71.20133051598391,0.18145541609228757,0.15496557835185062,0.12004353188710731,0.27567854951946014,0.26450845244141336,0.6670220162224797
a0dbdc6630fa,PbSe,1.603,0.0,0.0,0.0,0.0,0,0,0,0,0.0,0.0,0.0,0.0,0,0,0.0,0.0,0.0,0.0,0.0,0.0,0.0,0.0,0,0.0,0,0.0,0.0,0.0,0.0,0.0,0,0.0,0.0,0.0,0.0,0.0,104.57794533030908,161.9327544900859,91.68638691112608,117.34841137899957,0.31387058398046747,0.8630374390884294,0.6861294160195326,0.13696256091157055,41.39144005333782,134.06078236389425,63.18650527697126,27.871972126191647,0.9356047215922888,0.6923345252475832,28.77765980285423,101.2760724376273,62.908727108271854,16.07233894137227
a148361e5e9a,TiZr3Se8,1.321,0.0,0.0,0.0,0.0,0,0,0,0,0.0,0.0,0.0,0.0,0,0,0.0,0.0,0.0,0.0,0.0,0.0,0.0,0.0,0,0.0,0,0.0,0.0,0.0,0.0,0.0,0,0.0,0.0,0.0,0.0,0.0,78.33901889395392,72.30704249196918,66.80957310160747,12.216995150507895,0.032739435383143924,0.10909616882898628,0.9626945347292883,0.8584423920355669,9.988568378118998,40.7711664826919,65.32718090211131,12.855593287608368,0.8449046305182341,0.15571706748359732,2.187307701535508,1.3328273655227159,64.31721089251438,10.487586540488918
a1d716aad84d,Mo2W2Se8,1.784,0.0,0.0,0.0,0.0,0,0,0,0,0.0,0.0,0.0,0.0,0,0,0.0,0.0,0.0,0.0,0.0,0.0,0.0,0.0,0,0.0,0,0.0,0.0,0.0,0.0,0.0,0,0.0,0.0,0.0,0.0,0.0,125.45312252964426,113.68238278931749,14.089073969508753,11.044255192878339,0.055258649192942356,0.024696970429730507,0.03652769845802398,0.03866558980137638,67.68135516657256,42.55050445103856,44.53002823263692,59.03014540059347,0.17165443252399779,0.13694362017804157,0.7785431959345,0.27275964391691393,0.5146414455110107,0.42703264094955484
a7233837cfe9,CrMo3Se8,1.311,0.0,0.0,0.0,0.0,0,0,0,0,0.0,0.0,0.0,0.0,0,0,0.0,0.0,0.0,0.0,0.0,0.0,0.0,0.0,0,0.0,0,0.0,0.0,0.0,0.0,0.0,0,0.0,0.0,0.0,0.0,0.0,77.3344898269144,70.94794019524376,11.301860725740186,5.821640774164253,0.049501706601519056,0.059862248972250495,0.9461082274141329,0.9360823472808947,46.7735155193893,36.902513195981605,11.462981949267101,6.000762812872466,0.1422058472711851,0.07310290027810885,0.5594613936968219,0.34849650945002564,10.692783417711453,5.449535160905839
a80866a2c6b4,BiClSe,3.032,0.0,0.0,0.0,0.0,0,0,0,0,0.0,0.0,0.0,0.0,0,0,0.0,0.0,0.0,0.0,0.0,0.0,0.0,0.0,0,0.0,0,0.0,0.0,0.0,0.0,0.0,0,0.0,0.0,0.0,0.0,0.0,98.7962092644389,155.73129925068108,72.3161304515958,147.20654705300765,0.2467803006713205,0.8813125949707331,0.6715073049717993,0.09897391632667361,43.92181153628929,131.0640569660934,48.77059535021081,20.778438932590554,0.8670765689799649,0.8871721892119331,17.846196416231248,129.7349839799675,48.560809865540165,14.569608470762923
a84d988e38ac,BiITe,0.467,0.0,0.0,0.0,0.0,0,0,0,0,0.0,0.0,0.0,0.0,0,0,0.0,0.0,0.0,0.0,0.0,0.0,0.0,0.0,0,0.0,0,0.0,0.0,0.0,0.0,0.0,0,0.0,0.0,0.0,0.0,0.0,133.32969883302653,170.44643634588545,124.35426467485945,161.99811356563848,0.058528643958810404,0.6673229134811597,0.41799092546387945,0.2491515897088557,15.632719607940695,110.24006922492835,52.388437235683355,45.08847922598778,0.9551470222399124,0.9402381668608051,7.278286481914523,108.10505312307365,51.978954176824715,40.36208752471457
a9f87eba4b96,CrW3S8,1.909,0.0,0.0,0.0,0.0,0,0,0,0,0.0,0.0,0.0,0.0,0,0,0.0,0.0,0.0,0.0,0.0,0.0,0.0,0.0,0,0.0,0,0.0,0.0,0.0,0.0,0.0,0,0.0,0.0,0.0,0.0,0.0,111.30564086705745,91.20546014639827,5.553682147895049,6.003619331226084,0.11829313600784268,0.2699951765911695,0.006456663214098384,0.02593482967427972,87.04176546189774,58.43977241723507,19.254253136265323,28.419229236399932,0.15585718316040248,0.14363666611212775,0.6569624776652769,1.6209482615205455,0.035858255227108865,0.15570284478456162
aa9a981d89aa, ,4.457,0.0,0.0,0.0,0.0,0,0,0,0,0.0,0.0,0.0,0.0,0,0,0.0,0.0,0.0,0.0,0.0,0.0,0.0,0.0,0,0.0,0,0.0,0.0,0.0,0.0,0.0,0,0.0,0.0,0.0,0.0,0.0,83.94383893354006,119.00713432110166,72.52450837951687,109.39234265735934,0.2000931435476961,0.6693840808201772,0.7808621722709003,0.29383215189534945,19.877066552493357,75.37428893146456,59.30126295748332,39.21255812856052,0.8312524804313143,0.8873854152588241,14.51165686590876,73.22549273846234,56.631645156108654,32.142987443885325
acdcd16c0d76,BiIS,1.858,0.0,0.0,0.0,0.0,0,0,0,0,0.0,0.0,0.0,0.0,0,0,0.0,0.0,0.0,0.0,0.0,0.0,0.0,0.0,0,0.0,0,0.0,0.0,0.0,0.0,0.0,0,0.0,0.0,0.0,0.0,0.0,105.89905935235097,158.47442057546152,86.54418890716765,151.61019696095983,0.053536866107535774,0.8028530442804,0.829203741936477,0.16784572579013712,23.637759099413053,123.64640163756309,72.02065654721015,29.083229764521796,0.9041433624516859,0.9215147394055303,4.633304653908318,121.72070817405765,71.76276528468075,25.447123546097945
b13beafa16aa,AsIS,2.033,0.0,0.0,0.0,0.0,0,0,0,0,0.0,0.0,0.0,0.0,0,0,0.0,0.0,0.0,0.0,0.0,0.0,0.0,0.0,0,0.0,0,0.0,0.0,0.0,0.0,0.0,0,0.0,0.0,0.0,0.0,0.0,88.5643633448035,84.99292079525262,80.3075894524868,75.93483058851297,0.8283390419729494,0.4106766340780642,0.045590094978075195,0.5638050522975212,67.07329145442867,37.55643503644882,11.142116635634057,43.46161915254259,0.8888039788780002,0.8775945085073535,66.52191171022984,31.184660635378535,3.6612306305991424,42.812441131159964
b8fb10416122,ZrHf3Se8,0.725,0.0,0.0,0.0,0.0,0,0,0,0,0.0,0.0,0.0,0.0,0,0,0.0,0.0,0.0,0.0,0.0,0.0,0.0,0.0,0,0.0,0,0.0,0.0,0.0,0.0,0.0,0,0.0,0.0,0.0,0.0,0.0,93.97079354113592,139.10976589147288,74.93913124531693,27.429037519379847,0.14370036827658836,0.5306758821517571,0.007880668860606281,0.028433354044329364,26.14491990109396,102.80470542635659,3.2119105050202306,21.00273488372093,0.8720215794994753,0.24325581395348836,10.768780758279632,14.555928682170544,0.5905704780458564,0.7798995348837209
badda86cab42,BiClTe,1.458,0.0,0.0,0.0,0.0,0,0,0,0,0.0,0.0,0.0,0.0,0,0,0.0,0.0,0.0,0.0,0.0,0.0,0.0,0.0,0,0.0,0,0.0,0.0,0.0,0.0,0.0,0,0.0,0.0,0.0,0.0,0.0,136.30151234156102,159.87306152396184,130.70342723148767,151.33016852116293,0.26004628208159947,0.7025864357447734,0.7218041907495297,0.2734935301962847,38.478045630420276,109.36048064202889,95.4063242161441,46.54444507911121,0.9689126084056038,0.9352259096361455,33.98894030687125,106.32252372193977,94.342281521014,41.38782201405152
c04fc052f2ca,Mo2W2Te8,1.645,0.0,0.0,0.0,0.0,0,0,0,0,0.0,0.0,0.0,0.0,0,0,0.0,0.0,0.0,0.0,0.0,0.0,0.0,0.0,0,0.0,0,0.0,0.0,0.0,0.0,0.0,0,0.0,0.0,0.0,0.0,0.0,134.02809829509576,124.26749899275636,19.872758366659657,17.530448883144057,0.03018064570453095,0.05407214042375566,0.9487343044135508,0.9149102148158147,69.40917701536519,49.06511270100894,19.753693959166494,19.61897012554213,0.15538833929699014,0.13651962182358277,0.5997726794359083,0.9479088937008361,18.85396758577142,16.03878675349499
c55716558616,HfTi3Se8,1.191,0.0,0.0,0.0,0.0,0,0,0,0,0.0,0.0,0.0,0.0,0,0,0.0,0.0,0.0,0.0,0.0,0.0,0.0,0.0,0,0.0,0,0.0,0.0,0.0,0.0,0.0,0,0.0,0.0,0.0,0.0,0.0,78.35946553246787,64.06760113944618,59.82938856086698,10.654072337156414,0.08024463752232097,0.17375218110802076,0.9000070044814573,0.7549862939357865,12.109432837515612,16.769728225768073,54.930211574126645,9.975417604307596,0.7335326697197936,0.1281027133232261,4.8009875982488674,1.8511683062635553,53.84686877862306,8.043678589153505
c798e725e2fb,WCr3Se8,1.16,0.0,0.0,0.0,0.0,0,0,0,0,0.0,0.0,0.0,0.0,0,0,0.0,0.0,0.0,0.0,0.0,0.0,0.0,0.0,0,0.0,0,0.0,0.0,0.0,0.0,0.0,0,0.0,0.0,0.0,0.0,0.0,68.34936030212047,55.78390724338462,7.984890045036595,3.9761187330098755,0.012961241590496487,0.02227399654434404,0.9742082044031792,0.9484767875762582,18.922169262525802,3.359108082997833,8.149371364233442,4.0375265820171355,0.10105085381872775,0.05048002477547228,0.10349408894726968,0.08856405491896356,7.778945393131922,3.7712563229069884
c96ef4fc869c,BiClS,1.181,0.0,0.0,0.0,0.0,0,0,0,0,0.0,0.0,0.0,0.0,0,0,0.0,0.0,0.0,0.0,0.0,0.0,0.0,0.0,0,0.0,0,0.0,0.0,0.0,0.0,0.0,0,0.0,0.0,0.0,0.0,0.0,67.30128829944884,151.56765333247782,36.35646784714612,147.48655343736672,0.27632188122921975,0.947720043982357,0.18669758460214714,0.024323643744359087,40.84355063450568,140.62965670379535,6.902095320426039,4.714894618329635,0.8483753497558566,0.8986232012363546,10.046087590373057,139.77596291046743,6.787664731727805,3.5874103828938875
cce78d90e899,Hf2Ti2Se8,1.409,0.0,0.0,0.0,0.0,0,0,0,0,0.0,0.0,0.0,0.0,0,0,0.0,0.0,0.0,0.0,0.0,0.0,0.0,0.0,0,0.0,0,0.0,0.0,0.0,0.0,0.0,0,0.0,0.0,0.0,0.0,0.0,85.95006841415169,79.75194668407254,66.4248904021069,13.497639957545477,0.12574700300598238,0.3032004277840713,0.8638054064880413,0.6534683959209259,20.586101933704768,37.71295735687316,58.45293940407178,10.883583339188705,0.787968727106055,0.1468527072154197,8.352730893065786,4.092490209203163,57.378179454715536,8.820281131775436
cf7927ab6730,Bi2P2Te6,1.814,0.0,0.0,0.0,0.0,0,0,0,0,0.0,0.0,0.0,0.0,0,0,0.0,0.0,0.0,0.0,0.0,0.0,0.0,0.0,0,0.0,0,0.0,0.0,0.0,0.0,0.0,0,0.0,0.0,0.0,0.0,0.0,121.99165032151731,132.523089324226,109.46654052063785,119.02049217730465,0.12352068708885197,0.4436395843730525,0.8651496680816615,0.5237411474035389,19.278304034427194,55.22913632537323,98.50909850787615,71.97789987676146,0.8469443012163835,0.8665354510426141,13.521382298348843,52.80220168141558,94.70494119747758,62.33592913747546
d59c96fdfda1,SeSn,0.873,0.0,0.0,0.0,0.0,0,0,0,0,0.0,0.0,0.0,0.0,0,0,0.0,0.0,0.0,0.0,0.0,0.0,0.0,0.0,0,0.0,0,0.0,0.0,0.0,0.0,0.0,0,0.0,0.0,0.0,0.0,0.0,91.70971123276267,101.280680094134,79.74838917625229,78.22631858074065,0.3313445024212077,0.6486486114316874,0.6686554975787924,0.35135138856831255,38.07593007399393,66.65881594904775,53.63378115876874,34.621864145086256,0.8979262756705261,0.7755266179521844,26.424190330498142,50.741392924810235,53.324198845754154,27.484925655930418
da5fd2bb47af,ClSbTe,2.891,0.0,0.0,0.0,0.0,0,0,0,0,0.0,0.0,0.0,0.0,0,0,0.0,0.0,0.0,0.0,0.0,0.0,0.0,0.0,0,0.0,0,0.0,0.0,0.0,0.0,0.0,0,0.0,0.0,0.0,0.0,0.0,102.80879896757679,117.68600320673082,84.01801466417626,93.60764780922769,0.6730119282291975,0.2676331355439134,0.2268588079334894,0.7172801196847105,57.42129459986344,43.841068239810625,36.52322319888471,71.34719399177241,0.8369734857958577,0.7876067407152303,56.54512605512626,25.05250829407394,19.06022665165346,67.14290482400706
dc4259e69783,WCr3S8,1.317,0.0,0.0,0.0,0.0,0,0,0,0,0.0,0.0,0.0,0.0,0,0,0.0,0.0,0.0,0.0,0.0,0.0,0.0,0.0,0,0.0,0,0.0,0.0,0.0,0.0,0.0,0,0.0,0.0,0.0,0.0,0.0,64.79529941354971,53.53767843882408,3.721698175866888,1.8278971519678506,0.02694769286480659,0.04832570873864688,0.01333799027792427,0.055915063141145485,21.029806675986222,3.5735290263399295,40.093143356404916,48.32119108461101,0.11289167717958332,0.053509806491067145,0.10029117937877184,0.0883344253702005,0.04963997408708104,0.10220698466780237
de5756e4fbfa,BiBrSe,2.784,0.0,0.0,0.0,0.0,0,0,0,0,0.0,0.0,0.0,0.0,0,0,0.0,0.0,0.0,0.0,0.0,0.0,0.0,0.0,0,0.0,0,0.0,0.0,0.0,0.0,0.0,0,0.0,0.0,0.0,0.0,0.0,102.87522690027072,156.35710858405992,74.8062459409472,147.59167667935645,0.1393284793900369,0.8342947265352202,0.2543605454913549,0.06771474584284409,38.07246815331866,124.16150991035244,19.286135167629787,12.535596217610216,0.8624219992836764,0.8974579393343975,10.422640495829294,123.13495753407832,19.027757523699783,9.994132874861842
df0019ec24b5,ISbSe,2.431,0.0,0.0,0.0,0.0,0,0,0,0,0.0,0.0,0.0,0.0,0,0,0.0,0.0,0.0,0.0,0.0,0.0,0.0,0.0,0,0.0,0,0.0,0.0,0.0,0.0,0.0,0,0.0,0.0,0.0,0.0,0.0,102.76493598255331,116.70793072120276,80.55059630395326,102.33790348884176,0.5022005569620713,0.2543073546092068,0.03212907264172378,0.6905859369071706,40.70860431679369,33.269437539763565,23.968620168563326,71.630006569779,0.8150698723330596,0.8569297123477697,40.45255432747229,26.02528151249966,2.5880159599838812,70.67311696195739
e688959ea45b,SnTe,0.806,0.0,0.0,0.0,0.0,0,0,0,0,0.0,0.0,0.0,0.0,0,0,0.0,0.0,0.0,0.0,0.0,0.0,0.0,0.0,0,0.0,0,0.0,0.0,0.0,0.0,0.0,0,0.0,0.0,0.0,0.0,0.0,125.37263338513102,122.16169802879173,119.24712638258086,93.69048293286312,0.7921508197157728,0.3808332216840534,0.20784918028422722,0.6191667783159465,95.63014847499659,49.54293233676343,29.742484910134444,72.6187656920283,0.9490851585436408,0.7682974971708292,94.46170891271179,35.680448456457086,24.785417469869078,58.01003447640603
eadd37f03ca5,GeTe,0.952,0.0,0.0,0.0,0.0,0,0,0,0,0.0,0.0,0.0,0.0,0,0,0.0,0.0,0.0,0.0,0.0,0.0,0.0,0.0,0,0.0,0,0.0,0.0,0.0,0.0,0.0,0,0.0,0.0,0.0,0.0,0.0,110.83378369951778,93.56767142149215,106.30550853422004,65.19623068170479,0.8159344686632365,0.4521332818922362,0.18406553133676357,0.5478667181077637,88.6740684144554,48.58753408628816,22.159715285062376,44.980137335203985,0.9491394358477947,0.7227381817700204,86.73832862184398,29.477385745122493,19.567179912376066,35.71884493658229
eef072f845ce,CrW3Te8,1.592,0.0,0.0,0.0,0.0,0,0,0,0,0.0,0.0,0.0,0.0,0,0,0.0,0.0,0.0,0.0,0.0,0.0,0.0,0.0,0,0.0,0,0.0,0.0,0.0,0.0,0.0,0,0.0,0.0,0.0,0.0,0.0,122.5226282331315,107.79359577880805,15.469095707179932,8.888968929933451,0.03983721391383312,0.09820497826062018,0.9561647131927962,0.8952338440932878,85.45935986159171,70.2270724594332,15.591262975778548,9.169490764974205,0.12045847750865053,0.06823450235549244,0.6162456747404845,0.8729410005234428,14.791003460207614,7.957705825170122
f1e78a09001d,BrSbTe,1.315,0.0,0.0,0.0,0.0,0,0,0,0,0.0,0.0,0.0,0.0,0,0,0.0,0.0,0.0,0.0,0.0,0.0,0.0,0.0,0,0.0,0,0.0,0.0,0.0,0.0,0.0,0,0.0,0.0,0.0,0.0,0.0,110.6597972593697,114.98478626627629,97.71102427821329,104.73584358107242,0.6057285929864794,0.3166747184517503,0.12876510271241523,0.5371450426040232,59.85753874454083,39.988530819927746,24.381852631553066,58.568343895585606,0.8918512693502405,0.9135826636488846,59.18636125530986,33.16719377784267,12.581770077319433,56.258339162523455
f4f45fcade85,BiBrTe,0.498,0.0,0.0,0.0,0.0,0,0,0,0,0.0,0.0,0.0,0.0,0,0,0.0,0.0,0.0,0.0,0.0,0.0,0.0,0.0,0,0.0,0,0.0,0.0,0.0,0.0,0.0,0,0.0,0.0,0.0,0.0,0.0,133.90827011079605,166.29185907832886,124.98371899080516,157.13521761293396,0.22646006470961294,0.6969017025128781,0.6714667522492873,0.2571757192533188,36.10031199573505,112.0279684983559,84.82492466758589,45.998624952395254,0.9527970027723689,0.9310224290380533,28.303821090305817,109.50780067918527,83.92241187479351,40.41136260963306
f705a30af945,ClSbSe,1.483,0.0,0.0,0.0,0.0,0,0,0,0,0.0,0.0,0.0,0.0,0,0,0.0,0.0,0.0,0.0,0.0,0.0,0.0,0.0,0,0.0,0,0.0,0.0,0.0,0.0,0.0,0,0.0,0.0,0.0,0.0,0.0,73.62901486919098,88.08195913917973,53.302365312040294,79.699754276045,0.1292504031882851,0.6123228933505039,0.64879877890562,0.29491909090357415,26.86170820161531,52.788390504518425,34.728935959382895,27.60619120878827,0.8282518682473704,0.9070105467726777,6.88935220747047,48.801984137632076,34.58250952723302,23.504979076329438
fba4cc0df459,AsClTe,0.634,0.0,0.0,0.0,0.0,0,0,0,0,0.0,0.0,0.0,0.0,0,0,0.0,0.0,0.0,0.0,0.0,0.0,0.0,0.0,0,0.0,0,0.0,0.0,0.0,0.0,0.0,0,0.0,0.0,0.0,0.0,0.0,82.05436490809412,79.08945545867363,76.3800853813397,72.0111180078225,0.639455453666533,0.40082344782326707,0.20265369466329158,0.4702933009350822,50.23057696691758,35.39756609990533,19.603492426717978,34.308969796975354,0.9295310488553029,0.9400126636804658,48.8416621486131,28.86374460150357,15.478706501226156,33.86634639192459
