uid,Formula,alpha_R,E_pfrac_VBM_w05,E_pfrac_CBM_w05,max_mass,max_Z,max_Z4,X_diff,X_mean,radius_diff,radius_mean,WM_VBM_w05,WZ4_VBM_w05,pZ4_VBM_w05,Wr_VBM_w05,WX_VBM_w05,WM_CBM_w05,WZ4_CBM_w05,pZ4_CBM_w05,Wr_CBM_w05,WX_CBM_w05,E_pfrac_VBM_w10,E_pfrac_CBM_w10,WM_VBM_w10,WZ4_VBM_w10,pZ4_VBM_w10,Wr_VBM_w10,WX_VBM_w10,WM_CBM_w10,WZ4_CBM_w10,pZ4_CBM_w10,Wr_CBM_w10,WX_CBM_w10
001e03f2c095,SSeW,3.288,0.2040084770471979,0.1538513948793292,183.84,74,29986576,0.2200000000000002,2.4966666666666666,0.3500000000000001,1.1666666666666667,156.254245634959,23938666.554935515,409024.801619392,1.2895861107291413,2.4028891799649674,163.83866559851717,25130525.446196284,393728.4901277952,1.3086684258155714,2.393340043520429,0.224009385476083,0.1944202818853834,154.01274139554604,23451720.671656474,573968.9373260832,1.2846535999287771,2.4063528317062355,158.99504935428067,23946768.30684461,510197.2483964952,1.2987002884506245,2.401450937676236
03bcf7dcdaf2,Sn2Te2,4.804,0.6395982024848003,0.8128259452411994,127.6,52,7311616,0.1400000000000001,2.03,0.05,1.4249999999999998,123.63792228390164,6838477.068992863,4560372.554269098,1.4222839016653448,2.037605075337034,120.9402270751847,6516326.743155149,5193890.251629726,1.4374565406345066,1.995121686223381,0.6785544244677716,0.8358953535587912,123.66362482145692,6841546.385653072,4798730.550162106,1.4221393429614348,2.0380098397079838,120.70503722180328,6488241.106328674,5335132.3849411225,1.43877931821258,1.991417909004776
04fdd7d1ec5c,ClSbTe,1.018,0.9148500153292562,0.915593217033476,127.6,52,7311616,1.1100000000000003,2.436666666666667,0.4499999999999999,1.2833333333333332,105.54850465525308,5561467.13033095,5023566.763687413,1.321689284043051,2.3265878689106545,105.82027613577635,5561166.478591141,5017809.381234704,1.3413131027488765,2.294778792990805,0.8840911585585108,0.92019295831051,97.4780733386576,4929529.746683372,4165883.373464699,1.2857054720116277,2.4209037884322044,108.85198956036622,5796866.22080654,5289650.366703643,1.356274137050113,2.257103600016571
05a06afa3b20,WMo3Se8,1.643,0.1732631739495157,0.166401293388531,183.84,74,29986576,0.3899999999999997,2.3566666666666665,0.3,1.3166666666666669,109.4766872569206,7831148.341950736,303932.93006939674,1.3803210554411651,2.2636612521924806,101.23836170786076,5355573.78262254,280412.0238101071,1.3856514709844938,2.2503422090488203,0.2290036829903243,0.17766113078223,107.5532586671836,7438871.308623251,457312.47901335976,1.3642074329428404,2.283852250998413,104.7225927244669,6442835.450204315,336644.9825346294,1.3796331248599998,2.2610277612178846
0b7696e1f4c9,CrW3Se8,1.756,0.1418156570039924,0.1080584260731319,183.84,74,29986576,0.8899999999999999,2.19,0.25,1.3,116.37476517965632,14098823.09599028,342285.6226349593,1.3417896198576638,2.1070716889428915,102.02780481418918,11010879.032591416,306396.72893481713,1.3538180643879172,2.0103805643879173,0.1813042425403861,0.1534142461286447,119.81943030722792,14643671.889918644,535443.5543743666,1.3295879562075483,2.15929683247306,101.56165929685558,10677476.711445078,474290.76678368496,1.3431650236662056,2.0416379846584176
0c0fbdaf8f4a,ClSbSe,2.682,0.804787950185123,0.8035844885051758,121.76,51,6765201,1.1100000000000003,2.5866666666666664,0.4499999999999999,1.2,77.22761433860651,2344769.144353753,1091122.026682935,1.1824713901043418,2.599530966004712,101.5932211863653,4717592.339300327,4471575.488953159,1.327184675026415,2.297766586643004,0.7943110472668419,0.8322172034831463,76.22026915401341,2319594.232683762,984960.8719496856,1.1791375562687512,2.6137460864792192,100.0199557433734,4513650.675187356,4274699.372346138,1.3159978426307306,2.316041281864143
0f02957b17cf,ISbTe,3.658,0.8226314474507389,0.8495579375490312,127.6,53,7890481,0.6100000000000003,2.27,0.05,1.4166666666666667,126.08152767598,7394764.090053214,6185342.771352772,1.410917861584845,2.2849457401428297,124.1821878130401,7115274.556588563,5990804.137431933,1.4281205416483544,2.179231314579252,0.848391125348033,0.8724804784156919,126.2384349629103,7456754.178007007,6423195.164660558,1.4091369834865288,2.3278687601669863,124.31628621792292,7125062.332141049,6176563.707425352,1.4269979531776622,2.1779545240966587
114b3382699c,AsITe,0.579,0.9801604016191612,0.9225852152289536,127.6,53,7890481,0.56,2.313333333333333,0.25,1.3166666666666669,125.6409706230883,7599849.521386064,7523336.3527379185,1.3932847242105226,2.5401695150812964,101.26793755183624,4369587.079423371,3863461.619627203,1.2756341996481912,2.2416449791721664,0.9466262309905492,0.9096856795947482,123.601987975698,7302581.731075179,7176561.610318106,1.38330714669633,2.4922933238169733,100.78256573159332,4307963.359147895,3737167.13403122,1.2733048042266846,2.2379915159042483
11db0908d9ef,BiBrSe,0.393,0.8929259186275378,0.922672147328186,208.9804,83,47458321,0.94,2.51,0.4500000000000002,1.3,98.15003247160482,8088822.400758333,3184584.586494812,1.2153675252563954,2.604662148370272,154.38753682700417,28068925.940024137,27529278.462277032,1.4105997875653222,2.3001151718755457,0.9198579768745668,0.9316661883508596,93.95054861614436,6580371.219090527,2957957.507651806,1.2004735514971427,2.6673277702710685,143.91808390699256,24350040.204430472,23378540.33214057,1.374267970398002,2.355089760764316
159f028a85d0,CrMo3Te8,0.896,0.1498559825622129,0.0707033107926463,127.6,52,7311616,0.5000000000000002,1.9733333333333332,0.05,1.4166666666666667,84.73177938863947,2728197.5086799697,1053978.1135013103,1.424501128785323,1.970205776266964,73.3244898463511,1836683.3714250263,485747.7888206463,1.4181731703786424,1.8729048534855348,0.2569664710702297,0.1252595031050306,92.29505337172574,3427340.9582375176,1763449.4152988135,1.4244661571908124,2.0140517207200066,84.13341619554562,2655873.486043499,861352.6995978545,1.4251699623373366,1.9699907381972055
1667d1443160,TiHf3Te8,1.512,0.7339049009536139,0.1989750143614171,178.49,72,26873856,0.8,1.6466666666666665,0.1500000000000001,1.45,130.22090555565018,10809853.392528292,6591679.251669842,1.4325581286118914,1.867184284161048,117.40807887483945,12754899.15034629,2233307.3283374966,1.463289313169258,1.540067643888491,0.7032942480989642,0.1550792284914078,129.47753905242502,10798100.242782988,6073702.011389434,1.4330988084987657,1.857791325035374,115.95100773906256,12672229.97640735,1497268.1679694154,1.4637545668948746,1.5262440223496845
18e377cce57f,Ti2Zr2Te8,1.855,0.6747220967013103,0.1659753560958995,127.6,52,7311616,0.77,1.656666666666667,0.1500000000000001,1.45,105.8577372797108,5190245.361482151,4733302.027076366,1.4188594667871666,1.8826046091278807,72.1895373733442,2028715.0445560813,1101467.9688119593,1.4359039544586492,1.5876736689737383,0.6431649598769135,0.1240123504437783,104.33684509594956,5037695.018741045,4530789.509757284,1.4205883307807947,1.8659925329418656,70.52919093647664,1835060.507339872,855212.7134374136,1.4404624538995343,1.5603762055240724
18e62ba75259,BrSbTe,2.631,0.8258113168339318,0.8070173166426109,127.6,52,7311616,0.91,2.37,0.3,1.3333333333333333,110.38316619583053,5257152.94832374,4139599.0884205066,1.330817114220896,2.369861866045086,118.6116201635047,6311376.880096489,5150453.538681436,1.399199522843228,2.172845110125038,0.83517716605127,0.8451200771706139,110.11322497028806,5221170.979170985,4141154.405569656,1.3278915255747523,2.377639546964448,118.020408357902,6236102.010968692,5321917.563618869,1.3945161377004582,2.186557846938502
1a3bdd1b142a,HgTe,0.618,0.7321670047329278,0.6637727192518088,200.59,80,40960000,0.1,2.05,0.1,1.45,153.22006370436105,19122463.261663288,9300582.014874917,1.4351007860040568,2.0648992139959432,154.3308004235045,19634512.79788248,8012054.885053821,1.4366225516146112,2.0633774483853893,0.8163718961430929,0.6004465462984125,147.0883146890586,16295727.469657265,9454238.90304664,1.4266999790232342,2.0733000209767662,156.40924192612647,20592674.159737,7165822.517044356,1.4394701218333013,2.060529878166699
1a3be826b3e0,AsClSe,3.717,0.830448038176034,0.7921974168922818,78.96,34,1336336,0.98,2.6300000000000003,0.1499999999999999,1.1,63.53652649522799,884145.8777836692,691342.0196712619,1.1001126723223753,2.6654856839872747,69.76990069681773,1050743.9683547115,841788.3500066577,1.126865207935733,2.416869202432205,0.8229245148495816,0.8258043654001617,62.39472886925788,851477.894859817,647236.4482817848,1.096090030664226,2.684130922848452,70.02971972837508,1058749.426839127,876073.3076960386,1.1275472918350848,2.419774292643492
1dcd471c2288,AsBrS,3.109,0.8171667500528035,0.8395957836840761,79.904,35,1500625,0.7799999999999998,2.5733333333333333,0.1499999999999999,1.1,56.63695777846068,770094.1733882541,558456.4099642946,1.0801240282906586,2.6292897674499898,71.02255489957652,1133458.0353970134,1024725.7596377698,1.1316762564848193,2.438053710749797,0.81239137651136,0.8750866369111423,58.17774135018495,814854.7413824105,599686.7850538457,1.0850932461063247,2.634985117706222,68.76495509524416,1067387.7498643612,989846.3106431024,1.124441149725762,2.427531767907266
20f098bd3f31,O2Pb2,1.914,0.8351683575552248,0.9201926519623644,207.2,82,45212176,1.11,2.885,1.2000000000000002,1.2,69.33283369226793,12614423.253338872,5439615.324332029,0.9347276129401346,3.130376958030375,137.07265107436612,28631041.838193137,25126201.71018241,1.3598715761835445,2.7371187920302216,0.8829775241595053,0.8990904811171163,55.05424966214527,9238349.281183409,4185251.073903967,0.8451133500343321,3.213270151218243,133.9849494551926,27900975.814259496,23444151.00383351,1.3404927565406757,2.755044200199875
211bcb7f05d6,GeSe,0.94,0.918841337993551,0.7270089984537553,78.96,34,1336336,0.54,2.28,0.1,1.2,77.00364031456328,1247259.724196002,1160177.4443201558,1.180955058313872,2.382842685105091,75.2439172614832,1167136.6378424694,842950.1634230106,1.2087987775081772,2.232486601455843,0.9034063151276184,0.7457842356027244,77.00756820320133,1247438.5674293062,1143747.007423126,1.1808929081771942,2.383178295843152,75.38678554840199,1173641.6660455945,872994.0420370713,1.2065382033480696,2.244693701920423
24d6cc0a0fed,MoW3Se8,2.097,0.1830422890805806,0.1843965460991365,183.84,74,29986576,0.3899999999999997,2.3566666666666665,0.3,1.3166666666666669,144.77904691773617,18650907.4454029,497909.8674521355,1.337702503681885,2.347282768777614,133.32727798681947,15245815.818169951,452661.4743893686,1.341737172934293,2.3332988233247054,0.2110720286877839,0.1880903063476812,142.51090363719686,18086367.370361317,574999.5217712864,1.328231418965292,2.358299266211551,138.78531312074531,16907660.556538194,544308.8026123855,1.3361742274208266,2.3448498364329904
287dcf4f1a19,Bi2P2S6,1.406,0.8490174010908147,0.9024798032699964,208.9804,83,47458321,0.56,2.263333333333333,0.6000000000000001,1.2,48.671716607025374,4568638.087146135,3095018.8804973606,1.057047008916977,2.450235802095057,115.2132957714946,22372843.936313324,21676677.36250393,1.282436579387091,2.2696915128344903,0.8599441662300487,0.9027750754848928,52.95233155625633,5698684.658696961,3155652.734342802,1.0713422359118323,2.460316582260972,116.56600387301056,22730423.124872416,22072819.69465673,1.2869603281250035,2.272202643141489
2d41b3dd1772,BiITe,2.086,0.8845367752050843,0.910721764623761,208.9804,83,47458321,0.6400000000000001,2.26,0.2000000000000001,1.4666666666666668,142.16213118738975,14751655.072990453,9565442.833188675,1.4362628440238538,2.241122714673685,169.3444187519196,28051257.471450508,27108543.26029597,1.5028619293592071,2.1476671785564707,0.9040246564075758,0.919259222337323,139.01025672610828,13321181.222355502,9016655.964425668,1.4287474746774227,2.31969592687921,168.0666431560744,27413930.81965601,26361605.92813631,1.4997087488163323,2.144693508915607
2ea941c8bc3c,MoSTe,2.525,0.228287841191067,0.2313192585312955,127.6,52,7311616,0.48,2.28,0.4499999999999999,1.2833333333333334,91.94688342334454,3233426.768257676,766280.4005254707,1.39018391475697,2.2034505911545765,96.40190365651156,3576675.839371039,1119099.9415771458,1.4082940797722727,2.1813616184892743,0.2656621523829215,0.2434765337283689,91.20457613977048,3214929.863744443,888727.5811020365,1.38323865398532,2.2092625865812057,96.82317421565304,3644685.223142685,1192442.2235647547,1.406398086615411,2.1812311206375745
2f6f133abcc8,MoW3S8,2.241,0.1913551557001527,0.1842204605511513,183.84,74,29986576,0.4199999999999999,2.3666666666666667,0.4499999999999999,1.2666666666666666,135.79884154438616,18413587.49458867,164223.0709780227,1.3058711240953458,2.3575386760507278,126.45411903200812,15403404.338797163,240025.52923645472,1.3213566191810218,2.3310258091434704,0.2120919784501239,0.2250064564826057,133.45573620975708,17941198.42976716,336796.6764722332,1.3007997315586377,2.3605760304233545,125.9121478020836,15841631.024193674,392312.96105088905,1.3028231026907564,2.3505060598027585
304bc6a92d82,BiBrTe,1.13,0.9053969681076895,0.8935834778495978,208.9804,83,47458321,0.94,2.36,0.4500000000000002,1.3833333333333335,139.6874945480882,15861098.369820934,11975080.856996575,1.4103231687520292,2.206812017681876,165.93081500867098,28229480.546113823,27161679.110594347,1.4791502443638656,2.154488412423144,0.8941369584845804,0.9109066585302884,132.0976539989391,14197494.887063457,9602918.037654914,1.3760781506672553,2.309754597004772,163.92368276574268,27197465.245569974,26117861.59717887,1.474531180322482,2.1545408031544118
323fb700d903,WMo3Te8,1.501,0.1504037934355782,0.1248099274665734,183.84,74,29986576,0.2599999999999998,2.2066666666666666,0.0999999999999998,1.3999999999999997,117.21213899385047,8799032.747425355,1110579.0560865377,1.4237163814180929,2.1887278654515816,111.13312033557634,6980331.67386175,919454.7684348512,1.430734073232544,2.175858079175042,0.3014358700618786,0.1389700062296471,119.4754926704501,8736516.365647057,2276344.389721821,1.4192163309265171,2.1756978189262477,115.26093447244256,8189439.123266607,1046288.7646291056,1.4259029492220554,2.1839744346869447
343d2125478e,ISbSe,1.17,0.9100978526400492,0.8956429177472562,126.90447,53,7890481,0.6100000000000003,2.42,0.3,1.3333333333333333,113.37555936224211,5998841.933764417,5415715.182290885,1.3371372779873452,2.5691449201409444,108.70295669111152,5201782.822759509,4769421.237571099,1.341590230363357,2.33403691829521,0.8991816494298284,0.9133427007098202,112.05463514007356,5812949.672377404,5152221.249993588,1.3312176327795235,2.558575925463102,108.85229523662532,5214714.462362997,4857331.244923267,1.343731230418931,2.323772081415404
3995fa1bee6e,Pb2Te6,3.064,0.8947827553613555,0.8139709946521838,207.2,82,45212176,0.2299999999999999,2.215,0.4000000000000001,1.6,139.68894186201865,13067616.833893845,9665639.688110309,1.4607484515679328,2.134930359651561,145.95284457473645,16050096.9921542,13615039.26180347,1.492225349621791,2.15302957603253,0.8986972744902609,0.8492620158711233,139.34618111567548,12904415.524441289,9582996.613830816,1.459026035757163,2.1339399705603688,140.06548567713125,13246903.535618763,10833553.924723083,1.462640631543373,2.13601836313744
3bc08d486d65,PbTe,2.18,0.9533342321301674,0.7334636444378673,207.2,82,45212176,0.2299999999999999,2.215,0.4000000000000001,1.6,143.52744885157549,14895274.678970698,13041320.842514591,1.4800374314149525,2.146021523063598,176.89246720429557,30781617.392266795,23471690.981672265,1.647700840222591,2.24242798312799,0.9311785526870192,0.7994363268899549,146.90084875503672,16501477.511195911,13759864.217920732,1.4969891897238026,2.1557687840911868,172.08225400869563,28491293.60039961,22676531.608105466,1.623528914616561,2.228529125904523
3e1923c616ad,TiHf3Se8,1.256,0.8274988308514495,0.1774087841387212,178.49,72,26873856,1.2499999999999998,1.7966666666666666,0.4000000000000001,1.3666666666666665,92.96069896318976,5395828.319162235,2738589.3150937874,1.2317439224240254,2.27900778691595,105.4346058043956,11173059.872665511,1402785.403140838,1.422388847475773,1.597519749053196,0.7987767433307077,0.1594418578290933,92.99342480944988,5485914.109628418,2351811.4454745543,1.2363302051881062,2.261957954031692,107.31091143887278,11544667.352512112,854864.0757966412,1.423940829506216,1.5963232974407533
3fb52099b370,MoCr3S8,1.221,0.1118259445549187,0.0535957195973519,95.94,42,3111696,0.9200000000000002,2.1333333333333333,0.4499999999999999,1.2833333333333332,55.06989577338479,638923.7209810114,9090.66822630327,1.360743946660428,1.8249128553047136,52.06461766572957,386982.2029563798,5424.853178561712,1.3807789970073456,1.7194341162600886,0.1542812240567189,0.1108407663341692,55.3827052037505,692749.1101748716,29684.5346391359,1.3481874664263422,1.86771614776405,51.28322016490735,390418.0080961302,12935.598487372114,1.3598338134692105,1.771498903371433
40034665f9f1,BiIS,1.254,0.9867365542388332,0.9367760807806196,208.9804,83,47458321,0.6400000000000001,2.42,0.6000000000000001,1.3333333333333333,124.3601083505014,8809129.017775754,8415739.208933456,1.3842388331814042,2.633447584320876,156.54386638125374,30133553.1791391,29535446.35724192,1.436773098445168,2.256866118118199,0.946845373751356,0.9381116900544376,114.3147439984661,9036703.171237553,6759573.232444987,1.3371627653175366,2.6021289247802324,142.23375253799117,26255876.73023357,25091561.1933342,1.3884381581708205,2.3031191528081005
433f707c632c,BiISe,1.255,0.9822027340727366,0.9335455172942708,208.9804,83,47458321,0.6400000000000001,2.41,0.4500000000000002,1.3833333333333335,123.15678418828992,8156136.667268505,7481876.030693836,1.3742017023471755,2.628669589889089,160.79693331428786,28654262.55533399,28061950.998351097,1.4470051384308609,2.2664330086663083,0.937149742562862,0.9338553284954838,119.11624581008329,8877089.900591983,6100831.729845128,1.342892897699227,2.58219396230979,151.4701567557716,25196161.3955238,24135515.929366548,1.4159284925885824,2.308823544254438
449640ec4d30,Mo2W2S8,1.954,0.1852914330421176,0.1622581749700394,183.84,74,29986576,0.4199999999999999,2.3666666666666667,0.4499999999999999,1.2666666666666666,117.0949582735689,12616699.092971705,91506.98343982268,1.3296322858260528,2.312296257660712,104.41564736346518,8322581.927067286,82980.93203218629,1.3572954117445648,2.269127717856533,0.2072633880549644,0.2146805678678273,116.2674951533325,12615415.556760198,213117.99630072483,1.322592221238759,2.3190465150425483,106.98945931871296,9879756.915906288,278337.5636819453,1.329943449216623,2.301401626497829
49b7be14f786,BiBrS,1.293,0.8459036461586966,0.9064314352288868,208.9804,83,47458321,0.94,2.52,0.6000000000000001,1.25,76.47197496010116,8869722.406673046,1696308.8786075506,1.1472777996949215,2.5838121118682564,153.17372135781218,30422264.154943995,30155976.02742277,1.4084897132081475,2.294075140952332,0.8440266668986302,0.9145043455561068,78.55637643345196,9174004.517834432,1954712.7188285228,1.154073571998191,2.5890798673052657,148.28462199320896,29230299.8617718,28870371.36227244,1.392035250132945,2.3040523993643065
4c49d27e66e5,ISSb,0.907,0.9559059624216432,0.881331605496134,126.90447,53,7890481,0.6100000000000003,2.43,0.4499999999999999,1.2833333333333334,114.43986105726104,6816745.382271244,6549331.741945753,1.352064525774236,2.610324067253428,95.3218863548029,4949072.072879151,4426795.175895299,1.3011307579245648,2.3433153403729943,0.9067714092588202,0.9212175840416548,104.8350447574946,5994485.005645343,5403283.820100602,1.3146027343698905,2.5764743950758757,96.72559940768828,5037941.852611149,4693344.838137294,1.3098079116947048,2.321211715157345
4cb4ea247ef4,Ga2P2Te6,3.828,0.6904199394586762,0.6218526288187328,127.6,52,7311616,0.3799999999999999,2.033333333333333,0.3999999999999999,1.2333333333333332,106.5488582561242,5178720.203985918,4646278.377555747,1.350579010134494,2.02666861915314,100.45995976428074,4741742.363050564,4077810.283205128,1.3239645159616518,2.035810083039692,0.7732005190484386,0.6736048722630876,111.39450132576448,5691661.878533588,5265719.690193665,1.360449954983824,2.0472561738831194,101.51737279794348,4994532.33795477,4458925.19767886,1.3164750669195893,2.06406112693089
4da5c6be60db,BrSSb,2.39,0.7894155633693017,0.8455482044399626,121.76,51,6765201,0.91,2.53,0.4499999999999999,1.2,67.3717459083082,2027260.0078746704,653176.8131980208,1.1486995945724066,2.580720752251083,100.80177900731326,4692259.9472529935,4570049.286097145,1.323489440484669,2.3311239135093467,0.7806803560540508,0.8606994436980863,68.5078899532752,2103520.6448685606,687964.5206239535,1.1540375111772092,2.5766734464296968,98.55954101157256,4555517.871975432,4439296.783295911,1.313534117284723,2.334846251094255
4f1ab08988cc,TiZr3Te8,1.679,0.7165321685052195,0.1461488723866998,127.6,52,7311616,0.77,1.656666666666667,0.1500000000000001,1.45,112.00694921645568,5646926.608602947,5074074.054638336,1.4276404827126674,1.8956734532711437,81.0587779062249,2461929.1108803423,980972.35777965,1.4707795324960324,1.5303394596077358,0.6849715466889554,0.1347440193725061,110.6556187706768,5500912.729926277,4865815.802243232,1.4302080570167317,1.877375421878102,80.9145100704815,2429856.746084435,938371.7522664196,1.4726773986548043,1.5228163282551803
4fd8ad708fb0,AsClTe,2.895,0.8562089172580203,0.7735959153902261,127.6,52,7311616,1.06,2.48,0.3999999999999999,1.1833333333333331,81.78294820335437,3126127.9984190944,2906847.9514436163,1.1947842004540643,2.470973861569732,87.52359402868953,3021002.319474836,1824393.2027230728,1.213761244833455,2.258393386822271,0.8748022705579596,0.850388063665775,82.17601885655887,3227131.921714318,3025047.507313881,1.197241231605681,2.484966154115977,86.22842968916646,2985521.913653477,2187486.4635953573,1.208846421165862,2.2907354877347137
52a5e2b280d4,ZrTi3Se8,1.091,0.7434379235889275,0.1284412459812208,91.224,40,2560000,1.2199999999999998,1.8066666666666664,0.4000000000000001,1.3666666666666665,72.20465567411615,1130775.5781000173,977147.6600662553,1.2257270194313965,2.261068019586129,56.52127555517703,624332.1503183085,155396.80354291305,1.3830774799327186,1.6501911980752444,0.7405566209593908,0.1154653629793862,72.2055369567278,1131839.8112275668,967048.41151288,1.226372758123719,2.258977716384662,56.735660566560114,639484.2012645842,145246.274572861,1.386127182236498,1.6416615262159198
548aa830244c,Cr2W2Se8,1.39,0.1202703889035203,0.0841020257744622,183.84,74,29986576,0.8899999999999999,2.19,0.25,1.3,87.30064720393293,7659559.267491879,239266.7614783601,1.3575629883241151,1.9379211658326747,61.37470231166104,2003347.6329037591,143847.7977352422,1.375694056685949,1.7744228664596966,0.1687729940064901,0.1398028194256778,92.85311541556766,8648195.636146212,500084.3424835214,1.343125907103008,2.005810281063305,77.24921862795917,5266251.128504735,340036.61183962,1.3550962621436844,1.9041113608130409
5974b6403c31,Cr2W2S8,1.592,0.1264407828575849,0.0925370491295252,183.84,74,29986576,0.9200000000000002,2.2,0.3999999999999999,1.25,81.10551110079678,7418370.297207394,50186.359712230216,1.3368453624197414,1.945724452695908,56.40852272752426,1694743.4259847489,43953.33786371232,1.3625159098203707,1.7735621396079817,0.1681267075821846,0.157123881369535,85.63767579995144,8575376.343364881,316943.1762262619,1.3218257047220523,2.003265319927185,65.35979824801579,3977940.936803874,177609.67567093408,1.3330400495268195,1.8867333397284871
5b94060698bc,ISSb,2.844,0.8006068298273925,0.876201289344835,126.90447,53,7890481,0.6100000000000003,2.43,0.4499999999999999,1.2833333333333334,82.60936959708772,4091421.06426478,2799361.7307841023,1.2279506579221315,2.4978499922157558,112.13808759097763,6247063.930630386,5754823.923108329,1.3812085465206745,2.2801819733028013,0.8378311435722494,0.881194264676874,91.77460395709404,4865045.527094021,3822651.7372790873,1.2648236692591968,2.5206409694140506,108.18292674928892,5941076.680079354,5491904.745925624,1.3624459421571309,2.294425685464041
5c3fe56a1a89,MoW3Te8,2.045,0.1535348004043637,0.1145515490635042,183.84,74,29986576,0.2599999999999998,2.2066666666666666,0.0999999999999998,1.3999999999999997,154.0060820772852,20025520.825067155,1238155.665664733,1.381798750712243,2.2718906541927195,150.37976809778718,19022869.365325857,948348.994727632,1.3861948870371823,2.266195401560726,0.2850819868146655,0.1412364257262718,151.53037016357382,18605690.87115297,2498301.928010345,1.382923909257429,2.250285446264362,151.73084363413517,19307772.93501828,1234866.818500287,1.384330783160821,2.2661810964285176
5d1a32a28ffa,P2Sb2Se6,2.546,0.8091118722496741,0.8654039660858328,121.76,51,6765201,0.5,2.263333333333333,0.4499999999999999,1.2,81.87196357015456,2086893.875523799,1285447.5845616064,1.1852072459030167,2.4428874966378284,79.78391282933262,2518744.1332530538,2298280.282657357,1.197614194172702,2.3336880264995417,0.8096352520917903,0.8238161694562693,80.63270957558288,1986740.1518341133,1248535.2608357277,1.1787347790834073,2.4464280444927446,77.2981367763247,2272126.6793666054,2043422.260538702,1.1828565607131196,2.349557170828892
5d829e480507,AsISe,1.626,0.8769256041832649,0.8546433485467615,126.90447,53,7890481,0.48,2.4633333333333334,0.25,1.2333333333333332,100.28472415131398,4310020.150568098,4147346.365594353,1.2642637559663927,2.546354056379042,90.75984477312396,3173501.0803584494,2615131.600620107,1.2232775636270683,2.3758055983279944,0.8922939066570377,0.8797309545139917,103.13314394064152,4692782.162929257,4541856.268788772,1.2787691168139703,2.55883947622005,89.15000890547961,2941776.406216358,2543240.981223591,1.2142722075622303,2.382580445510668
5e4ff1f56b4a,PbS,1.241,0.9092344521978302,0.650343878954608,207.2,82,45212176,0.25,2.455,0.8,1.4,72.90455875311974,10593236.66968879,6573691.485152548,1.1865512147914226,2.5217027453776804,154.27405845942226,31568824.13204952,23069270.33397524,1.558239339752407,2.405550206327373,0.8989011752508484,0.774841563510968,76.83301888595977,11605922.742556468,7148905.704249209,1.2044960465284942,2.5160949854598456,134.5255320863921,26478010.698448595,19672962.7725838,1.468029952146137,2.433740639954332
60065d3bbcf2,Cr2Mo2Se8,1.173,0.1154075349268357,0.0672647715259015,95.94,42,3111696,0.8899999999999999,2.123333333333333,0.3,1.3333333333333333,67.22885829305436,1213744.3877375354,157963.09925180426,1.3846421240813085,1.9012441236840365,57.43235372077997,628223.0409961235,89241.18195700695,1.3871901797251258,1.76132312345824,0.1629753879269453,0.1203719765762379,68.67865261884646,1272014.529423014,233117.5373970006,1.3729041517772775,1.945556980789469,62.40234196326588,903986.333959092,163044.56827894528,1.3773773833867655,1.8500114210096128
62bb754c4cb2,Cr2W2Te8,1.535,0.1289638506402299,0.0415260835712432,183.84,74,29986576,0.7,2.04,0.0499999999999998,1.3833333333333335,92.50191718596426,8139524.192323442,1035366.4439969877,1.388365136327847,1.8800740897485944,67.0019907604464,3277114.647287828,334990.55281598767,1.3955385413963146,1.741325720218012,0.2157043936857912,0.1016518741458471,104.30975647048696,9964628.910881914,1837329.5657016907,1.3862630974319408,1.945963827860606,87.61163940735224,7277992.709303934,845779.1784469391,1.3895378744836695,1.8531922669410197
644f7c1c85c7,CrMo3S8,1.46,0.1520346931571781,0.1037390850063437,95.94,42,3111696,0.9200000000000002,2.1333333333333333,0.4499999999999999,1.2833333333333332,71.0957122837981,1692324.2587867484,18980.29549694922,1.363956683979628,2.052911603045737,65.75204170087319,1299636.1388163297,25329.3738338682,1.3786066124337637,1.9291066497499807,0.1854065113491833,0.1518783583282624,71.16281349818914,1718770.3963534874,53838.05612646815,1.355610643576127,2.079272896669356,63.802827072895205,1220262.9363021222,39243.33848999492,1.359721208400722,1.9575852058726937
6523c349753c,WCr3Te8,0.99,0.1178800575671804,0.0321758874674641,183.84,74,29986576,0.7,2.04,0.0499999999999998,1.3833333333333335,74.21811803271278,4113639.1156165055,886118.6421995498,1.395051425400371,1.7826664627861928,58.10502430082516,1364368.612283325,233515.118568976,1.39865979952373,1.6937486847206065,0.1806309371731511,0.0927822494170908,82.05741368086576,5278714.951021025,1383688.514224353,1.393789206268419,1.8265905443892807,66.35727919569194,2606048.187159742,670943.0665932774,1.3972875327384051,1.7399279718036802
671e6de2497a,AsBrTe,0.694,0.9402052450386356,0.9367622226264296,127.6,52,7311616,0.8599999999999999,2.4133333333333336,0.25,1.2333333333333332,94.46909931088608,3322857.8436790016,3208108.6727132546,1.2306056786565072,2.5554131379057115,91.42059811590585,3039511.316862095,2673353.049218783,1.2224943592690307,2.348334307806732,0.927546211775732,0.909375314729425,94.20806967401673,3284177.814957697,3152313.488280848,1.228623038674414,2.580585328682628,91.93353614851787,3115369.249308203,2614497.745037147,1.2263769123764587,2.2993174058895574
6e2a4c6f4f57,SeTeW,1.394,0.1852441151233966,0.0957766677349017,183.84,74,29986576,0.4499999999999997,2.3366666666666664,0.25,1.3,169.50846344194602,25366125.076054364,1246117.5343941562,1.3378426031298158,2.351046349748511,174.99267059116508,27067930.00748499,622651.6345047604,1.3439204521550931,2.3511917348319944,0.2588201614869204,0.1379246426011634,161.61025467817916,23210105.940739147,1531270.2266182231,1.3227479050442406,2.3654312840535714,171.81034496167868,25955408.3467391,936026.9158711146,1.343082185148435,2.344920032311035
70cbc0e44d36,BiISe,2.089,0.882026646158727,0.9130926115266644,208.9804,83,47458321,0.6400000000000001,2.41,0.4500000000000002,1.3833333333333335,115.21455935429478,10111799.640139831,4672886.485034006,1.3083291248151736,2.521579840326994,161.77005109939194,28532281.521444336,27872546.75848895,1.4541301189259002,2.276116881020288,0.9060614974704904,0.9184150831842453,117.56575470194394,9833149.53175336,5566766.065991312,1.3254148558600969,2.5445078239743144,158.51876742849916,27572755.7075668,26852248.571928088,1.4413189110118896,2.2837073522802545
70e7ab872359,HfZr3Se8,0.95,0.8968493498434547,0.211192061860278,178.49,72,26873856,1.2499999999999998,1.7266666666666666,0.4000000000000001,1.4166666666666667,84.66554525710094,2624038.506868248,1805621.443601388,1.2050700927989169,2.380655233689674,103.1765583515845,6330806.504626111,969171.514951057,1.4696442140079562,1.570129173557413,0.8422121530840236,0.1814864790882361,85.81918694039848,2855832.1497205496,1602936.4029006024,1.2214164632914462,2.3305745025974587,104.267009020382,6612178.116662749,555035.5980793445,1.4737379999291509,1.5573114044551215
72b286460831,Cr2Mo2S8,1.344,0.1339700409092307,0.088506956623407,95.94,42,3111696,0.9200000000000002,2.1333333333333333,0.4499999999999999,1.2833333333333332,60.82528005290517,1022615.8892682476,19422.210574882345,1.3598558949278703,1.9130002153117405,53.47807401028879,508765.8702209751,11288.936279667952,1.3701081491874194,1.7728359639892437,0.1786805448398726,0.1411907674565237,62.06652769761668,1134978.552162386,55191.93156676533,1.348430288832466,1.9661410355324251,55.59814194631415,692832.5092880508,24575.032641557224,1.3535711976115672,1.85454987847662
75ee10091f43,STeW,3.947,0.2588613608010821,0.1263351310787894,183.84,74,29986576,0.48,2.3466666666666662,0.3999999999999999,1.25,149.58772369250656,22725083.784907486,819245.8803276324,1.278905359864978,2.3946484604798304,171.77859909161674,26332975.023566823,881923.022769939,1.34196986528756,2.33988190919707,0.293574412341913,0.1498061527142361,151.33151043548384,22446793.33228216,1559340.5673139412,1.292572953486219,2.373787080215526,169.76342130438667,25678226.784153163,1061144.069819235,1.3413154439694464,2.3352145121781067
7a8373382b33,S2Sn2,4.469,0.7480869565217392,0.8117045183886187,118.71,50,6250000,0.6200000000000001,2.27,0.4499999999999999,1.225,63.92273405797101,2339446.893913043,859281.0406956522,1.1654565217391304,2.3520376811594206,99.29548540683764,4864249.332576752,4491442.958001064,1.349168658700178,2.098923181346421,0.7185895220588732,0.8186754780085288,69.54133928233624,2740486.327698013,1081627.8861531415,1.1946373440712252,2.311832992612979,98.23507307711748,4788560.234783338,4334710.533919726,1.3436612947625697,2.106511104993792
7fe9c5cb910c,BiClSe,0.746,0.9012659950993738,0.9149913009858884,208.9804,83,47458321,1.14,2.5766666666666667,0.6000000000000001,1.25,92.02474857881842,8914374.181391234,4515503.050054451,1.1953369180506397,2.5865555404301657,150.6633326889619,28458801.491252657,27853122.268654548,1.3982336168567562,2.3091953411946644,0.9114345157094904,0.93294310439798,85.26745945361913,7833104.499396427,3857789.198667995,1.1720035578317831,2.654244185204673,137.3857200372405,24187767.25090365,23136154.26918195,1.3522977370190206,2.3767103450265146
81af2831dbb2,Hf2Zr2Se8,0.698,0.872033601680084,0.220688186545048,178.49,72,26873856,1.2499999999999998,1.7266666666666666,0.4000000000000001,1.4166666666666667,89.79872401120055,3982559.773188659,2264872.755477773,1.2181414070703531,2.339160833041652,121.20899980479498,11348491.026317196,1492370.3640396805,1.4708248300828737,1.560341608844564,0.8295197197316269,0.190363806457994,90.98128700607862,4246900.105496958,1984311.0914525415,1.2300216937327653,2.3026446418032034,120.70955090904124,11195671.85333366,868136.0845858869,1.47331675070019,1.5529392150652526
82b85dfd7723,P2Sb2Te6,2.596,0.8309662231363342,0.8141023935211399,127.6,52,7311616,0.1400000000000001,2.1133333333333333,0.4499999999999999,1.2833333333333334,116.15571508070452,6438625.450315053,5766732.878537023,1.361594697058949,2.1039550962054463,102.08912440913907,5378651.387357808,4667670.656655205,1.30538994067904,2.115542672417788,0.8244461820584097,0.8318788232153959,118.67080238330922,6626340.227452748,5788278.026262925,1.372890190055462,2.100951863199916,103.33789259804227,5469228.514869371,4731431.891831941,1.3128086122213998,2.112698473194442
846b50801a93,Ti2Zr2Se8,1.767,0.7930311580087525,0.147267586127301,91.224,40,2560000,1.2199999999999998,1.8066666666666664,0.4000000000000001,1.3666666666666665,75.34152232248144,1268748.1958403576,1066327.9396930493,1.2174343340816378,2.308015653252504,63.03313644757343,962967.4100063478,191554.0213514917,1.3988617346644352,1.6405421547694616,0.7638579163771706,0.1319633735503248,75.09209087777792,1270537.1118061198,1016675.9814276462,1.2261576721180472,2.278108733690635,63.663528450293896,1001014.583640868,173714.11714325385,1.4037170877149392,1.6288082519128038
899032b4ad0c,MoCr3Te8,1.409,0.1030754848143443,0.053741387991698,127.6,52,7311616,0.5000000000000002,1.9733333333333332,0.05,1.4166666666666667,64.69270440827482,1365545.3947311654,727361.336625357,1.4054186542656475,1.7603624421698592,57.96176939221634,825650.748179351,362071.6540705172,1.4022271482432116,1.7055988799783857,0.1895688272224866,0.1019344113918172,72.56553498314436,2047506.458122064,1286910.9998648465,1.4071753766906656,1.814762551875718,66.04588054446813,1453988.1330654835,688076.0978008385,1.406847125033309,1.775215888048277
916afba26723,STeW,3.622,0.2035315063518965,0.25785600367531,183.84,74,29986576,0.48,2.3466666666666662,0.3999999999999999,1.25,162.50006655554472,24357996.07917608,993892.0405293752,1.32283410755722,2.349034121718212,160.28752819680386,23285611.281320903,1494957.9603634663,1.3275975279327263,2.3334907082571794,0.2260818398707595,0.3590873032806925,159.5881601477706,23988321.043533217,1136427.8090725522,1.3129497832353425,2.359278578898936,150.8746466309151,20651438.48558475,2045647.0268788908,1.3179633901788752,2.324190152255432
961c37d6e527,MoCr3Se8,0.977,0.1013312795687094,0.0436061907844406,95.94,42,3111696,0.8899999999999999,2.123333333333333,0.3,1.3333333333333333,59.91281886896248,759804.1307074486,135262.14721091435,1.3798712729673228,1.810617779733744,54.36009779909375,449303.424233508,57448.98817160009,1.3898723003589712,1.7135302771729537,0.158679447921649,0.1159971336328279,62.57779494181402,887347.1801028228,214847.5303138335,1.366473643824466,1.8750785018686424,57.031805891590345,568182.7015188445,150170.74875101028,1.3728438509706993,1.7856276848658248
968a6902b7f5,BiClTe,1.175,0.9276419256949088,0.8887889726417731,208.9804,83,47458321,1.14,2.4266666666666667,0.6000000000000001,1.3333333333333333,142.17189975903548,16976448.99461323,14199953.368695134,1.4245714296096763,2.148465448831961,164.86619801019367,28768445.488455035,27442767.633897383,1.4776374805866128,2.141279547134229,0.901195181671016,0.9106283567992832,131.15170060747798,15796607.829597596,11650781.172397925,1.3781657031249377,2.267236840053243,162.12735012165996,27627998.77588393,26424638.585183576,1.4699501227081513,2.1493143999100117
988b11badabb,Cr2Mo2Te8,1.105,0.1478241913948609,0.04287486938349,127.6,52,7311616,0.5000000000000002,1.9733333333333332,0.05,1.4166666666666667,74.03590037466961,2043926.1610398104,1028399.0364860076,1.4126304531458622,1.8499683915093053,60.2162667776907,947639.1086729362,297462.1907001045,1.4056001828631135,1.7351972309299897,0.2124826412893839,0.1041993926048926,80.4155106398626,2585081.735578493,1453885.3127974523,1.4145026641738254,1.8962424227850485,71.74683064629657,1819242.0636117416,708942.4822848364,1.413153326397787,1.8392007392975744
99fd027b1d0b,BiClS,0.461,0.8612950513066775,0.915093427182981,208.9804,83,47458321,1.14,2.5866666666666664,0.6000000000000001,1.2,65.41251924042528,8743679.567456909,2299886.174189962,1.1098013445887884,2.643850106994221,144.6859005235936,30112084.7164178,29591346.959545,1.3803625371897976,2.30504167095697,0.909282666768928,0.9372956282273632,56.20185311811578,6197592.271479737,2024435.380636814,1.0775473423215551,2.725263082313381,125.79359384195013,25030658.57504916,23846617.45916462,1.3160256528200085,2.378442903702692
9c2979187585,WMo3S8,1.816,0.1814554160922875,0.1549655783518506,183.84,74,29986576,0.4199999999999999,2.3666666666666667,0.4499999999999999,1.2666666666666666,100.72739026336794,7584320.026699559,39827.97475150548,1.34914387288689,2.2740912718566357,95.6856333924068,5523093.104491855,76202.52852566287,1.371360166314498,2.244793810919501,0.2052901218121179,0.207664962128622,99.11421266171963,7333952.427394262,137692.90040490084,1.343278520198529,2.2787500180342177,93.85226599282524,5745719.38186391,151413.93441215763,1.3486124085742384,2.267483100579549
a0dbdc6630fa,PbSe,1.603,0.9356047215922888,0.6923345252475832,207.2,82,45212176,0.2199999999999997,2.44,0.6500000000000001,1.475,104.57794533030908,10101221.140684562,7344123.956004331,1.2798476642599883,2.506051559788927,161.9327544900859,29724508.959812,22371005.98112424,1.5705574736319077,2.4076574704630467,0.9241098190833938,0.7879851211433209,107.53612807442984,11113329.318880156,7923433.504784116,1.2948415724296582,2.500976698562269,149.6415381499425,25519210.756868165,19593450.182643022,1.5082579522571944,2.428743462312949
a148361e5e9a,TiZr3Se8,1.321,0.8449046305182341,0.1557170674835973,91.224,40,2560000,1.2199999999999998,1.8066666666666664,0.4000000000000001,1.3666666666666665,78.33901889395392,1400713.9025911707,1151393.15403071,1.209587931861804,2.352624760076775,72.30704249196918,1453142.839396232,216837.84876034083,1.426337331166979,1.6105833033599164,0.8026965681371502,0.1449765152582613,78.01800998944199,1403962.7473068358,1085215.5685192826,1.2214127503592278,2.312194014758461,73.21339319702074,1504450.383367394,198580.7952957114,1.431172569828414,1.6006768986713902
a1d716aad84d,Mo2W2Se8,1.784,0.1716544325239977,0.1369436201780415,183.84,74,29986576,0.3899999999999997,2.3566666666666665,0.3,1.3166666666666669,125.45312252964426,12708048.252964426,360242.1592320723,1.3628740824392995,2.299034443817052,113.68238278931749,9059895.691394657,233412.6599406528,1.380875370919881,2.2660637982195846,0.2050796246622059,0.1834049364521039,125.42522072534727,12839674.122712726,462164.74034482415,1.3498050517036788,2.3165567444133104,118.65200269170896,10730379.531639077,447775.9346550404,1.3611023378723657,2.296324257963116
a7233837cfe9,CrMo3Se8,1.311,0.1422058472711851,0.0731029002781088,95.94,42,3111696,0.8899999999999999,2.123333333333333,0.3,1.3333333333333333,77.3344898269144,1832903.6719590744,199428.99461923825,1.3880828054178704,2.0329697564078777,70.94794019524376,1477392.8726942504,103682.80424541686,1.4002327033316304,1.9199585674555877,0.2003083671083162,0.1477262102974496,79.19090560240635,1912308.83146435,292034.80862458574,1.3749709201941078,2.085725268533833,73.21542516873645,1567850.475827868,209181.91846940655,1.3816033991967485,1.989827295024736
a80866a2c6b4,BiClSe,3.032,0.8670765689799649,0.8871721892119331,208.9804,83,47458321,1.14,2.5766666666666667,0.6000000000000001,1.25,98.7962092644389,10814189.870116102,4888549.321006906,1.2187524582022258,2.5436301636505934,155.73129925068108,30124760.098065536,29715530.374223195,1.4157684579358023,2.284515706858501,0.8702984144182764,0.9014430142409324,95.24787294786084,10359529.383256048,4476761.203344167,1.2065044287499085,2.582625914055616,151.01445267466397,28363975.92485336,27811089.297207765,1.3994399068780303,2.3010707010525104
a84d988e38ac,BiITe,0.467,0.9551470222399124,0.9402381668608052,208.9804,83,47458321,0.6400000000000001,2.26,0.2000000000000001,1.4666666666666668,133.32969883302653,10612678.793920096,8678816.847106822,1.414960943330514,2.382207074978855,170.44643634588545,28558520.66469605,27704173.86398928,1.5055027832513752,2.1245106205034903,0.934812594962855,0.9417767775687268,135.30149246059696,11586959.02274207,8754644.0243525,1.419809689187013,2.381210203124234,167.17789358457276,26984199.07370641,25994402.801171426,1.497540706568152,2.1508495745981078
a9f87eba4b96,CrW3S8,1.909,0.1558571831604024,0.1436366661121277,183.84,74,29986576,0.9200000000000002,2.2,0.3999999999999999,1.25,111.30564086705743,14330683.841133503,117322.3670731325,1.3138334221497758,2.1351600263314627,91.20546014639828,9722469.642987857,274029.4830144734,1.3298852104475127,2.0072260855098984,0.1919601306899144,0.1713770613500185,112.90845357065923,14803315.306154788,423245.4316970708,1.3023887721217713,2.170945969914698,91.4298974995493,9887259.170051437,343275.15630733344,1.318751895646641,2.036225886844478
aa9a981d89aa, ,4.457,0.8312524804313143,0.8873854152588241,208.9804,83,47458321,0.5299999999999998,2.2533333333333334,0.6000000000000001,1.25,83.94383893354006,5525390.828709452,4256222.593208214,1.1697230757710622,2.444201034564802,119.00713432110166,17787960.71663345,17179685.82956322,1.290897754713555,2.3074656798162865,0.8340700960545168,0.8638507706444664,88.36527775910551,6491411.192678533,3772001.3250306263,1.1844101045062456,2.447446661038124,112.9914132886971,16062585.185646906,15486546.3767453,1.2704948715105568,2.317561915874405
acdcd16c0d76,BiIS,1.858,0.904143362451686,0.9215147394055304,208.9804,83,47458321,0.6400000000000001,2.42,0.6000000000000001,1.3333333333333333,105.89905935235096,9866933.160007248,5534900.226764791,1.294873429589587,2.5620599312921204,158.47442057546152,29899466.618697107,29233409.56085348,1.446668716136441,2.267001500043033,0.903623557863302,0.9238137730702656,102.81688537927052,9671272.39120026,5304669.420277761,1.28161253260543,2.558191875507277,154.058800871947,29089460.838580616,28381651.789505538,1.4300315291672163,2.272915008108469
b13beafa16aa,AsIS,2.033,0.8888039788780002,0.8775945085073535,126.90447,53,7890481,0.48,2.473333333333333,0.3999999999999999,1.1833333333333331,88.5643633448035,4367903.5915463455,4214748.199689286,1.2337210395969531,2.562795891902079,84.99292079525262,3031199.6776798856,2620585.457416116,1.2053912252724213,2.3716375465697577,0.8936670822854337,0.8952076420903963,90.10574723901304,4520798.310923808,4373882.162144135,1.2405495096657244,2.568739886145325,81.21993652979165,2779633.399853102,2454594.249485872,1.1902385709671408,2.379239961795803
b8fb10416122,ZrHf3Se8,0.725,0.8720215794994753,0.2432558139534883,178.49,72,26873856,1.2499999999999998,1.7266666666666666,0.4000000000000001,1.4166666666666667,93.97079354113592,5120113.728278135,2713982.7694889847,1.22267495878915,2.32394702532594,139.10976589147288,16326882.951937985,2418127.6020376524,1.4724806201550389,1.5491550387596895,0.8326247051860165,0.2009389569933805,95.66274865923874,5535674.511893102,2377284.628260339,1.2328601284266627,2.2924079571212403,139.22686399510775,16353409.029360712,1286321.3531329196,1.4735930116809943,1.5457337138445923
badda86cab42,BiClTe,1.458,0.9689126084056038,0.9352259096361456,208.9804,83,47458321,1.14,2.4266666666666667,0.6000000000000001,1.3333333333333333,136.30151234156102,14210734.926617743,13130206.690393597,1.4095530353569046,2.1575396931287525,159.87306152396184,27511569.48746216,26525365.304763805,1.4598903295824526,2.176777860284458,0.9359477403697092,0.9378360161127248,130.93534610030687,14631042.954871545,12081942.320058163,1.382440422097014,2.2406002159665577,154.72713289948803,26029012.50398806,24926594.994663864,1.442449968705365,2.2086150117956698
c04fc052f2ca,Mo2W2Te8,1.645,0.1553883392969901,0.1365196218235827,183.84,74,29986576,0.2599999999999998,2.2066666666666666,0.0999999999999998,1.3999999999999997,134.02809829509576,13908550.801094506,1191773.1113449803,1.4045043148810774,2.2262218480319933,124.26749899275636,10930093.952266758,1091291.1989638717,1.415623285809264,2.20415283888236,0.2958079752151466,0.1399480237647956,134.68395498600324,13408334.760315577,2418153.8703694185,1.4019702675532455,2.210830109844609,133.32535689885432,13695515.292534145,1141434.1151588212,1.405308445258759,2.224666823478296
c55716558616,HfTi3Se8,1.191,0.7335326697197936,0.1281027133232261,178.49,72,26873856,1.2499999999999998,1.7966666666666666,0.4000000000000001,1.3666666666666665,78.35946553246787,2808272.152303092,1639945.7607206388,1.2362587209669076,2.2263455836897417,64.06760113944618,2876366.244817764,418564.57790861325,1.3825092291061871,1.6450496298159618,0.7409042099373613,0.1172884570017979,77.40218301586505,2539074.8450817373,1439777.6794394809,1.2311257971032563,2.24317034013519,64.5388004203401,2990737.67647635,296506.85584844905,1.3840468567430155,1.6404617696397394
c798e725e2fb,WCr3Se8,1.16,0.1010508538187277,0.0504800247754722,183.84,74,29986576,0.8899999999999999,2.19,0.25,1.3,68.34936030212047,3487746.313379621,149187.4227810096,1.3690514167761307,1.8239050478513796,55.78390724338462,924992.8528268128,79013.51887409243,1.3863029489694094,1.7182994391108362,0.1467562156481204,0.1196259650218804,72.49360304966639,4170632.8834318793,319028.4236404131,1.355669290116826,1.882694965267531,59.12329485372703,1323003.5775309526,197852.85051156496,1.3683054812936577,1.788142549158314
c96ef4fc869c,BiClS,1.181,0.8483753497558566,0.8986232012363546,208.9804,83,47458321,1.14,2.5866666666666664,0.6000000000000001,1.2,67.30128829944884,9331578.807034854,2337304.2839448345,1.1172652094679856,2.5834685935180803,151.56765333247782,31960062.612921994,31759245.284193404,1.4037593670137356,2.280292126547141,0.8399466536166024,0.9094579449330604,69.14892223923307,9772434.18651304,2352464.6523874053,1.1228326611026889,2.6135414955771155,145.63146330662713,30374644.83802383,30025967.37500065,1.3836889588502888,2.2959003232590227
cce78d90e899,Hf2Ti2Se8,1.409,0.787968727106055,0.1468527072154197,178.49,72,26873856,1.2499999999999998,1.7966666666666666,0.4000000000000001,1.3666666666666665,85.95006841415169,4122581.757759051,2232082.854744846,1.2322288511607111,2.2600079647447333,79.75194668407254,6014815.054166498,768313.151064876,1.3972341692337849,1.6285056969679044,0.7652933296496389,0.1370649042205264,85.81180441439706,4163118.4349065647,1923323.1275494688,1.2358183954105502,2.2462617853071665,81.50049152520377,6368228.358926441,526979.4686445518,1.3990681617608889,1.625942675076572
cf7927ab6730,Bi2P2Te6,1.814,0.8469443012163835,0.8665354510426141,208.9804,83,47458321,0.1699999999999999,2.103333333333333,0.6000000000000001,1.3333333333333333,121.99165032151733,10029546.766166318,8499354.086968582,1.3641555556118947,2.104836273077025,132.523089324226,16675337.986049978,15569355.731707117,1.3842034646821642,2.094304454576661,0.8519428236956959,0.8422307722599669,124.50907530888672,10429994.851311874,8261402.857035382,1.37372701140568,2.1024654061105608,125.03832181505298,14575925.217720598,13568438.953380205,1.3594013410680057,2.101465648132303
d59c96fdfda1,SeSn,0.873,0.8979262756705261,0.7755266179521844,118.71,50,6250000,0.5899999999999999,2.255,0.3,1.2999999999999998,91.70971123276269,2912381.20993262,2293685.674343729,1.2462242357189632,2.360759003086037,101.280680094134,4095488.7606053553,3136660.286489125,1.318457962974596,2.218699339483294,0.8617318463089176,0.772294966413053,92.7063411463871,3035578.8081187704,2196110.725280849,1.2537459709161292,2.345966257198279,101.42848022041554,4113758.953302337,3125904.5815209206,1.3195734356257778,2.2165055766026374
da5fd2bb47af,ClSbTe,2.891,0.8369734857958577,0.7876067407152303,127.6,52,7311616,1.1100000000000003,2.436666666666667,0.4499999999999999,1.2833333333333332,102.8087989675768,5340478.953683067,4318934.646059361,1.3149864042290726,2.350032792212044,117.68600320673082,6482200.488654716,5169440.973674153,1.4011174190863744,2.1453810166905,0.8418724917890628,0.8448925848104843,100.42691238254744,5156243.536591603,4127578.0763763753,1.302427029949698,2.380884649158775,114.85426454590716,6262486.690879307,5348754.054039135,1.3867687273984324,2.181153512889116
dc4259e69783,WCr3S8,1.317,0.1128916771795833,0.0535098064910671,183.84,74,29986576,0.9200000000000002,2.2,0.3999999999999999,1.25,64.79529941354971,3693552.870674077,23975.623307988677,1.348469092024958,1.845440349142487,53.53767843882408,894571.8974358975,18407.104355043022,1.3785327392652773,1.7207460795876466,0.134076482189789,0.1114644811375034,65.13273600625158,3842692.527483752,91784.2195964104,1.3412620682665186,1.865049806759561,52.545075241704616,898010.8411284147,46577.61617241191,1.356998127269239,1.7706258897898417
de5756e4fbfa,BiBrSe,2.784,0.8624219992836764,0.8974579393343975,208.9804,83,47458321,0.94,2.51,0.4500000000000002,1.3,102.87522690027072,9778585.507284878,3491885.444714098,1.2319819019821638,2.552403732633516,156.35710858405992,28764561.79239838,28395745.531683646,1.4173584673953088,2.29943325555692,0.8708858861095728,0.9086603729103896,101.93773026615456,9437698.581364105,3540182.9344162275,1.228577681486874,2.5764350318400666,152.61363245105673,27438413.58241928,26946845.80027589,1.4044362300653914,2.3103966230697344
df0019ec24b5,ISbSe,2.431,0.8150698723330596,0.8569297123477697,126.90447,53,7890481,0.6100000000000003,2.42,0.3,1.3333333333333333,102.76493598255333,4507463.759789192,3293822.390666683,1.2892507756937044,2.486860289181938,116.70793072120276,6248317.798092369,5640329.583825605,1.392026865583747,2.284693495034737,0.8444249438246081,0.8702194028528185,107.28419312170512,5135640.090034232,4117013.8474789336,1.3109260344198743,2.5119437973430445,114.02123744573412,5894044.639743356,5383747.863849174,1.3756499159683206,2.296964209592408
e688959ea45b,SnTe,0.806,0.9490851585436408,0.7682974971708292,127.6,52,7311616,0.1400000000000001,2.03,0.05,1.4249999999999998,125.37263338513102,7045630.844070784,6717691.814323127,1.412527371287227,2.0649233603957646,122.16169802879172,6662190.984761954,5098716.214437982,1.4305866252598889,2.0143574492723104,0.9092975411969436,0.7702073113614514,124.62452124136756,6956293.631290853,6379216.381322471,1.4167349761452892,2.05314206679319,122.4364645319266,6695002.741341485,5158761.360514704,1.4290412568508064,2.018684480817742
eadd37f03ca5,GeTe,0.952,0.9491394358477948,0.7227381817700204,127.6,52,7311616,0.0900000000000003,2.055,0.1499999999999999,1.325,110.83378369951778,5400999.490928454,5252655.661388817,1.3542406760358017,2.072544405621481,93.56767142149216,3433416.669935629,2204695.8021040754,1.3071170071547271,2.0442702042928365,0.9154990873691008,0.7472070142516989,107.73168287295664,5047495.459618675,4868781.192684635,1.3457742436488993,2.06746454618934,95.85718426998396,3694321.155936688,2658598.361790196,1.3133656775927511,2.0480194065556505
eef072f845ce,CrW3Te8,1.592,0.1204584775086505,0.0682345023554924,183.84,74,29986576,0.7,2.04,0.0499999999999998,1.3833333333333335,122.5226282331315,14969882.012110729,948452.1782006922,1.3767571366782008,2.039163062283737,107.79359577880804,12161520.413370226,598744.6317206314,1.3808999476557244,1.959019666492186,0.2267102691969866,0.1224285422660796,129.021973122645,15429285.825389603,2032264.14664641,1.3771593123159982,2.0775293616120343,115.28225482688758,13277240.913241586,1091695.6661081773,1.3796863023776234,2.000968497355842
f1e78a09001d,BrSbTe,1.315,0.8918512693502405,0.9135826636488846,127.6,52,7311616,0.91,2.37,0.3,1.3333333333333333,110.6597972593697,5280784.074147528,4577723.567374954,1.3273492948587688,2.3743483371596312,114.98478626627627,5854068.145309949,5313861.377873412,1.3726518302669533,2.2527614912934872,0.882771812071691,0.9164275283284804,107.50221474550648,4893346.184202986,4115325.298840205,1.3094622419900055,2.433857087857284,115.77073949457542,5951556.651539147,5435821.638140311,1.3776174663619751,2.236960140600039
f4f45fcade85,BiBrTe,0.498,0.9527970027723688,0.9310224290380532,208.9804,83,47458321,0.94,2.36,0.4500000000000002,1.3833333333333335,133.90827011079605,13302570.516179554,11476078.703971129,1.3939282687146033,2.225915694667757,166.29185907832886,28231941.854533315,27319764.702132557,1.4813538650402085,2.1460728146787384,0.9275593381609089,0.9381112972308486,126.10644463131814,12126089.005134048,9052798.031911137,1.3547280760605054,2.356220126887475,159.50394455647952,25837139.873463355,24825216.47745729,1.4575239610020314,2.1965171672883854
f705a30af945,ClSbSe,1.483,0.8282518682473704,0.9070105467726776,121.76,51,6765201,1.1100000000000003,2.5866666666666664,0.4499999999999999,1.2,73.62901486919098,2108604.2722106506,995936.9904032768,1.1652497894547194,2.6468247768139728,88.08195913917973,3418339.5736593623,3126743.9953180305,1.247538442388603,2.4654957796700527,0.8438826392372596,0.9143032462366278,72.93578823933927,2009547.695071564,994018.7325005135,1.159986568711637,2.654657858537444,91.67710833290612,3726511.879558794,3488644.8878453816,1.2673674779912425,2.419970142633405
fba4cc0df459,AsClTe,0.634,0.9295310488553028,0.9400126636804658,127.6,52,7311616,1.06,2.48,0.3999999999999999,1.1833333333333331,82.05436490809412,3217354.731664974,3072099.616654106,1.196710635829505,2.486303701362792,79.08945545867363,2593493.4918237817,2211852.306151288,1.1796539003252462,2.417171994430856,0.9271260695172412,0.9136992993085054,77.05784096958683,2973024.099585013,2834860.418981085,1.176600448043985,2.582723591749329,84.18425271728029,2869875.572104742,2376452.5430907425,1.2004511233286397,2.326044228590401
