Formula,uid,kpath,E_pfrac_relevant,ehull,pmid_afs_gauss_std,kpath_angle_deg,kstart_frac_y,band_binary,Rashba_parameter
ISbSe,df0019ec24b5,M->K,0.8444249438246081,0.0,0.001885196535515,120.00000004774289,0.0,0,2.431
ISbSe,df0019ec24b5,G->M,0.8702194028528185,0.0,0.001885196535515,30.00000003162612,0.0,1,1.589
ISbSe,df0019ec24b5,G->K,0.8702194028528185,0.0,0.001885196535515,59.99999999194163,0.0,1,1.616
BrSbTe,f1e78a09001d,M->K,0.882771812071691,0.13,0.0076894500190178,120.00000004255,0.0,0,1.315
BrSbTe,18e62ba75259,G->M,0.83517716605127,0.0,0.0012738027321976,30.00000006476616,0.0,0,2.631
BrSbTe,18e62ba75259,G->K,0.83517716605127,0.0,0.0012738027321976,60.00000002571311,0.0,0,2.454
ClSbSe,f705a30af945,M->K,0.8438826392372596,0.146,0.0122234655218269,119.99999996677256,0.0,0,1.483
SSeW,001e03f2c095,G->M,0.1944202818853834,0.01,0.0087597024110115,30.00000005146582,0.0,1,3.284
SSeW,001e03f2c095,G->K,0.1944202818853834,0.01,0.0087597024110115,60.00000005146583,0.0,1,3.288
BiBrTe,f4f45fcade85,M->K,0.9275593381609089,0.117,0.0065832957009888,120.00000005740532,0.0,0,0.498
STeW,75ee10091f43,M->G,0.1498061527142361,0.086,0.0050494758077243,-149.9999999351806,0.0,1,2.27
STeW,75ee10091f43,G->K,0.1498061527142361,0.086,0.0050494758077243,60.00000001562721,0.0,1,3.947
MoSTe,2ea941c8bc3c,M->K,0.2434765337283689,0.223,0.0411535149851004,120.00000005687724,0.0,1,2.358
MoSTe,2ea941c8bc3c,G->K,0.2434765337283689,0.223,0.0411535149851004,59.99999999294942,0.0,1,2.525
ISbTe,0f02957b17cf,G->M,0.848391125348033,0.0,0.0014178093338184,30.00000003954003,0.0,0,3.658
ISbTe,0f02957b17cf,G->K,0.848391125348033,0.0,0.0014178093338184,60.000000039540026,0.0,0,3.526
Sn2Te2,03bcf7dcdaf2,Y->G,0.8358953535587912,0.063,0.0081265395134707,-90.0,0.5,1,4.804
SeTeW,6e2a4c6f4f57,M->G,0.1379246426011634,0.042,0.0046657804929235,-150.0000000328296,0.0,1,1.394
S2Sn2,7a8373382b33,Y->G,0.8186754780085288,0.043,0.0506262881642868,-90.0,0.5,1,4.469
SeSn,d59c96fdfda1,M->K,0.8617318463089176,0.098,0.0,119.9999999735,0.0,0,0.873
BiBrS,49b7be14f786,G->M,0.9145043455561068,0.0,0.0011259988292006,30.0000000011179,0.0,1,1.271
BiBrS,49b7be14f786,G->K,0.9145043455561068,0.0,0.0011259988292006,60.00000000111791,0.0,1,1.293
AsClTe,fba4cc0df459,G->K,0.9136992993085054,0.194,0.0126639581169268,59.99999995613801,0.0,1,0.634
ClSbTe,04fdd7d1ec5c,M->K,0.8840911585585108,0.153,0.0100747508086987,120.00000002401246,0.0,0,1.018
ClSbTe,04fdd7d1ec5c,M->G,0.92019295831051,0.153,0.0100747508086987,-150.00000002401245,0.0,1,0.711
BiBrSe,de5756e4fbfa,G->M,0.8708858861095728,0.0,0.0012482141592709,29.999999951474244,0.0,0,2.784
BiBrSe,de5756e4fbfa,G->K,0.8708858861095728,0.0,0.0012482141592709,59.99999995147424,0.0,0,2.634
BiBrSe,de5756e4fbfa,G->M,0.9086603729103896,0.0,0.0012482141592709,29.999999951474244,0.0,1,1.366
BiBrSe,de5756e4fbfa,G->K,0.9086603729103896,0.0,0.0012482141592709,59.99999995147424,0.0,1,1.417
Bi2P2S6,287dcf4f1a19,G->Y,0.9027750754848928,0.053,1.1826912139634342,90.00000000000001,0.0,1,0.795
Bi2P2S6,287dcf4f1a19,Y->G,0.9027750754848928,0.053,1.1826912139634342,-90.0,0.5,1,1.406
Bi2P2S6,287dcf4f1a19,Y->H,0.9027750754848928,0.053,1.1826912139634342,0.0,0.5,1,1.248
Bi2P2S6,287dcf4f1a19,C->H,0.9027750754848928,0.053,1.1826912139634342,-121.804737478175,0.5,1,0.491
Bi2P2S6,287dcf4f1a19,G->X,0.9027750754848928,0.053,1.1826912139634342,28.258580294896905,0.0,1,0.882
BiClS,99fd027b1d0b,M->G,0.9372956282273632,0.12,0.0127492878351768,-149.99999999570173,0.0,1,0.461
AsBrS,1dcd471c2288,M->K,0.81239137651136,0.034,0.0107868522702546,119.99999998528736,0.0,0,3.109
STeW,916afba26723,M->G,0.3590873032806925,0.266,0.0408814073123662,-149.9999999785103,0.0,1,3.622
STeW,916afba26723,M->K,0.3590873032806925,0.266,0.0408814073123662,120.00000007800152,0.0,1,3.414
STeW,916afba26723,G->K,0.3590873032806925,0.266,0.0408814073123662,59.9999999717441,0.0,1,0.533
BiClTe,968a6902b7f5,M->K,0.901195181671016,0.0,0.0007074822080398,119.99999995915002,0.0,0,1.175
BiClTe,968a6902b7f5,M->K,0.9106283567992832,0.0,0.0007074822080398,119.99999995915002,0.0,1,0.992
AsBrTe,671e6de2497a,G->M,0.909375314729425,0.163,0.0109743048528379,29.999999954309573,0.0,1,0.694
AsBrTe,671e6de2497a,G->K,0.909375314729425,0.163,0.0109743048528379,59.99999999707302,0.0,1,0.618
AsISe,5d829e480507,M->K,0.8922939066570377,0.0,0.0044688300315145,120.00000000009142,0.0,0,1.626
AsISe,5d829e480507,G->M,0.8797309545139917,0.0,0.0044688300315145,30.00000008399031,0.0,1,1.583
AsISe,5d829e480507,G->K,0.8797309545139917,0.0,0.0044688300315145,60.00000004194945,0.0,1,1.615
ClSbSe,0c0fbdaf8f4a,G->M,0.7943110472668419,0.014,0.0019747183096531,29.99999994307009,0.0,0,2.682
ClSbSe,0c0fbdaf8f4a,G->K,0.7943110472668419,0.014,0.0019747183096531,59.99999998409072,0.0,0,2.448
ClSbTe,da5fd2bb47af,M->G,0.8418724917890628,0.008,0.0002165302110698,-149.99999999664146,0.0,0,2.891
ClSbTe,da5fd2bb47af,M->K,0.8418724917890628,0.008,0.0002165302110698,119.99999999664144,0.0,0,2.35
Cr2W2Te8,62bb754c4cb2,G->X,0.2157043936857912,0.082,1.6925072948691413,0.0,0.0,0,1.535
Cr2W2Te8,62bb754c4cb2,Y->S,0.2157043936857912,0.082,1.370593975713853,0.0,0.5,0,1.105
Cr2W2Te8,62bb754c4cb2,G->S,0.2157043936857912,0.082,1.370593975713853,49.07266394958416,0.0,0,0.686
Mo2W2Se8,a1d716aad84d,X->G,0.2050796246622059,0.0,2.3531099345395177,180.0,0.0,0,1.784
BiITe,2d41b3dd1772,G->M,0.919259222337323,0.0,0.0008840256407309,29.99999996531762,0.0,1,2.065
BiITe,2d41b3dd1772,M->K,0.919259222337323,0.0,0.0008840256407309,119.99999995987363,0.0,1,1.391
BiITe,2d41b3dd1772,G->K,0.919259222337323,0.0,0.0008840256407309,60.000000002722,0.0,1,2.086
ZrTi3Se8,52a5e2b280d4,S->Y,0.7405566209593908,0.131,1.604193444789698,180.0,0.5,0,1.091
ZrTi3Se8,52a5e2b280d4,S->G,0.7405566209593908,0.131,1.604193444789698,-130.8472969878528,0.5,0,0.48
BiBrSe,11db0908d9ef,M->G,0.9316661883508596,0.111,0.0090682747190613,-150.0000000375113,0.0,1,0.393
P2Sb2Te6,82b85dfd7723,Y->G,0.8244461820584097,0.14,0.6539552019665499,-120.08754198205264,0.5,0,2.466
P2Sb2Te6,82b85dfd7723,X->G,0.8244461820584097,0.14,0.6539552019665499,150.08738780717383,-0.3327478297774164,0,2.596
P2Sb2Te6,82b85dfd7723,Y->G,0.8318788232153959,0.14,0.6539552019665499,-120.08754198205264,0.5,1,1.057
P2Sb2Te6,82b85dfd7723,X->G,0.8318788232153959,0.14,0.6539552019665499,150.08738780717383,-0.3327478297774164,1,0.92
WCr3S8,dc4259e69783,X->G,0.134076482189789,0.009,3.833981866419253,180.0,0.0,0,1.317
Cr2Mo2Te8,988b11badabb,X->G,0.2124826412893839,0.067,1.708587639699576,180.0,0.0,0,1.105
Cr2Mo2Te8,988b11badabb,Y->S,0.2124826412893839,0.067,1.3836939018273082,0.0,0.5,0,0.842
Cr2Mo2Te8,988b11badabb,G->S,0.2124826412893839,0.067,1.3836939018273082,49.078432863752205,0.0,0,0.735
ISbSe,343d2125478e,G->M,0.9133427007098202,0.13,0.0069196776377032,30.000000008527763,0.0,1,1.17
ISbSe,343d2125478e,G->K,0.9133427007098202,0.13,0.0069196776377032,60.00000000852776,0.0,1,0.954
Bi2P2Te6,cf7927ab6730,G->Y,0.8422307722599669,0.14,0.5918194214520243,90.00000000000001,0.0,1,1.814
Bi2P2Te6,cf7927ab6730,Y->G,0.8422307722599669,0.14,0.5918194214520243,-90.0,0.5,1,1.725
Bi2P2Te6,cf7927ab6730,X->G,0.8422307722599669,0.14,0.5918194214520243,-150.058674084781,0.0,1,1.692
Bi2P2Te6,cf7927ab6730,G->X,0.8422307722599669,0.14,0.5918194214520243,29.94132591521901,0.0,1,1.809
HgTe,1a3bdd1b142a,G->M,0.8163718961430929,0.165,0.0,29.99999999172793,0.0,0,0.501
HgTe,1a3bdd1b142a,G->K,0.8163718961430929,0.165,0.0,59.99999999172792,0.0,0,0.618
BiBrTe,304bc6a92d82,M->K,0.8941369584845804,0.0,0.0005583941977259,120.00000003531756,0.0,0,1.13
BiBrTe,304bc6a92d82,M->K,0.9109066585302884,0.0,0.0005583941977259,120.00000003531756,0.0,1,1.08
MoW3S8,2f6f133abcc8,X->G,0.2120919784501239,0.0,3.136699555755772,180.0,0.0,0,2.241
MoW3S8,2f6f133abcc8,S->Y,0.2250064564826057,0.0,2.5453998862427283,180.0,0.5,1,1.202
BiClSe,7fe9c5cb910c,M->K,0.9114345157094904,0.119,0.011333953476045,119.99999999593344,0.0,0,0.679
BiClSe,7fe9c5cb910c,M->G,0.93294310439798,0.119,0.011333953476045,-149.99999999593345,0.0,1,0.746
WMo3Te8,323fb700d903,X->G,0.3014358700618786,0.005,1.3671358938247664,180.0,0.0,0,1.501
WMo3Te8,323fb700d903,G->S,0.3014358700618786,0.005,1.1192867138340774,49.11423724864225,0.0,0,1.292
AsIS,b13beafa16aa,M->K,0.8936670822854337,0.064,0.0050023399006459,119.99999999043432,0.0,0,2.033
AsIS,b13beafa16aa,G->M,0.8952076420903963,0.064,0.0050023399006459,30.00000000956568,0.0,1,1.305
AsIS,b13beafa16aa,G->K,0.8952076420903963,0.064,0.0050023399006459,60.00000000956568,0.0,1,1.353
AsITe,114b3382699c,G->M,0.9096856795947482,0.162,0.0081559843762849,30.000000022958776,0.0,1,0.502
AsITe,114b3382699c,G->K,0.9096856795947482,0.162,0.0081559843762849,59.99999998120587,0.0,1,0.579
WCr3Se8,c798e725e2fb,X->G,0.1467562156481204,0.009,2.946532368703589,180.0,0.0,0,1.16
BiIS,acdcd16c0d76,M->K,0.903623557863302,0.014,0.0007522787577415,120.00000001616534,0.0,0,1.707
BiIS,acdcd16c0d76,G->M,0.9238137730702656,0.014,0.0007522787577415,30.000000062727228,0.0,1,1.858
BiIS,acdcd16c0d76,M->K,0.9238137730702656,0.014,0.0007522787577415,120.00000001616534,0.0,1,1.074
BiIS,acdcd16c0d76,G->K,0.9238137730702656,0.014,0.0007522787577415,60.00000002328094,0.0,1,1.645
MoW3Se8,24d6cc0a0fed,X->G,0.2110720286877839,0.0,2.337046522898496,180.0,0.0,0,2.097
MoW3Se8,24d6cc0a0fed,G->S,0.2110720286877839,0.0,1.9023277634053928,49.11148107235584,0.0,0,1.24
Cr2Mo2S8,72b286460831,X->G,0.1786805448398726,0.017,3.65492256512691,180.0,0.0,0,1.344
Cr2Mo2S8,72b286460831,Y->S,0.1786805448398726,0.017,2.918340422971641,0.0,0.5,0,0.838
ISSb,4c49d27e66e5,G->M,0.9212175840416548,0.185,0.0086849318837883,29.999999914652395,0.0,1,0.887
ISSb,4c49d27e66e5,G->K,0.9212175840416548,0.185,0.0086849318837883,59.99999995624205,0.0,1,0.907
SnTe,e688959ea45b,M->K,0.9092975411969436,0.119,0.0,119.99999994329718,0.0,0,0.806
Ti2Zr2Se8,846b50801a93,S->Y,0.7638579163771706,0.142,1.054854130826018,-130.82098479221017,0.5,0,1.613
Ti2Zr2Se8,846b50801a93,Y->S,0.7638579163771706,0.142,1.054854130826018,49.17901520778983,0.0,0,1.767
Ti2Zr2Se8,846b50801a93,G->S,0.7638579163771706,0.142,1.4837968045325902,49.17901520778983,0.0,0,0.552
GeTe,eadd37f03ca5,M->K,0.9154990873691008,0.087,0.0,119.99999998974371,0.0,0,0.952
MoCr3Te8,899032b4ad0c,G->Y,0.1895688272224866,0.087,1.5343923781805922,90.0,0.0,0,1.409
MoCr3Te8,899032b4ad0c,G->S,0.1895688272224866,0.087,1.1309707160343645,40.89133946635069,0.0,0,0.713
BiIS,40034665f9f1,G->M,0.9381116900544376,0.14,0.007500126553475,30.00000001923997,0.0,1,1.224
BiIS,40034665f9f1,G->K,0.9381116900544376,0.14,0.007500126553475,60.00000001923997,0.0,1,1.254
BiISe,433f707c632c,G->M,0.9338553284954838,0.114,0.0059162551830455,29.99999994434254,0.0,1,1.228
BiISe,433f707c632c,G->K,0.9338553284954838,0.114,0.0059162551830455,59.9999999840954,0.0,1,1.255
BiITe,a84d988e38ac,M->G,0.9417767775687268,0.11,0.0039598906357175,-149.9999999925854,0.0,1,0.467
O2Pb2,20f098bd3f31,G->X,0.8829775241595053,0.287,0.0243957819164434,-3.8629945371532906e-14,0.0,0,1.132
O2Pb2,20f098bd3f31,G->Y,0.8829775241595053,0.287,0.0,90.00000000000001,0.0,0,0.95
O2Pb2,20f098bd3f31,G->S,0.8829775241595053,0.287,0.0,29.21825838475216,0.0,0,0.875
O2Pb2,20f098bd3f31,S->X,0.8990904811171163,0.287,0.0,-90.0,0.5,1,1.405
O2Pb2,20f098bd3f31,S->Y,0.8990904811171163,0.287,0.0,179.99999999999997,0.5,1,1.726
O2Pb2,20f098bd3f31,Y->G,0.8990904811171163,0.287,0.0,-90.0,0.5,1,1.914
O2Pb2,20f098bd3f31,S->G,0.8990904811171163,0.287,0.0,-150.78174161524785,0.5,1,1.723
PbSe,a0dbdc6630fa,M->K,0.9241098190833938,0.217,0.0,120.0000000273454,0.0,0,0.855
PbSe,a0dbdc6630fa,M->G,0.7879851211433209,0.217,0.0,-150.0000000273454,0.0,1,1.603
 ,aa9a981d89aa,G->Y,0.8340700960545168,0.054,0.9747157556120232,59.95906716716718,0.0,0,4.457
Bi2P2Se6,aa9a981d89aa,X->G,0.8340700960545168,0.054,0.9747157556120232,150.0408990479409,-0.3330589218993955,0,2.074
Bi2P2Se6,aa9a981d89aa,G->X,0.8340700960545168,0.054,0.9747157556120232,-29.9591009520591,0.0,0,4.384
Bi2P2Se6,aa9a981d89aa,G->Y,0.8638507706444664,0.054,0.9747157556120232,59.95906716716718,0.0,1,1.971
Bi2P2Se6,aa9a981d89aa,Y->G,0.8638507706444664,0.054,0.9747157556120232,-120.04093283283284,0.5,1,1.66
Bi2P2Se6,aa9a981d89aa,X->G,0.8638507706444664,0.054,0.9747157556120232,150.0408990479409,-0.3330589218993955,1,1.729
Bi2P2Se6,aa9a981d89aa,G->X,0.8638507706444664,0.054,0.9747157556120232,-29.9591009520591,0.0,1,2.029
HfTi3Se8,c55716558616,S->Y,0.7409042099373613,0.137,1.606444877477826,180.0,0.5,0,1.191
Mo2W2Te8,c04fc052f2ca,X->G,0.2958079752151466,0.011,1.3681197368364582,180.0,0.0,0,1.645
Mo2W2Te8,c04fc052f2ca,G->S,0.2958079752151466,0.011,1.1196269237715253,49.110534665153686,0.0,0,1.315
Mo2W2Te8,c04fc052f2ca,G->S,0.1399480237647956,0.011,1.1196269237715253,49.110534665153686,0.0,1,1.35
BiISe,70cbc0e44d36,M->K,0.9060614974704904,0.0,0.0011172221661371,119.99999999074366,0.0,0,1.267
BiISe,70cbc0e44d36,G->M,0.9184150831842453,0.0,0.0011172221661371,30.00000000925636,0.0,1,2.045
BiISe,70cbc0e44d36,M->K,0.9184150831842453,0.0,0.0011172221661371,119.99999999074366,0.0,1,1.142
BiISe,70cbc0e44d36,G->K,0.9184150831842453,0.0,0.0011172221661371,60.00000000925636,0.0,1,2.089
Pb2Te6,3995fa1bee6e,X->G,0.8986972744902609,0.129,0.1094597910138744,-89.99999999999618,0.5,0,3.064
Pb2Te6,3995fa1bee6e,G->S,0.8986972744902609,0.129,0.0089261946647347,53.08160918832655,0.0,0,0.511
Pb2Te6,3995fa1bee6e,X->G,0.8492620158711233,0.129,0.1094597910138744,-89.99999999999618,0.5,1,1.451
Pb2Te6,3995fa1bee6e,X->S,0.8492620158711233,0.129,0.1094597910138744,1.8552812907871598e-10,0.5,1,0.796
Pb2Te6,3995fa1bee6e,S->G,0.8492620158711233,0.129,0.0089261946647347,-126.91839081167343,0.5,1,1.059
Cr2W2S8,5974b6403c31,X->G,0.1681267075821846,0.014,3.603055858591344,180.0,0.0,0,1.592
Cr2W2S8,5974b6403c31,Y->S,0.1681267075821846,0.014,2.878279172336443,0.0,0.5,0,1.151
HfZr3Se8,70e7ab872359,G->S,0.8422121530840236,0.15,1.1364134093862193,49.07480172352388,0.0,0,0.95
GeSe,211bcb7f05d6,M->K,0.9034063151276184,0.04,0.0,120.00000000156714,0.0,0,0.94
Hf2Zr2Se8,81af2831dbb2,G->S,0.8295197197316269,0.158,1.1447489134690554,49.06672007808193,0.0,0,0.698
MoW3Te8,5c3fe56a1a89,X->G,0.2850819868146655,0.018,1.3576580767550253,180.0,0.0,0,2.045
MoW3Te8,5c3fe56a1a89,G->S,0.2850819868146655,0.018,1.1074140911396304,49.11115211345227,0.0,0,1.298
Mo2W2S8,449640ec4d30,X->G,0.2072633880549644,0.0,3.1563783751913133,180.0,0.0,0,1.954
Mo2W2S8,449640ec4d30,S->Y,0.2146805678678273,0.0,2.548039602044105,180.0,0.5,1,1.167
CrW3S8,a9f87eba4b96,X->G,0.1919601306899144,0.009,3.359788364660403,180.0,0.0,0,1.909
CrMo3S8,644f7c1c85c7,X->G,0.1854065113491833,0.011,3.4008998090369,180.0,0.0,0,1.46
AsClTe,4fd8ad708fb0,M->G,0.8748022705579596,0.018,0.0035557579678532,-150.0000000286525,0.0,0,2.895
AsClTe,4fd8ad708fb0,M->K,0.8748022705579596,0.018,0.0035557579678532,120.00000002865248,0.0,0,2.257
CrW3Te8,eef072f845ce,X->G,0.2267102691969866,0.056,1.5251605549995362,180.0,0.0,0,1.592
CrW3Te8,eef072f845ce,Y->S,0.2267102691969866,0.056,1.121438443042446,0.0,0.5,0,1.042
CrW3Te8,eef072f845ce,G->S,0.2267102691969866,0.056,1.121438443042446,49.11210060848555,0.0,0,0.99
ISSb,5b94060698bc,M->K,0.8378311435722494,0.041,0.0015724099342213,119.99999995640523,0.0,0,2.844
ISSb,5b94060698bc,G->M,0.881194264676874,0.041,0.0015724099342213,29.999999962582827,0.0,1,1.507
ISSb,5b94060698bc,G->K,0.881194264676874,0.041,0.0015724099342213,60.0000000030888,0.0,1,1.547
MoCr3S8,3fb52099b370,X->G,0.1542812240567189,0.011,3.857342355269868,180.0,0.0,0,1.221
CrW3Se8,0b7696e1f4c9,X->G,0.1813042425403861,0.01,2.5442068051315605,180.0,0.0,0,1.756
TiHf3Te8,1667d1443160,S->Y,0.7032942480989642,0.132,0.4526582288145663,-130.8334179720495,0.5,0,1.512
CrMo3Te8,159f028a85d0,Y->S,0.2569664710702297,0.035,1.1396370453288296,0.0,0.5,0,0.896
Ti2Zr2Te8,18e377cce57f,S->Y,0.6431649598769135,0.118,0.7759079817591281,180.0,0.5,0,1.855
PbS,5e4ff1f56b4a,M->G,0.774841563510968,0.231,0.0,-150.00000001782004,0.0,1,1.241
PbTe,3bc08d486d65,M->K,0.9311785526870192,0.198,0.0,120.00000001856608,0.0,0,1.138
PbTe,3bc08d486d65,M->G,0.7994363268899549,0.198,0.0,-149.99999994206163,0.0,1,2.18
P2Sb2Se6,5d1a32a28ffa,Y->G,0.8096352520917903,0.058,1.0938007335282762,-90.0,0.5,0,2.483
P2Sb2Se6,5d1a32a28ffa,X->G,0.8096352520917903,0.058,1.0938007335282762,-150.05171859821505,0.0,0,2.546
P2Sb2Se6,5d1a32a28ffa,Y->G,0.8238161694562693,0.058,1.0938007335282762,-90.0,0.5,1,1.261
P2Sb2Se6,5d1a32a28ffa,X->G,0.8238161694562693,0.058,1.0938007335282762,-150.05171859821505,0.0,1,1.339
BiClTe,badda86cab42,M->G,0.9378360161127248,0.129,0.0087227757335184,-150.00000004401488,0.0,1,1.458
BiClTe,badda86cab42,M->K,0.9378360161127248,0.129,0.0087227757335184,119.99999996490024,0.0,1,0.863
TiZr3Te8,4f1ab08988cc,S->Y,0.6849715466889554,0.115,0.4312365072138929,-130.83623677816092,0.5,0,1.679
TiHf3Se8,3e1923c616ad,S->Y,0.7987767433307077,0.166,0.9230429099485018,-130.86288740334143,0.5,0,1.256
TiHf3Se8,3e1923c616ad,S->G,0.7987767433307077,0.166,1.219215835771028,-130.86288740334143,0.5,0,0.626
Cr2Mo2Se8,60065d3bbcf2,X->G,0.1629753879269453,0.016,2.809348343827074,180.0,0.0,0,1.173
Cr2Mo2Se8,60065d3bbcf2,Y->S,0.1629753879269453,0.016,2.256985633897433,0.0,0.5,0,1.124
CrMo3Se8,a7233837cfe9,X->G,0.2003083671083162,0.01,2.579872477369871,180.0,0.0,0,1.288
CrMo3Se8,a7233837cfe9,Y->S,0.2003083671083162,0.01,1.947957011223222,0.0,0.5,0,1.311
CrMo3Se8,a7233837cfe9,G->S,0.2003083671083162,0.01,1.947957011223222,49.12125581267344,0.0,0,0.779
ZrHf3Se8,b8fb10416122,S->G,0.8326247051860165,0.165,1.20096235991069,-130.89648561884889,0.5,0,0.725
WCr3Te8,6523c349753c,X->G,0.1806309371731511,0.097,1.804437740667562,180.0,0.0,0,0.99
Hf2Ti2Se8,cce78d90e899,S->Y,0.7652933296496389,0.156,1.0748969259127437,-130.82723326206678,0.5,0,1.409
Hf2Ti2Se8,cce78d90e899,S->G,0.7652933296496389,0.156,1.497892822283519,-130.82723326206678,0.5,0,0.553
BiClSe,a80866a2c6b4,G->M,0.8702984144182764,0.0,0.0002768495591408,29.999999956881982,0.0,0,2.393
BiClSe,a80866a2c6b4,M->K,0.8702984144182764,0.0,0.0002768495591408,119.99999996333172,0.0,0,1.782
BiClSe,a80866a2c6b4,G->K,0.8702984144182764,0.0,0.0002768495591408,59.999999996775145,0.0,0,2.216
BiClSe,a80866a2c6b4,M->G,0.9014430142409324,0.0,0.0002768495591408,-150.00000004311804,0.0,1,3.032
WMo3Se8,05a06afa3b20,X->G,0.2290036829903243,0.0,2.3544838024271337,180.0,0.0,0,1.643
WMo3Se8,05a06afa3b20,G->S,0.2290036829903243,0.0,1.9122040017348627,49.11229464004592,0.0,0,1.001
BrSSb,4da5c6be60db,M->K,0.7806803560540508,0.028,0.0029502106564928,120.0000000338442,0.0,0,2.39
Cr2W2Se8,548aa830244c,X->G,0.1687729940064901,0.015,2.771791624354439,180.0,0.0,0,1.39
Cr2W2Se8,548aa830244c,Y->S,0.1687729940064901,0.015,2.226952864671376,0.0,0.5,0,1.322
WMo3S8,9c2979187585,X->G,0.2052901218121179,0.0,3.157392020057693,180.0,0.0,0,1.816
TiZr3Se8,a148361e5e9a,S->Y,0.8026965681371502,0.144,0.8654389572979732,-130.87219067532004,0.5,0,1.321
TiZr3Se8,a148361e5e9a,G->S,0.8026965681371502,0.144,1.15806949495829,49.12780932467997,0.0,0,0.88
BiClS,c96ef4fc869c,G->M,0.9094579449330604,0.0,0.0007471850235111,29.99999994710189,0.0,1,1.146
BiClS,c96ef4fc869c,G->K,0.9094579449330604,0.0,0.0007471850235111,59.99999998775802,0.0,1,1.181
Ga2P2Te6,4cb4ea247ef4,Y->G,0.7732005190484386,0.173,1.026507869199079,-90.0,0.5,0,3.695
Ga2P2Te6,4cb4ea247ef4,X->G,0.7732005190484386,0.173,1.026507869199079,-149.99867077296796,0.0,0,3.828
MoCr3Se8,961c37d6e527,X->G,0.158679447921649,0.01,2.968544820496833,180.0,0.0,0,0.977
AsClSe,1a3be826b3e0,G->M,0.8229245148495816,0.013,0.0099843534661444,29.999999972350786,0.0,0,3.717
AsClSe,1a3be826b3e0,G->K,0.8229245148495816,0.013,0.0099843534661444,60.0000000163824,0.0,0,3.481
