grdf_gauss_2.0_mean,grdf_gauss_2.0_std,zw_grdf_gauss_2.0_mean,zw_grdf_gauss_2.0_std,grdf_gauss_2.6_mean,grdf_gauss_2.6_std,zw_grdf_gauss_2.6_mean,zw_grdf_gauss_2.6_std,grdf_gauss_3.2_mean,grdf_gauss_3.2_std,zw_grdf_gauss_3.2_mean,zw_grdf_gauss_3.2_std,grdf_gauss_3.8_mean,grdf_gauss_3.8_std,zw_grdf_gauss_3.8_mean,zw_grdf_gauss_3.8_std,grdf_gauss_4.4_mean,grdf_gauss_4.4_std,zw_grdf_gauss_4.4_mean,zw_grdf_gauss_4.4_std,grdf_gauss_5.0_mean,grdf_gauss_5.0_std,zw_grdf_gauss_5.0_mean,zw_grdf_gauss_5.0_std,grdf_cos_k1_mean,grdf_cos_k1_std,grdf_cos_k2_mean,grdf_cos_k2_std,grdf_cos_k3_mean,grdf_cos_k3_std,grdf_bessel_n0_mean,grdf_bessel_n0_std,grdf_bessel_n1_mean,grdf_bessel_n1_std,grdf_bessel_n2_mean,grdf_bessel_n2_std,afs_m1_mean,afs_m1_std,afs_m2_mean,afs_m2_std,afs_m3_mean,afs_m3_std,coord_num,bond_mean,bond_std,angle_mean,angle_std,uid
1.713829279889308,0.5675885732617686,70.44680323802554,25.72822408543702,3.697385555945647,0.7819903219030306,152.97819736011175,63.74264773046799,3.9900593971862564,0.1881641966739034,161.37512848374033,76.54437292240029,2.591974998653975,0.09302603418437422,102.22138014191243,43.03152716856877,1.5277801931925523,0.053538621491027893,54.96511119702213,10.24358618582176,0.8726498418437445,0.09870529992876181,29.700795847032712,2.671535870243861,-0.9333907587869884,0.25949825346906474,-5.015068707156916,0.6616129607894482,0.33726450114538037,0.6667450915531971,4.115967350247106,0.5898531968824923,2.899309302284068,0.2724297094969377,1.1409630592419235,0.06913606007564013,-0.37074408705848855,0.7514483655853343,-4.864683001759752,1.2628922741559856,-1.0109494202160973,0.5259071946704208,10.666666666666666,2.9641643059789073,0.37330485787912826,94.58242415274904,36.335098196442324,001e03f2c095
0.18793534014159763,4.92657589370837e-05,9.582833532078624,0.002496572948530289,1.2248550294495237,0.0023881181370958705,62.45323973286726,0.11878332732219281,2.2425102838653426,0.04836458985538332,114.29845528565346,2.38675401650121,1.611358497249873,0.1999749846461081,81.96916340836857,9.622053118614076,1.316630467612522,0.10024970646786559,67.04649517991709,3.9398050707535694,0.7335453576912916,0.06620632123359259,37.47630564333551,4.037255031447648,-1.1211670881957798,0.03766522226849466,-2.2270236008120374,0.1346622448396902,1.4339601740024062,0.19627689706495446,1.7716767438086138,0.0675771186360666,1.5088214382532468,0.0572896197474217,0.6644322963748219,0.022577315216736154,-0.27952486613401906,0.057335994411959364,-1.066667311854542,0.0009137490764421517,-0.23898807468964756,0.17001924438069493,5.0,3.1738080502007353,0.1531915250124172,106.03262404685415,32.59957920836375,03bcf7dcdaf2
0.30308676718838207,0.10621975644285851,12.143132302347729,4.6212315524629295,1.570315422789048,0.5227039006226251,63.018384960617595,23.603138295721315,2.2869608397025596,0.5424173512580056,90.87302128774702,30.57003799302865,1.9543431765788482,0.03817256583935342,76.35916973442885,24.610334854399255,1.3536594198239449,0.006063236928515552,53.385310862549915,19.405674085697267,0.5516484574165953,0.04736870507603793,21.583050476949335,6.717579272096936,-1.0848916902483223,0.038026939817935264,-2.6077849438989937,0.5930743240941992,1.437554948969589,0.131248959202439,2.0188061968606057,0.39254465581405756,1.6525806068818147,0.23573249479749298,0.7091598889060409,0.07574542645859862,-0.0980430675245063,0.44894248892583566,-1.2563309638993354,0.6496751367119564,-0.15286504531148767,0.3463566633196581,4.0,2.975715078007483,0.007658056583842184,98.27627982909007,22.548488842689345,04fdd7d1ec5c
1.456831402559869,0.48006492061926914,59.35591677614704,21.26601206686341,3.441018971034375,0.8064839202135762,138.33604572507633,41.91271356177419,3.8612036072242257,0.22242453881646024,151.33161029075816,29.530825716301422,2.5747450259770326,0.07322234518629361,100.40794591487645,16.888074752879035,1.440977143726634,0.008652905803267621,55.75222136218437,6.068757371399001,0.7975388639213671,0.11888373185829133,30.017112781209562,3.573103623650004,-0.9567418414384088,0.23317065769917572,-4.78465049358267,0.695268939449097,0.5709200394269145,0.5687831326434941,3.8305826896715653,0.5712388006830837,2.734474079258462,0.2724056322942524,1.0813129387672848,0.07010372910264873,-0.3319672689560125,0.7384154433900122,-4.521883874441306,1.288758931879129,-0.9241147994677216,0.4863573673484062,10.666666666666666,3.0299538314318815,0.3774235152988907,94.56205775481907,36.28243006312948,05a06afa3b20
1.5522438819529845,0.5154527233526772,68.01696870131413,24.911306076034563,3.5349478788121176,0.7935974981565371,154.41320196421265,53.50497793873967,3.8868758418068325,0.22671722466008568,165.10960994672448,47.16804165774452,2.580554393990553,0.0896117026668291,108.74695863425582,28.021422025637722,1.4775397420363818,0.02268920747544535,60.87816770040092,9.932328242085795,0.8191838461178248,0.11374855143655528,32.60469742281806,4.217271529768366,-0.9450512903300962,0.24745288465118756,-4.861145614899958,0.6861951010172748,0.48447626645976244,0.6099978184817764,3.9286573708906896,0.5771067719080857,2.7897171301564447,0.2717574824339201,1.1009299844284928,0.06959400440824208,-0.34101207234715086,0.7455226596205702,-4.634537560794691,1.2764978503770454,-0.9502630854099529,0.5035341479727834,10.666666666666666,3.007647243530215,0.3798660068505706,94.50648838921795,36.16305539034779,0b7696e1f4c9
0.5352483164602535,0.19471425902477227,19.491265811461584,7.8059682361385265,1.965827773584335,0.6787457699126772,70.35623648684951,26.443004543818997,2.1735555715546453,0.49103966189818526,74.69794983118761,23.989734422057282,2.139869131430046,0.2002371703551057,68.44972175095934,15.626877388108095,1.6644559668066903,0.18909120020495263,53.34355628432308,12.944677425628878,0.5983167786652732,0.055853353498934985,20.148071662628826,6.018328792658468,-1.0885194898646458,0.16184359809839008,-2.9275851432170144,0.5391670384031104,1.4330792962744472,0.5319837083190929,2.3170469359440236,0.38968100443680215,1.8383342635619362,0.1881352396411917,0.7748373658492591,0.04721436182214022,-0.16833585076811472,0.5022231810593119,-1.5594716696574036,0.7598540335913664,-0.40855746713123803,0.3294811437853075,4.0,2.83890591112975,0.037787219331512543,102.68857833441895,30.69487924130982,0c0fbdaf8f4a
0.17997915628509276,0.08346036497818815,9.291109456297143,4.295148310657087,1.1404593751581897,0.4441154445765552,58.93680303263855,22.88080061957805,1.911629338474432,0.6315253371793662,98.93830457234526,32.59478784742103,1.4930791472198353,0.19825525342916975,77.55744344513568,10.039377168708443,1.4767667433451475,0.18006862778393146,76.92344158189654,10.278528122557388,0.7079937614933168,0.0864236102624804,36.86845631590231,4.83621733423511,-1.1252865371134282,0.08737636969112814,-1.9858332012658746,0.6221973074661112,1.424800563248122,0.1948333460927123,1.6402853528583285,0.3560212202388767,1.4254938210233468,0.20026192260767345,0.6372114709036788,0.057313251193696374,-0.18423581967325178,0.27632267757508167,-0.9505283985441549,0.5477573565516304,-0.18553187059409149,0.23575895518291226,4.0,3.1094706815274678,0.10741562287355633,101.53005642404712,30.035668258023488,0f02957b17cf
0.3417581560070131,0.1670715733660703,14.193635195896428,6.909273914255894,1.559333407408692,0.5868200746342124,65.10322220139832,23.92236121171049,2.3426586735527457,0.5587563548893225,100.68251010046883,18.14910295730457,2.2373443487569684,0.13166205169171652,101.75584011019312,13.677482865431129,1.3659034097526803,0.016439134966807774,62.60065194093405,10.544349535459624,0.5206550656466281,0.06776208506056904,23.038970487686424,1.077852661199886,-1.1135329950945292,0.07757139720793521,-2.7675729521114256,0.6164730495955907,1.6203668827405895,0.27756118302662913,2.109778576588365,0.4246946453923071,1.7210035926442184,0.25380407132966126,0.7347289714670905,0.08268016348208766,-0.13685444884522738,0.4280461514691642,-1.6800590695083713,0.7669621904544462,-0.17408782728180713,0.30627377523499516,4.0,2.980329621116516,0.14112456821478675,97.47201151353337,23.62314313055027,114b3382699c
0.3019157584869769,0.141429135646596,16.084278430655242,7.515264641158382,1.4834506709894983,0.5490871478311805,78.84769087766047,29.78102554644351,2.2139788348735987,0.545500719239144,115.26606042006078,37.74629030429624,1.987943366037613,0.12260458957449882,99.07038358030246,33.92662689905817,1.3696643707115232,0.010871013809401893,68.39467628096705,26.579688019611584,0.5335754526177859,0.05586947585845488,26.94847541325485,9.189976447800133,-1.0877123955996717,0.06775113636415718,-2.5493697922928162,0.5894911472867975,1.4925566531213883,0.24936176183187847,1.9759603545172437,0.3996719988047824,1.626514951740974,0.23974889155252818,0.7001740499159119,0.07805044546597462,-0.10777483534199378,0.4164817022269237,-1.180279838570237,0.6357876376643835,-0.10103283175561835,0.3347703417982137,4.0,3.002214552071894,0.12344284079759749,98.0261281002797,22.820295215580202,11db0908d9ef
0.8750455576501995,0.310546702604067,38.02528448307442,12.828413447110128,2.6810556449175302,0.7676191394176263,118.9332955306064,31.69372397998677,3.3724723282790503,0.39366990497596516,155.2601322135325,12.656219640497032,2.578911356368238,0.0419248489362037,120.92918628641739,15.395756751226628,1.296863524653566,0.09278853295434777,59.97965945485388,4.326538257446147,0.655660526025295,0.059532516111933165,30.977473714664654,4.671794118669388,-1.0219432977593814,0.1671165889802683,-4.089002667987636,0.7266921653198837,1.1816893884196435,0.3551856275861997,3.109484139475129,0.5192551277203931,2.315302144227873,0.2695634031890617,0.9329819279073682,0.07397554490556911,-0.22974279593284805,0.6535257600323965,-3.3938043906588358,1.1880087453438584,-0.6409684527074804,0.40076349899642316,5.5,2.9089983856125103,0.33143397615526227,92.28848073457434,29.341389450297733,159f028a85d0
0.43695289862747305,0.16137242352048226,23.065014424021367,8.450103732426127,1.875144610456817,0.6180736925661917,100.70800055955654,36.60470325718656,2.5784125542714107,0.5145568923826781,139.53755674311932,37.45584386755047,2.317365213101257,0.039782178108899044,124.19430692032971,15.570026503611928,1.3266064662054318,0.03828925053100132,71.12776983613624,9.509833235890286,0.5791976159348856,0.04666456407219125,31.174356070138206,5.658880129040998,-1.1023949452805606,0.07999485473609853,-3.082652743365411,0.6459832499742404,1.5044228414798038,0.20979530265898003,2.3447114532619038,0.4369378780113803,1.864745067416073,0.2513605439725714,0.7838067562934848,0.07722594429541443,-0.13556124344397372,0.5163301811416304,-2.084651034172359,0.8739108047243324,-0.3022156759719978,0.3489625669982242,4.0,2.891169807004965,0.03121741338644371,97.70775898909538,23.368714056803835,1667d1443160
0.479133515034448,0.1798111734670062,18.61904774942236,6.451449612523592,1.9603826733519891,0.6387658873638027,77.98395633434345,24.32728625683822,2.654223840875295,0.4952442385248723,111.60520274764856,15.827745523568451,2.3600099830788843,0.049070614361691696,105.05422948627387,20.034035938571375,1.3172140112641468,0.043449943699939556,58.137755682329754,9.370779613813562,0.5925823456447544,0.037323209753274536,25.650860395986786,2.751868311837661,-1.094992535772929,0.09202007583904927,-3.1907799973132374,0.6547552545168486,1.4815527763801741,0.23201962278855065,2.4237833789251635,0.44507253302759453,1.9118265686364,0.25236123906325086,0.7992516876297721,0.07625711244206299,-0.13927230706185598,0.5348672395603795,-2.211027988217848,0.9035125439144321,-0.33266912705092727,0.3598091779040015,4.0,2.8693263320655418,0.039785512570185366,97.65546430030219,23.471621081779595,18e377cce57f
0.2598408619703018,0.09302200639911258,12.291353776416877,4.573749112493565,1.4292507809363784,0.5033376238835152,67.27418417593093,24.36924783286704,2.026377360438934,0.62747162099382,94.66306606007159,30.586278789317813,1.6317593135697326,0.03771528536605668,74.61792840582,8.193193660035673,1.5890569247155728,0.22846354320909146,71.94070049061013,9.830838845106095,0.6663613876319946,0.03723559765363217,30.376459667672748,3.203735310837751,-1.1234455179621363,0.10718986497241317,-2.2870308688691416,0.6001966667152814,1.433332442965116,0.2545230830441304,1.8510482895053493,0.3618594120558254,1.557918442272079,0.19331690995451353,0.6822702551168528,0.052700374140370876,-0.2266241036449067,0.3297530737608271,-1.154229506105563,0.6532900920535102,-0.2428778824688088,0.3167621972518344,4.0,3.009802185815968,0.020448908221182154,102.53969978736234,31.189363873217417,18e62ba75259
0.4962825898014034,4.440892098500626e-16,32.00926555627413,2.9501683016519564e-06,1.568541351914014,6.661338147750939e-16,101.16798568630759,0.0010098904236883754,1.1803143045211484,2.220446049250313e-16,76.13677219674696,0.08190636589491618,0.32096360579767164,2.7755575615628914e-16,20.87038050905148,1.5738995322816756,0.5256269178896212,3.3306690738754696e-16,34.67065186002767,7.165595715818505,0.5855519966890017,1.7554167342883506e-16,38.596184679131404,7.729360133920624,-0.3611569722213428,3.065703529144609e-16,-1.429162595172251,2.220446049250313e-16,-0.3441858295596044,1.1102230246251565e-15,1.3054090479739775,2.220446049250313e-16,0.938593025114653,7.850462293418876e-17,0.38248437848020783,5.551115123125783e-17,-0.41850530638833533,5.551115123125783e-17,-0.5563824903399277,2.830524433501838e-16,0.918092026293752,2.830524433501838e-16,3.0,2.779462634279613,2.6330734718862942e-09,116.67696402321376,6.611132629834328e-08,1a3bdd1b142a
0.9871986151042816,0.3563017821678888,28.883438509941573,11.483200806079582,2.490088654070713,0.795591046560272,71.2963728080427,25.126799720891906,2.6350924558014492,0.25451146961901333,72.83347479872482,14.616865054385844,2.7616501477131172,0.31560200995219173,75.03736391266881,13.433426663305827,1.5673596342489915,0.03826775453807554,43.152770306764694,7.963941478034772,0.5368465847720869,0.07531384381456678,14.926128454070515,3.176613418038713,-0.9757828479032445,0.22352279110236978,-3.811244190427448,0.4961110352511271,1.3546902632994937,0.701259014783954,2.956357999899162,0.4338114936891155,2.1994943410554506,0.19003961433806152,0.886173234390926,0.04278389280705233,-0.14037749102189914,0.6581149789852954,-2.8001087987166335,0.9387219962110946,-0.6851575564402452,0.2764937941048054,4.0,2.6626881637733026,0.04503381526079659,102.39229122368116,30.60615385876474,1a3be826b3e0
1.028197357940792,0.45716026623811384,26.754372091434146,10.430694554426735,2.4115697201316504,0.7773773558235145,67.10673637060447,22.357674900315715,2.720267582652769,0.3333878601560628,77.37249868047707,22.927380753868082,2.840830360622711,0.2877372330444753,77.4456973258986,16.722411371939685,1.5545558305699358,0.06272127992132896,41.99490227121089,6.525744208230858,0.5213741959215227,0.06919228977297515,14.457210718266113,3.185631631881057,-0.9769029090699797,0.24514030380896068,-3.8558644265636524,0.5063591440214944,1.4042807600548197,0.7361798433306799,2.995518217126184,0.46137979817035984,2.2237405756709925,0.19992840701489964,0.8950951153491306,0.045575288305100374,-0.15245856812117478,0.6326734016851221,-2.7801299758312985,0.9464113647843952,-0.6356923641982678,0.3185082364865683,4.0,2.6679151310443774,0.1552232812376903,101.1232209673729,28.88928093762346,1dcd471c2288
1.8397549998565426,0.2524822970118179,46.04036480028212,6.144962398636942,2.204260381393253,0.6048376408366682,55.0425203317235,14.185195823660933,1.7749251194186164,0.34813022207113486,57.19193967209738,31.14709772311078,1.7280878847470995,0.3492092514083067,72.54980490080698,51.39586594820761,1.2927472988129893,0.30547137341646247,51.87070741120215,33.77886873041679,0.6049487363769717,0.08697573538733532,17.513143114169235,6.079620114954752,-0.357448257360116,0.22250571795011917,-2.9579918086274075,0.33871558433321175,-0.22611617133959455,0.7635377218783531,2.8735538330689647,0.2658936011506202,1.8953014397824468,0.11717453875555255,0.7301008449665853,0.03795331187608596,-0.4641403013014392,0.20753020114481754,-0.9657464896683962,0.14475066724375002,-0.0013320629791592348,0.0963226177886275,6.0,2.777130610363661,0.5309464154526626,102.70516761142957,41.169708846223706,20f098bd3f31
0.9807212000895271,2.220446049250313e-16,32.349052814266656,0.007656634208359492,2.038260013072109,0.0,67.23477103002662,0.20326097511571817,2.1156396913814515,3.1401849173675503e-16,69.8034223129437,1.2784567959014126,2.1748981048878964,3.1401849173675503e-16,71.76754975443146,1.9051714007020522,1.1242097098587145,1.5700924586837752e-16,37.092077247911554,0.6726637080615987,0.3228521409418827,5.551115123125783e-17,10.650080601960848,0.05627012586182456,-0.594419167892009,1.7554167342883506e-16,-3.1580503062717407,3.1401849173675503e-16,0.8621402641376317,1.1102230246251565e-16,2.440686538295642,3.1401849173675503e-16,1.7401016237463927,0.0,0.6795778357579625,7.850462293418876e-17,-0.12345668690546258,3.5381555418772973e-17,-1.7499449729293743,2.220446049250313e-16,-0.03209162997191023,2.220446049250313e-16,3.0,2.5642211273911686,3.902082750518223e-11,91.26657591286518,1.7249496312229306e-09,211bcb7f05d6
1.4447268138579015,0.47625655683316176,67.68949965500234,24.50895836620982,3.4360429361453515,0.8082023903257691,158.11093837006527,53.690375240878815,3.864070204350284,0.22707917981418455,171.67061967059726,50.13916006600258,2.5722926927552874,0.07323437233299333,113.25385099808086,29.979052039827515,1.4344685573031262,0.012639963171015853,61.80998439872986,9.04956740367045,0.7963646924583433,0.11838984846050016,32.58980676266685,2.7925276091986615,-0.9588911015119018,0.23081228037598625,-4.779131816789186,0.6983739914140209,0.5769134825984442,0.5628702633233374,3.821835947966689,0.5717888312841648,2.730005274053078,0.2736944391489715,1.0798559981300515,0.07074832715350801,-0.3336878744171842,0.7371104367393362,-4.517369214568113,1.2950674539654972,-0.9254389109646994,0.48114947526840773,10.666666666666666,3.0318351359716003,0.37637084900616563,94.55431037888695,36.26894270348402,24d6cc0a0fed
1.1542263368086272,0.6480951709958607,24.193912261338205,7.949849478865167,1.8917674866342036,0.437118982447522,51.21299821118073,23.275699971302284,2.257576590657716,0.4237625913370676,61.1086365527827,30.307843124368954,2.29588557469378,0.17076116089871302,58.508674085356255,27.656292859535963,1.7036239963002735,0.1990355348612393,45.96120883982707,26.022965679535982,0.699287503327682,0.11326448834754567,19.073780294562,9.860865300431067,-0.9238658006560208,0.38856892299844165,-3.1053652075166798,0.3290902691233629,1.0825902556527356,0.7614858371342029,2.7505145038490193,0.35297172433476737,2.03333247555251,0.17133227634819265,0.8350129577925861,0.07362871379757173,-0.07300292063438121,0.39924855673901627,-1.7403914464952333,0.4556273946184158,-0.09952668698297125,0.4606919513050876,4.8,2.805775111346289,0.4444989896183645,97.51190180071882,32.31345631606803,287dcf4f1a19
0.12916485268051092,0.0614978564260996,8.505072326355181,4.037414713239412,0.9534599113458867,0.38067856761708707,62.841130557292125,25.032023929514448,1.8245237929958902,0.6231444884845943,120.15187058041785,41.85735801073142,1.3668126803111462,0.25575470588185867,87.61061246501009,23.79922366330807,1.3354500387824795,0.14680889060321947,81.42633488265466,7.098348618235435,0.7405052178059602,0.10878124230318502,44.736225135314434,1.8013102121120248,-1.096447036467567,0.0712453337524786,-1.7668704058680564,0.6192946298169983,1.3591035118429013,0.16882668196171896,1.4823866271292585,0.33960272538255454,1.315746108629191,0.1970710605345113,0.5960683808505757,0.05752792173282493,-0.1608416298793277,0.2370613572638715,-0.8221484480535842,0.4752333302489481,-0.15202299214476017,0.20395749075341327,4.0,3.177881478955021,0.1092311089559516,101.59175681289943,29.999744839375822,2d41b3dd1772
1.3345298110244117,0.5731812695423321,42.35478278162405,14.813892727538697,3.1687535371382864,0.800584673963432,113.5475120856177,39.51641061085097,3.862392904398511,0.40009123051044926,143.53122167626356,56.63089518143778,2.811985754865276,0.08722094119776616,98.4000608826063,27.098838872808777,1.4068788152334408,0.02584392843292793,47.898612857655586,8.196607847953581,0.5762889256183574,0.04145045247167183,19.704140364315045,3.455257410779979,-0.9387031279141201,0.21324577279952767,-4.773776625703861,0.6396805454855985,0.8952118874082858,0.6964927092232024,3.718919123941328,0.5955102060185301,2.6621189179285096,0.2953719319170221,1.0493185671677214,0.08539133263829847,-0.36945301180326795,0.6660085183132788,-4.216376291796466,1.3413088092194476,-1.0800572222218505,0.21182644671997314,10.0,3.0299896401081083,0.37272660924073686,97.18996589664275,37.85449537789736,2ea941c8bc3c
2.0172956779872284,0.631543301210305,64.76921947120893,25.24029405682168,3.98603527395012,0.7446637406421046,125.8684644716439,58.591277827140466,4.07988956889563,0.13527183248401725,126.33818494214955,71.42371443491267,2.6431584774689565,0.08664703269215364,79.25002996436154,37.203164276595686,1.642068957282831,0.1221214426011831,43.05241594673043,7.4356114969697735,0.9532188508740789,0.05284707665230549,25.12266750439952,4.218593259377108,-0.8984256763880785,0.27993863018209275,-5.273572492688302,0.6123031209545446,0.09315276337809081,0.7640167346777633,4.437855822996659,0.5995954085656569,3.082038172144989,0.2685402806685567,1.2057170844079368,0.06725576159217103,-0.36319577794714214,0.7999785319752198,-5.460245155428191,1.3323240917493098,-1.2739588145829435,0.48392997419189615,10.666666666666666,2.895694883684765,0.3699777142352378,94.614547178413,36.37405626178833,2f6f133abcc8
0.18975903353185605,0.06802554841135712,11.455893822837895,4.272915886982197,1.2223825710854157,0.4321304444829037,73.42985572633245,26.758183096252324,1.9619508204027156,0.6410558437761553,116.68106019546421,40.734972623412645,1.4489315970742525,0.10896422891213353,81.42688134647908,20.2566030166952,1.4797334573362704,0.2161279656554001,79.23598589274933,13.182242039529331,0.7020291956733268,0.07164222905293186,37.995745385292814,6.941006116135573,-1.10559534200031,0.09234356338399576,-2.043255759148541,0.6069008240221094,1.3724102277302543,0.15193918963918676,1.6770690191495232,0.3452845595080691,1.4419271170428056,0.18912904553479237,0.6404359518831971,0.0519674573215453,-0.2031828540349476,0.28994784759165554,-1.021654265734739,0.578310551150366,-0.20697761279110286,0.2857788448203355,4.0,3.076621856813416,0.020134266467438558,102.64882574920574,31.15330815426221,304bc6a92d82
0.7999651606372451,0.2753020957407292,40.42545807250339,14.562458943766794,2.585487478326415,0.7579348316216501,130.8746861480984,40.11134544255587,3.338071491482746,0.41306710125035984,169.68861274362845,22.21487061606177,2.5894325427793796,0.009910172658489813,132.0089116391567,7.592714439089506,1.2730959571420317,0.09810532342418327,64.80905923642099,6.359712841967486,0.6355372545991521,0.03901087071578669,32.487789182887845,3.26649456370598,-1.0345790117662237,0.14621703302155495,-4.014965043778065,0.7274588375768609,1.2630233476579988,0.30423240301338184,3.028060703734067,0.5130828664648766,2.269993557377079,0.27153813638880786,0.9175149775736237,0.0758225163124605,-0.22830544710151535,0.6356967841695548,-3.2713697461202442,1.1779332577986064,-0.6210315178741145,0.3738597994568173,4.0,2.731850092524759,0.001910028077726747,96.97338598078184,24.65050813644626,323fb700d903
0.30435683094556,0.17568869717220578,13.072147693463753,7.21262898908726,1.370483606143127,0.5931220901109203,61.039615275517484,24.454498867081536,2.112529138298063,0.546293528855984,98.44124868235538,28.441581964169185,2.10028668952831,0.20650562135511563,98.01146400203304,22.721259003627647,1.4061961036778186,0.014228424177047934,64.43065552493438,9.876514052843014,0.5035883313000352,0.06849603007214286,22.894796253874564,3.540202757894753,-1.1009919396890904,0.09745924444725662,-2.5043973801765342,0.5923042890869227,1.6169176135281649,0.3573591408375251,1.936805246849022,0.41605353073917706,1.6067235860644662,0.25025121680745166,0.6940408306204818,0.0833830813762634,-0.12105044103692213,0.3661164948543624,-1.063812020734622,0.6130418956865124,-0.04183352755253434,0.30020309700131476,4.0,3.0440483810455574,0.2052899106917992,97.45246771397353,23.537868561219874,343d2125478e
0.2219706656390479,0.06680270109988802,12.39958821201548,2.851390657790117,1.0821569810039358,0.08297574356360932,63.71666251789424,8.58620984961571,1.7971119302647554,0.5686667123078054,110.29554649513254,41.55563169797118,1.4202570943125687,0.36804714362830865,86.26868518080458,27.21203249591334,1.213005285215666,0.235911063695615,71.81471348096738,15.862063050714143,0.8561057388659059,0.15120318632161095,51.27587944859927,13.099874369040979,-1.1093768123093115,0.25877952046779024,-1.7869508085942156,0.40872048414928874,1.1716073829172224,0.43588776509884397,1.565876206848309,0.28137785615531524,1.3695968855165415,0.26971904346571807,0.6200169957423267,0.12411680008427135,-0.25081150206149866,0.12753934837809752,-0.7988190869865917,0.3154262282332018,-0.031040920742660016,0.16220041355470308,3.5,3.095463413516309,0.20388918648762538,105.25075556418179,27.670390101728575,3995fa1bee6e
0.19261285212251517,4.581772189210292e-16,12.577524044140997,0.00033106560543227914,1.0653091522811107,1.3322676295501878e-15,69.56878375149746,0.042602537466763124,1.475327774200272,1.5700924586837752e-16,96.48515431873514,1.2988913245727716,1.0570129304812839,5.661048867003676e-16,70.08601545603065,9.382662855413287,1.126019948487627,0.0,75.3489874100209,16.058144159013302,0.5284509786854548,1.1102230246251565e-16,35.24575302907976,6.511492424360702,-0.80168419927593,3.3306690738754696e-16,-1.6111739562249587,5.661048867003676e-16,0.9284304952611817,1.2779626727101132e-15,1.3281144258912883,5.661048867003676e-16,1.1153121514625755,0.0,0.4893757314433521,5.551115123125783e-17,-0.021211160071672314,4.85722573273506e-17,-0.689579690588277,7.2377686124476805e-16,0.06355350685436997,1.736110700089722e-16,3.0,3.011576254014478,3.5314875246858747e-09,91.75934637071104,3.775088593177614e-08,3bc08d486d65
0.9455511433835634,0.3341745259273996,40.472166197253536,14.805949655691279,2.6312135127743885,0.7391587802271566,113.520581840677,40.24092583721824,3.027268095461167,0.3039392520321294,127.35875500196748,35.947665891542606,2.502465897641415,0.04060234879331645,103.40524083114751,26.116089971778873,1.3974263330626713,0.06327566502831246,57.94378346707148,13.839535550139647,0.7150705997596173,0.08515863989114568,28.270314343053553,3.7278547667651796,-1.006298944511361,0.20486681700764145,-3.883305647475922,0.6764500611806312,1.1127828579702965,0.3987119615290879,3.0313171775000938,0.4857387455166646,2.2569871198567193,0.2345869777625358,0.912681335463927,0.057399329728554195,-0.15525940266048935,0.6706494727028682,-3.13393557839021,1.039020350812236,-0.4890281833188889,0.5379459630638985,5.166666666666667,2.843084438594437,0.3045263131689875,87.78835877390951,28.3886533686712,3e1923c616ad
2.5013154394134647,0.73924099364956,52.0059920809472,17.282109598207423,4.4013802952838255,0.6599325157357795,89.86968623594557,26.474655236491753,4.20336350051453,0.15069346371086562,84.04569648864059,21.2653474426268,2.7764488734764456,0.04653063559205288,54.79156357542585,9.950977352690197,1.8171169936131486,0.17808130200158256,34.52994290439405,2.5137665554076305,1.0939435529085173,0.04902141657392532,21.578569526876866,3.39072506256681,-0.8237554096343634,0.31004767334189975,-5.683718556174018,0.5372982550330265,-0.24676577283756404,0.8897152213683127,4.960311111337098,0.6217926587062996,3.37131810072451,0.2689458974478145,1.3058551243888907,0.06810635744743013,-0.36684823964403007,0.8710415677840798,-6.378159903343659,1.4262366394528008,-1.6753389938685401,0.3917345676994977,10.666666666666666,2.7952070978096986,0.3671919317618285,94.56969588059943,36.275554999127145,3fb52099b370
0.3554655393429349,0.22105974014422738,13.812311796926585,7.815596646625651,1.3860069415993468,0.6471146831737838,60.1135703609694,23.27432239141697,2.0020362334820523,0.49943482680681917,101.00076335460092,39.61888793249591,2.0379941692436816,0.2399846390604016,104.81226805321404,50.806542761225245,1.4149029531555328,0.005402238929232557,69.79599019401,33.253555239505204,0.514996483492243,0.06999904481182048,24.275801928362696,9.392878906352705,-1.0771977841595004,0.12474671336990903,-2.4372704023894167,0.5838713625761638,1.5149942583063474,0.4492595831163602,1.9227892866543357,0.4254615618011823,1.5876626783426486,0.24583894736230652,0.6860903485387078,0.07971691121248395,-0.1310219666949516,0.35883285222881345,-1.0688395460419349,0.6278155939762566,0.055425561614163954,0.3582660857393181,4.0,3.041755388887692,0.25833643228878356,97.58731093092857,23.22488704660006,40034665f9f1
0.23653103116580285,0.13965192849681893,12.916822436165596,7.324811345728073,1.2006147525706587,0.5450450500246983,67.75479275167199,28.719874576472115,1.9652732568370581,0.5525267694428334,115.17524000276931,37.8918136603529,1.9028252489822775,0.23155765553394123,109.57965003464176,36.64458795153115,1.4082679281730623,0.0324919832684854,78.87995079291467,23.766988562854404,0.5090876709509783,0.05615783724461772,28.606926073582358,8.582807232852788,-1.0831614583977296,0.0917024167176764,-2.258327432811342,0.5702266271052835,1.5885055213300474,0.3366512318385549,1.7628922252670136,0.3925374548382077,1.4907520027674466,0.2424706418834799,0.6517006335510825,0.08291864386948711,-0.11787469666091117,0.3207129710738625,-0.9621605205215972,0.5584645060520614,-0.00481977994460762,0.2724588454628221,4.0,3.1054326434198214,0.2069731330038106,97.60514593109558,23.308841635733195,433f707c632c
2.0251580928694755,0.6335908167631167,60.6604464935815,23.65967950568142,3.9887217424504122,0.7425133656755829,116.92207344792594,51.88477082600149,4.079335663292246,0.13360238630155102,116.54644215631721,60.24447160537756,2.646391301592039,0.08554453286478786,73.64979638904634,31.709609446260895,1.6454174869990486,0.12427946376063256,40.81367893139505,6.664731244179525,0.9531819180058854,0.05166849904720846,23.799281868912654,3.738621162224966,-0.896632976743578,0.28091476852376945,-5.278160695168496,0.6097968158571888,0.08987269755553333,0.7671908222834802,4.444275005487651,0.5992073908723929,3.0852501030794977,0.2678714375263375,1.206726391593928,0.06697530665177942,-0.36082763735576945,0.7984181095035945,-5.46099865647781,1.3187457309881971,-1.2769941503814195,0.4797637142289775,10.666666666666666,2.8944608217528884,0.370477379984434,94.62036647696735,36.38563085148335,449640ec4d30
0.4614430911842859,0.2325049620645319,18.478872709503996,8.240946065563037,1.7108742788020008,0.6601081488368175,73.08323178839811,26.156677338630647,2.0356420402071564,0.5450051304837181,91.46833665893861,36.721817293870025,1.973243815223886,0.15799099219410373,82.26141026330313,36.49288568887041,1.6750375489602136,0.21640038311643528,66.68508859695457,28.41230913102796,0.6156568644443726,0.037203405839455195,25.241925103053827,9.933239846647785,-1.1050130546190344,0.16736115757126052,-2.639232740766307,0.5597250216254234,1.4533185201104544,0.529387990841451,2.1252239642669726,0.3961671163103157,1.7226255975173166,0.1932145740514442,0.7373632591813676,0.04953024896648531,-0.2758777464463471,0.36682599086262446,-1.287915738649574,0.7516716111275786,-0.1576150404826335,0.3772874751812981,4.0,2.9129377222571926,0.16209711570791965,101.51022133362316,28.743796971012273,49b7be14f786
0.4450079822436595,0.27051878573812616,13.699650177907628,7.461205894697551,1.5534480684382685,0.6810904480258413,53.99341877920106,19.46960914266273,2.1767173054488116,0.4937710773476699,88.00183919622559,33.08689210977142,2.245612855273355,0.21258426169284478,91.60975145671974,38.10651100859296,1.3937741157752257,0.027983009044008036,54.30411931551731,19.279882284954834,0.5243170489418472,0.0698227987794234,19.54728527270683,4.900072114624856,-1.089256658801147,0.13827071211001982,-2.7034153534281344,0.607184844813409,1.5326419726609244,0.467308736496059,2.115311366966926,0.4496668827666447,1.7130306882478152,0.2519330910856554,0.7310885412940539,0.07886521644705209,-0.15149862435757075,0.40502806540964575,-1.6063118126644245,0.7560404255385543,-0.0108808203798089,0.38787983495833483,4.0,2.9784019579318066,0.2551937025006464,97.43575267180381,23.437459466285812,4c49d27e66e5
0.7788592309535747,0.49680136532669655,22.887472050325236,11.22392339977207,1.7917108196151852,0.5932330337886648,60.68743352946758,21.238019033248715,1.9421047225568482,0.4929738237435573,75.23862746274261,24.137537363898982,1.9988193778238972,0.3031150731281462,77.51843129973078,19.733722531046197,1.734621327614826,0.20960384873865626,65.7061607535326,14.915674914346106,0.7647673173028172,0.08840213601715627,29.778943567147007,7.863515837119885,-1.0846396163437237,0.3217082412702488,-2.6709132417665993,0.4420001890871399,1.2033034426823357,0.7557234603006104,2.316572231558555,0.3777806274296962,1.8267007421954837,0.20807131158698183,0.7780319906961553,0.08168183357683806,-0.2871905722877574,0.3211218043654143,-1.3564743807690942,0.5152431626562716,0.1929581547303084,0.7403511679456324,4.4,2.904936145472329,0.36752583087506857,100.85959505461727,29.678855449019252,4cb4ea247ef4
0.5882856376370543,0.287925293397853,18.59921904097235,8.019944655300668,1.9031520197398288,0.7049936086118697,64.2840361975638,22.56966493125576,2.1673168822621904,0.5061392494923261,76.35517334053914,28.466323541615697,2.257781879737844,0.1915451487619563,74.02508449633787,22.391065304696365,1.6774849916136372,0.18557904364868633,53.161077923415995,12.53494725306652,0.5877217386028607,0.05789980710773352,19.311153507475044,5.179344366401161,-1.096107771559451,0.18549061574114256,-2.9573202252180253,0.5505965829307027,1.5003464379789317,0.5936979223781006,2.3476577471699684,0.41674348959063273,1.8595561125576348,0.1982937270732058,0.7831989545562762,0.05002144608191373,-0.3093938933009183,0.4011467197922951,-1.76600174217004,0.9307281002942487,-0.22452474235318595,0.39982484646028393,4.0,2.8457147091600423,0.16152580285513943,101.3175520251552,28.81904065555989,4da5c6be60db
0.4212673205497845,0.15929299193111215,17.64321910156144,6.15927569990473,1.8422894492729112,0.6108603213441439,78.50399875762767,25.215779342339385,2.565836906081438,0.5218299111738524,113.46123385696194,18.99545644189679,2.3069294925568267,0.04972951222043442,106.48051656602587,15.073225825311459,1.3273395176078882,0.038721193083700034,61.12395053901136,8.099582104703241,0.572914338896212,0.049343077488737036,25.91090474090359,2.252312402896922,-1.104291043127767,0.07853050012740226,-3.0538128595982,0.6436123061513218,1.5198236095236952,0.2121176063322379,2.3200385217441215,0.4351301447429012,1.850070968629771,0.252188477924906,0.778777890529498,0.07827233034986045,-0.13053078225968626,0.5114650305969065,-2.0216644921924467,0.8800358163702454,-0.29580821884924824,0.3384288010831354,4.0,2.9007781446231085,0.03714634049013103,97.67733394516524,23.420132981562617,4f1ab08988cc
0.7063780246917207,0.2518306669271944,22.44348620731414,8.324992071450808,2.1979763019909946,0.7396704480867866,71.0341430878205,26.30361474697586,2.302612630435758,0.3891640852664137,75.58088381428699,21.449037841981994,2.4033997809675562,0.276296740153995,79.10952507294343,25.758251467041,1.6377777552645423,0.13052570274209602,53.777488160231535,16.562541910585,0.5764332559010567,0.07946811403914757,18.78259062902987,4.874064853739596,-1.052223240611255,0.18658436085432134,-3.2643061024178466,0.511370820998882,1.4045275813306224,0.6203001992642156,2.5636776616900643,0.40281454125744043,1.980159077172371,0.18584744643589246,0.8196163951679827,0.044435402589093086,-0.16694176843950106,0.5705900120018486,-2.2589383817163626,0.8826641605383269,-0.5162429544828268,0.3231543226070988,4.0,2.762331971282437,0.025238224598378604,102.8365358435582,30.902590522301697,4fd8ad708fb0
1.1350749771009063,0.39761546400428144,33.30988213444401,11.03927208831874,2.863514570286268,0.7525163292267992,85.98959616422009,21.659617087162907,3.2319370699385352,0.26098339063110526,100.28417616022587,9.454365617439333,2.548086125066153,0.06090505896894806,79.73116871932395,9.012207704267254,1.4427751277899024,0.04279546332618181,44.98485933574045,4.338943770513332,0.7274233546818759,0.11774768355841092,23.107495613118203,4.826875042422695,-0.9754460770486112,0.23339933130643212,-4.162214525634481,0.6735708726342609,0.9670288365107899,0.47749715449705893,3.2793135652309413,0.5044629680992518,2.39946922517823,0.23531560320812211,0.960808483687111,0.0557525756372556,-0.18022804197667627,0.7029957571797113,-3.5142814004964777,1.079909020535328,-0.5854841422242366,0.5652406891195371,6.0,2.881797998638836,0.3710987122290145,88.59077611112558,28.8382020115567,52a5e2b280d4
1.6697864353018952,0.5476278512209751,64.1024260034703,23.820005825371908,3.639153576515669,0.7764461573808248,140.59150237407297,46.01662864635291,3.9174877675890074,0.20537305403771308,148.833319134322,33.221750020747216,2.59388948834567,0.0898595309073187,98.10461750207948,20.419334918013362,1.5227037771601248,0.05172299426794972,57.03927969677367,10.55624284117472,0.8443783972939046,0.10614728212269202,31.37462989154832,5.552236912670285,-0.9299676889068405,0.26046932646459203,-4.953855915563412,0.665124506032203,0.3880866510839356,0.6511496557428018,4.04680805774346,0.5796782462946525,2.8558995595597945,0.26835405832458115,1.1242324482889934,0.06811839986153924,-0.3492009830912497,0.7538437027806946,-4.76311547524746,1.2472665094303446,-0.9772795754712967,0.5274959132591306,10.666666666666666,2.9810708804646224,0.38145714928547353,94.52554033425966,36.194682226501165,548aa830244c
2.3093254837622594,0.699031093233361,60.57644724598057,24.396211212551442,4.2323666613841455,0.6883962837229956,109.66433961659895,48.48998496379819,4.1415960461967005,0.14949163435706012,104.53839256346424,48.67155129723296,2.7212380311960076,0.0630853938422339,66.73449316962439,24.92229415682212,1.7459117586962154,0.16659995098175884,39.44183941193083,8.021450171792045,1.0319328178055651,0.019307434611068854,24.493457401405518,6.350806942045022,-0.8533929710254121,0.30137226175241166,-5.510606942735347,0.5650245850986199,-0.11683447242821181,0.8435985926660204,4.744905889742194,0.6108278583810358,3.251509411385378,0.2675653871043632,1.264414866086824,0.0676534082627153,-0.3436134907935187,0.8606141612660321,-6.104498061041735,1.4249340953132703,-1.5661191129500975,0.4018387991345822,10.666666666666666,2.8356736287665205,0.371236743091561,94.57429824837952,36.28611366068629,5974b6403c31
0.49492453890105637,0.2944557681108571,15.402999971292749,8.094450263972508,1.610917791696213,0.7001128227424042,56.82348096466087,20.569105205279865,1.9521235960095762,0.5364288361023186,80.26033905279348,32.308700129075255,2.0414775329574137,0.1933526433385574,82.02466805999569,31.690392063264003,1.6963699141959598,0.20777827138994379,63.40207072823168,18.029390559607986,0.6149443487548077,0.04582540593190848,22.607258814173406,4.8540237261793475,-1.1162991089186909,0.18721182410494977,-2.58283770872383,0.5765455295215159,1.5069301107293438,0.5920329248015733,2.1023060763456036,0.42329542181084945,1.7111153046531253,0.20508006429168363,0.7351643119083828,0.05324585962265827,-0.2653094548868721,0.3463568024542045,-1.187697354821995,0.7192882890860456,-0.05513330269873917,0.34221468120923937,4.0,2.941114948002865,0.24587670191328323,100.4761080273822,27.958972938954375,5b94060698bc
0.7940421282245431,0.2732798582742755,46.147130333230145,16.596432004814073,2.5796103492359417,0.7568736798319203,149.27092269956054,48.32036943790344,3.3396331205650776,0.41644311352725016,190.1951347117819,37.82133449692173,2.5897937667325728,0.010325919875497488,145.74894927831647,15.625915030500433,1.2708735821054615,0.09846730403853908,72.00351809992813,10.868916434229542,0.6333242197795519,0.037187674195774595,35.341684219433624,2.5586274107041227,-1.0354042637596612,0.1444659853079669,-4.011933919993203,0.7280292834426871,1.2688484370251725,0.3010895255109471,3.0232549377638627,0.5130519539236337,2.2673961377357306,0.2721727423562297,0.916609068055334,0.07622968635420616,-0.2290330076704803,0.6340821460867734,-3.265526266886733,1.1783560197387002,-0.6214907977957101,0.37069274186888984,4.0,2.7340724901160804,0.0020836775438028074,96.95433821443048,24.68723706318627,5c3fe56a1a89
0.9654964317434327,0.5740460866161239,25.79510003137592,9.402097672017009,1.930251567911196,0.4937949361702399,62.765169810351594,22.746808212953315,2.013668090274905,0.45820067251530316,70.39049392582712,27.606995411477897,2.1334959058622442,0.2018325033113073,70.01602859452007,13.078494610653776,1.7974350218502722,0.1382694671489811,58.59272864040827,9.311558896483044,0.7286563530912238,0.11244479766224043,24.09268836228724,5.862514580114283,-1.0273110466326778,0.3198734006403234,-2.8924192417417927,0.3422747867130211,1.1398676534249088,0.7230271563912525,2.5287564270867517,0.35112524051591476,1.9362876279035575,0.17050011156687972,0.8109043089652701,0.06553355075520494,-0.27712282538900646,0.3140745455279511,-1.5396503386381055,0.5655368254197923,0.18042648515479984,0.5462286602231148,4.2,2.786222912425679,0.3586681052150869,101.03439589046353,29.138913241169213,5d1a32a28ffa
0.6323462025718093,0.3206486825624105,22.250721518302345,10.550952664631257,1.9331715715199767,0.7193327054596841,70.99348566452478,24.567513836737763,2.231844896318588,0.5059245187852961,87.00995042172853,21.134364696733186,2.3754070213997456,0.1870677385571176,95.8176977755129,22.39069868940094,1.6712063762053375,0.17503691775016794,66.86192442178276,14.718313740956335,0.5780013212641046,0.06022806554046431,22.40532310497568,1.5682005214815962,-1.096453691370388,0.1936835281034357,-3.0676105326805216,0.5609400193771629,1.5434305067546747,0.6106250603745209,2.4216383632172755,0.432788276520831,1.906363197926171,0.20571166433562024,0.7990824849406667,0.05223913833710535,-0.31103809945849226,0.40890387344949186,-1.8442031409824369,0.9596015921563851,-0.2400537736782505,0.3870355874391468,4.0,2.8327696373610123,0.18007202857106053,100.91853347866812,28.738908551756445,5d829e480507
0.6598063549156454,1.2779626727101132e-15,23.90926041391228,0.025973905073501058,1.746904424860809,8.881784197001252e-16,63.802051754853764,1.3596252025779911,1.5589162164666206,8.881784197001252e-16,62.995873151476275,16.862311567628065,1.69634791102949,3.510833468576701e-16,80.63082405404901,49.548551053277365,1.2709219259591646,2.220446049250313e-16,59.392254100701116,34.49536577452558,0.44061608243391576,1.1102230246251565e-16,18.163080212082733,5.689924396928094,-0.7101354829739418,6.661338147750939e-16,-2.4207974218931216,3.1401849173675503e-16,0.8659024748418518,1.5543122344752192e-15,1.9527405158121691,6.661338147750939e-16,1.4732069230596785,2.220446049250313e-16,0.602601234319362,0.0,-0.09796984791101027,1.32021460364232e-16,-1.2799032725763921,1.5700924586837752e-16,0.18804230593235044,4.0269504754516817e-16,3.0,2.6962365157068544,4.896215052112057e-10,94.16552590769673,2.0106540384833407e-08,5e4ff1f56b4a
1.6898950651087576,0.55310693997826,55.520281114852814,17.86610211385688,3.6592662922008317,0.7747179702558584,121.76257104374137,27.411480869227137,3.9254648636654466,0.20325993726706626,131.406314693495,11.98756042128044,2.596047429290687,0.09053756752867026,86.83895750857617,7.287523424932841,1.5291935046711096,0.05680625518161935,51.2232226212899,5.208322036226816,0.8497798469647148,0.10397640173579177,28.58196853887694,4.32952231803885,-0.9277288381497821,0.2622660242013737,-4.971433654112107,0.6624501599405491,0.37000208231463577,0.6586168105753455,4.068564202326528,0.5808122185084493,2.8683021484153532,0.26834243018744014,1.1286610016848582,0.06809850100118432,-0.35186851409255776,0.7549985678783206,-4.788513324774234,1.2447866922995834,-0.9840243188250491,0.5308630804012635,10.666666666666666,2.9762073446361184,0.3813066518716356,94.52118398101422,36.18474192025967,60065d3bbcf2
0.9343540759091296,0.3306402339175802,44.18135280800593,16.30627758849404,2.7481462778718586,0.7718049343072254,133.4522109702147,44.16844390661846,3.3868277159427085,0.3634342993583493,168.01198269825923,30.32457161860338,2.574246834648665,0.043136668899602576,128.08518013823405,17.587912969892944,1.3164555352895841,0.08568446276697553,65.3205879814052,11.868567634992763,0.6715479381437511,0.074298663647425,33.65335775713956,6.867212514516901,-1.0119360329757925,0.18108921756027432,-4.138962930124291,0.720643713151721,1.121978937250474,0.37876191517868124,3.1682301334342746,0.520683229959342,2.347537040046184,0.2653056496011141,0.9439357719108842,0.07129330261978493,-0.22672106283917245,0.6671441153075722,-3.4770533804033756,1.1853352239183617,-0.6508394008124956,0.4253358545766307,6.333333333333333,2.966939854011626,0.3677763396684418,89.18950626098238,29.947542135923978,62bb754c4cb2
2.1850160959218505,0.6746528040489411,52.26228678874653,18.35699707538994,4.12393406955433,0.71327062868727,96.69523611823563,34.42795533228606,4.1101574219533665,0.1561249904456751,93.76075964444901,33.494736617215736,2.6881722995203297,0.07956383075367296,60.301973448651346,16.990457758436033,1.7014918348452295,0.1510814584518976,35.68967593666166,2.996501559094042,0.9956318010887308,0.02882689396068654,21.42464321354925,2.7727749176959207,-0.8721082768852576,0.2957163438705697,-5.40550331555577,0.5884366171231967,-0.02753098492244548,0.8147672987264443,4.611012768508513,0.6067937361558029,3.1772073140080104,0.2676441237788198,1.2386287055642984,0.06716134656740297,-0.34504063013085945,0.8310722409225406,-5.802082530759466,1.3715661729656135,-1.4371409543835585,0.4376694519147036,10.666666666666666,2.8617054180304975,0.37234127249402504,94.56264210177495,36.263255224934326,644f7c1c85c7
1.019615421862094,0.3574739189730887,41.81872423381885,14.870734622928122,2.848028118940506,0.7828739283147637,121.28836108956999,35.88866987556297,3.43568153791783,0.33978453842133227,154.42919078820933,23.905205157312327,2.576465658502214,0.05083399997901708,117.84054833445595,21.43537677781117,1.343487191521983,0.07736500439032001,60.52952994065195,9.770015209783383,0.6908850290972147,0.09216393869452828,32.103835130038675,7.305260670381007,-1.000210122785408,0.19573669289787093,-4.229767118766407,0.7174778167373048,1.0429930267570422,0.41961297993826846,3.263796783440774,0.5267527165533296,2.401935063592042,0.2632236548304885,0.9627522051871682,0.06922646456813913,-0.23424453413007165,0.6837628995563442,-3.617949105627309,1.1977779345765234,-0.6753529924114257,0.4491654899015027,8.666666666666666,3.0919884837855816,0.4018124202240348,92.29247529028623,34.07685562293247,6523c349753c
0.46927714244549,0.18202589509944928,18.18052993869021,7.5226993607301615,1.9068476286225708,0.6341566132214124,72.94663189910258,25.075141557343976,2.562748618802849,0.5005162028261323,98.62978207955344,16.038568974593552,2.3244655360854662,0.047078772789035536,92.24882789474869,14.020569649375924,1.3312660826867138,0.03693889144328888,52.95907334514313,8.77202619013603,0.588573754598749,0.0419795567296062,23.105132447639843,2.062002515448695,-1.0976914072203818,0.09029639541175787,-3.097083784715396,0.645192678574747,1.4713530004326196,0.23737567661329864,2.3692277628788734,0.44023359156881325,1.8777819704867882,0.24870355263032326,0.7883489682197132,0.07485830132849484,-0.13608628291882605,0.5229729245734218,-2.1104100616796404,0.8788456583470763,-0.2795767948407914,0.37598662668682276,4.0,2.879076149010795,0.07043985454776597,97.78256843875612,23.214817957989506,671e6de2497a
1.0922215159244795,0.40004695702111526,59.63932953035816,21.274483560467175,2.965288466518207,0.7930463775060518,163.34935810173667,53.780761567001186,3.6256118933185455,0.3376900339911189,195.665740313815,57.186605184686066,2.589190224020619,0.038899674589016935,136.98381824569904,33.851962022224754,1.3232513100375145,0.08356236512939937,69.62066820750488,12.883562628889498,0.7005761739231714,0.09740464070215404,34.79377706225194,2.597436145803958,-0.9926754974059341,0.19602386952805662,-4.390185860758792,0.7241155898265698,0.9586901779853639,0.44267740602087047,3.3967496847938716,0.548228244376001,2.4819591783873043,0.2743583433901937,0.9909255027519853,0.07326179385741365,-0.2779944611577602,0.6836767106069642,-3.857012800488363,1.2557780671576553,-0.7444933059912392,0.43585564414705646,10.666666666666666,3.1407876440659788,0.38841968430914753,94.53601585957578,36.26513913123906,6e2a4c6f4f57
0.25647869485677705,0.14677563964733645,14.073412640437107,7.684925734188461,1.256964530396606,0.5574321222788363,71.3922235448115,29.420386212038846,1.852292115117432,0.5945027430854234,109.82924978378514,38.49684534137383,1.5863851015715413,0.22021592733107168,91.62330250341012,30.727027754339233,1.556848453302264,0.19434825862337826,84.08300660227799,16.761365132494642,0.6914610340400599,0.07349974218171137,36.968907389707226,5.557039507743795,-1.1231098523152772,0.1266423505746235,-2.0804960886900834,0.6160838937719483,1.4203779609973342,0.36411121256214674,1.7285549344619577,0.3787058868427774,1.4792424992047977,0.20200077393387073,0.6560417240975228,0.05581251140783095,-0.21034610620630337,0.286214393807896,-0.9968551469936052,0.5944428875896152,-0.09643054241337563,0.2516545573091826,4.0,3.0772737881044985,0.1935213257263146,100.92418586675025,28.77515850377524,70cbc0e44d36
0.8284782785880603,0.2840049434225631,33.204595031298126,12.364693569983809,2.477757985600667,0.7211014711883216,98.4492744508135,32.58527984711668,2.8903996097935925,0.32760636935751486,111.98312854668377,23.18377266342479,2.461354390884035,0.027069999014110502,93.99810554063784,13.436631182605485,1.3752373809818035,0.06550110435714282,52.79902976148239,8.516369614734224,0.703191358857878,0.06051320082619045,26.422745417174724,2.330341410329331,-1.0284133474573502,0.178817323529153,-3.6908575852538745,0.6691580289452922,1.1921892968271457,0.33732344574686035,2.870587501716292,0.47010551049156674,2.1649527401007385,0.23362298816153526,0.8823150116057885,0.05899198198143844,-0.1435301787237669,0.6420878894935371,-2.882707079068139,0.9981023544759113,-0.42331863496493677,0.5211726788393013,4.666666666666667,2.813795619906205,0.23111324425618254,87.76344838684584,27.825312483055004,70e7ab872359
2.3367263725042107,0.7044555451430772,52.12540751433027,17.950190144355275,4.257147880019908,0.6842593586726465,93.24939913617801,30.940366576903653,4.14865262008617,0.1515288815626964,88.63342419724587,27.475054635207993,2.7280253397453014,0.060685551856080176,57.366632540205295,13.530885289199027,1.755132567513147,0.1690832474076489,35.09703583019424,3.471183211625895,1.0409336488648508,0.021144432914456387,21.565941419831216,3.423010911472906,-0.8490207277846982,0.30279906586534094,-5.533928623282292,0.5615272087764442,-0.13734203266713074,0.8499952962269669,4.774805007344149,0.6123346346706809,3.2680259393485964,0.2679812567959009,1.2701260104968206,0.067919246320217,-0.34574186238083066,0.8625470797202242,-6.143133865481477,1.4254711204348114,-1.581581791769579,0.4005188735332303,10.666666666666666,2.830008615526433,0.3710565847480102,94.56626881409277,36.26896854234163,72b286460831
1.3391896377115007,0.5297776933513803,57.98698107183401,20.5646203089787,3.1794715480429208,0.7773642813104807,149.56183425609026,59.000991456719966,3.790802346377618,0.30862283728269546,179.69878737378443,80.30061249292933,2.596030873422905,0.07295066512795774,118.21016518429947,47.4134869383871,1.3876980081049155,0.041628942666379044,59.69655733505101,14.978053322878923,0.7625397956510263,0.11820991644938873,29.72330897375198,3.431016795853238,-0.963924487781752,0.2395804780437396,-4.615119367420444,0.6982406783126903,0.7381000574377391,0.5650855515075673,3.6653246837179307,0.5748263162065569,2.6348864977486923,0.27344533992275444,1.0454191787484692,0.07046037271082282,-0.30694493967088105,0.699765857149881,-4.184529269068216,1.2475538235396249,-0.7957628793062316,0.5035346812681176,10.666666666666666,3.0715212167735313,0.38856418496120215,94.5545018151607,36.34929835413973,75ee10091f43
0.7338363494360268,0.001497371640333444,20.738747969232943,0.020848886864723488,2.135852462300207,0.04372371735502341,59.94935169370435,0.42764379188541474,2.455009221513119,0.27365871807248926,67.47352710122675,0.6579225357808276,2.269487401051166,0.25910688416833105,67.32601018250699,18.630957419902867,1.6635478374028299,0.12504804782087187,55.64586121693273,27.44274976917526,0.6388032572305873,0.07057147737416032,20.90786782003795,8.24123397362963,-1.0511893183327328,0.012740531903031782,-3.268439917169821,0.27930057803778674,1.3790370912251526,0.13472010233346068,2.5829757343457103,0.12532592576768964,1.9910487337468423,0.07788348263287422,0.8237329512206523,0.022395164989579955,-0.35259973806442335,0.025123333818839348,-1.8715446654744172,0.3153137843654991,-0.41080631323001615,0.09685271815474684,5.0,2.9122858252138775,0.28491521174824364,104.56076143929185,30.96672601614523,7a8373382b33
0.38043906372147734,0.1445931055307136,17.94878488137822,7.709787138632833,1.7298583378360382,0.573685678612312,79.03923411976812,30.288193512633583,2.332499832774305,0.5001493911221632,101.10586664067041,36.44391716355154,2.003799213042109,0.05135250049263557,84.84953177951435,40.54765292458407,1.3534081261098674,0.011518070722606813,59.15339297400476,32.81209755868849,0.583163232234185,0.04024532908843592,24.64233566838968,9.677682940094488,-1.0787968034935158,0.07114216423291826,-2.736139825580769,0.6028302599852872,1.3565004790669812,0.20270998869221354,2.1352423345610476,0.40482556417751375,1.7225780372029558,0.23330345989391038,0.7337742608801321,0.07171367300546737,-0.0944339285857852,0.48764194844645875,-1.3569263276724088,0.6933555468443833,-0.15215432292706557,0.4064543771054144,4.0,2.9291397102648262,0.060763799057694835,98.39691210803429,22.3898292782988,7fe9c5cb910c
0.8380918886440737,0.2873235833570009,36.23747323382415,13.646065405922297,2.491557245738194,0.723170517186805,106.50629821819662,36.37904995740211,2.9038112239563656,0.32471322019904425,120.04301409074479,29.385095971493598,2.4664805475027927,0.028088698415781,100.18094310612548,20.808706319650078,1.3763883464119637,0.06447547694116648,56.237047956311464,11.810050434840345,0.7042316278126742,0.06280478784494133,27.7774364312916,2.798694640288337,-1.0266056702663975,0.18068026514792968,-3.7092500062678284,0.6700632995410862,1.1866843034037011,0.34079776093038044,2.885019235202607,0.47142912669462816,2.1733228741641804,0.2337072029156795,0.885061298876681,0.05881608212353405,-0.14474543399053635,0.6445256051602773,-2.905919792669478,1.0021511603346769,-0.4294653677705438,0.52224228420493,4.666666666666667,2.8104550216187083,0.23130300542773596,87.7521394958079,27.838307764491365,81af2831dbb2
0.5851556534424396,0.4650268769090028,17.489215462827374,8.893676350072424,1.544934149066614,0.48020478533160904,58.33870551965772,17.291290120993416,1.7621775197205793,0.5238289857988639,77.46964867985216,34.94510608233233,1.527620944115461,0.1668487850647133,67.19771703511552,16.681856243186505,1.5332724895849101,0.12877460039287475,66.66772170836497,17.880944252186673,0.8052160380513488,0.08632030163012853,34.33818586085888,6.93188173754377,-1.0299996089537675,0.2758785922910338,-2.188590591892038,0.3953907406834849,0.9844634014893353,0.6571944326228631,1.9584539009445987,0.3428571492787169,1.5827170933933719,0.15830695855926732,0.6875339470612751,0.05286834438768273,-0.28357773538066855,0.25935128371154836,-1.1296937754308498,0.5251604011364814,0.3040881059929653,0.5524029601795489,3.8,2.8991661702878346,0.28548434716791266,105.44726082423487,25.735595756566752,82b85dfd7723
1.019407067983973,0.36197424385109833,32.15704674643539,10.804775000914656,2.7174351533457237,0.7359401866430527,87.40345151928379,24.400614259465904,3.1011340141656194,0.2857814785767429,101.45897255720143,12.278648465617197,2.5155003141661565,0.04368145174390288,82.41274738882703,6.712357578914967,1.417060224560773,0.05446042015603729,46.3499529683205,4.414972596187179,0.7197049734589789,0.09921568770339348,23.748950965581184,4.199215306578219,-0.99238485056727,0.2168872825291069,-3.9864209962918924,0.6715452551298341,1.055756597491451,0.4210620313203825,3.124321677154761,0.4901382954987291,2.3095149222209415,0.2334123698272842,0.9301577181593462,0.05655337221966659,-0.15994552328875036,0.6807510949884068,-3.2721795122517423,1.040600688639714,-0.5219865755754969,0.5517060372190529,5.333333333333333,2.8386803425742437,0.31728463217224295,88.19181193285107,28.403125738820822,846b50801a93
1.0260011682134562,0.35879181229277085,38.91136207243402,12.804886589345577,2.859236682529573,0.7847660742089554,112.42415426511117,25.47188691257052,3.4467152110604604,0.33854139013106643,145.92594798135534,16.13144839244601,2.5769482603936202,0.049996295030922636,112.36569943687299,23.104495911432515,1.3438153781538251,0.07758204831704375,57.09013452282023,6.1349815243242345,0.6919105167201497,0.09308543029930139,30.798369026778953,7.035905271198324,-0.9993882901097889,0.19613900650838273,-4.241785483832895,0.7178350104751724,1.0356513398291203,0.4217079723144023,3.2741316569000314,0.527753031215669,2.4080611805902614,0.26362839965376605,0.9648812779691051,0.06934395227060615,-0.23647664018223422,0.6851219778704564,-3.636707324645966,1.20158677447256,-0.6809717093421482,0.44884382019564767,9.0,3.1041961197936296,0.4008420307311064,92.92354688878115,34.635977912062856,899032b4ad0c
1.3223805669972257,0.5653470738789887,55.71713584089892,20.57493165504127,3.1560922010549723,0.8022159444454152,148.82083000644255,60.45332927087287,3.8477118765482703,0.3996680260144855,185.0553899158955,86.58799755015251,2.8124916136231435,0.08806283845737858,124.00827927839798,42.711345748766355,1.409034803250169,0.025825910230740795,59.73905285839297,13.410641113244106,0.571342175666362,0.04072193468369442,24.536080008765097,5.394309958932397,-0.939981508911591,0.21171059812297838,-4.761036801631486,0.6402695085746978,0.9110665396320964,0.6925817832770269,3.7032980927601677,0.5926853050291909,2.6531004660320643,0.29419745712844125,1.046003341745205,0.08495717748222865,-0.36646601430215514,0.6659154016767725,-4.195709825370686,1.3401412685954015,-1.0765579830119822,0.20913283254764223,10.0,3.0341528471194033,0.3734380352756377,97.19649683835694,37.864385016928104,916afba26723
1.8172729524477174,0.5875143047071136,55.807566277952446,17.35613686285547,3.7757810182744027,0.7633218474081332,118.3521491201583,22.40235267935801,3.975997929012236,0.18923774526515788,126.90003213878602,10.457421071227573,2.616346707813157,0.09564218071153018,83.49308956748565,6.778408484713424,1.575208346851859,0.08570036626308689,50.521231219462635,5.562227511581513,0.8825291358356097,0.08833836707569578,28.42086002617668,3.992915685766877,-0.9147276684718646,0.27221024838209695,-5.081885680484969,0.6450898320603881,0.2673787759790338,0.7064444867521316,4.205500617982342,0.5876399834373602,2.946711555776354,0.267217959195041,1.1567271962343957,0.06700549260040052,-0.37100230719148186,0.7598935169676272,-4.936339637204136,1.225326288863142,-1.0234725809291647,0.5476329433941963,10.666666666666666,2.945984757937373,0.37943920531215963,94.52923556848049,36.199926524120144,961c37d6e527
0.26927129513070575,0.10069764075226945,13.145469536017314,4.687992175008688,1.4440733203714426,0.5135049252000047,72.57051598833996,26.84486349927491,1.995799354004465,0.6099913559351636,101.9749590531365,39.051901019064,1.539347952812969,0.04328759896883129,73.07486929344337,25.549032940574083,1.5463282722672498,0.24194847495598337,70.49460486825093,24.51036616827109,0.6684899067730292,0.03252762525351565,31.46985832247549,11.796881885001273,-1.0865033184279953,0.12266780666692802,-2.242859022256534,0.5740554442921658,1.334399092081333,0.3085362777731217,1.8247900682996054,0.3488097632754241,1.5279499696803265,0.17951651716801145,0.6678982796361407,0.046491938476046706,-0.2461385659108113,0.3203005583654448,-1.1603025874143003,0.6579482456461473,-0.18782576392905415,0.3545406103334895,4.0,3.0047415615492388,0.044551281119054244,102.92401779926541,30.502444938964658,968a6902b7f5
0.9458194978923257,0.333678442006199,38.39430518256384,12.821626352313672,2.766314059141019,0.7742187766072152,115.58670228371174,29.006264836560618,3.4032267394175446,0.36012038676774366,150.1344114058388,13.338035647969313,2.5754283560940268,0.0426715302062444,116.40325977396428,19.48425844264877,1.317600893903042,0.08554796803215255,58.4087066575857,5.708070319641257,0.6734752782066346,0.07658425904649194,30.899307985404505,6.101190378055743,-1.010383367112348,0.18228234067528046,-4.158283574448549,0.721094876399836,1.1098233256200931,0.38251262659051316,3.1852429282535986,0.5222870438690463,2.3575315419398457,0.26571188734165885,0.9473937518135532,0.07131954872912234,-0.22967681497647954,0.6694146825350288,-3.5068368102124716,1.1910886394803224,-0.6588188936315414,0.4262215709745399,6.333333333333333,2.962956664102164,0.36730558593986556,89.18032769035247,29.944141224617617,988b11badabb
0.5207177088508875,0.2227264395570672,19.073528271225666,8.167494748710327,1.9436969595961522,0.6398197722879029,70.6064078978804,25.513434602568328,2.411560211303464,0.44422413325131205,85.59839619753787,35.74121882066174,2.130387266427928,0.0746137725977749,77.23836623825788,50.50951002871596,1.3616697810698597,0.03672289081416327,50.4673900184441,34.89179717799689,0.6330178950205786,0.022827452800005893,20.850946204608334,7.982809451981114,-1.0702780944487853,0.12056800414722528,-2.9562270880858623,0.6180589241233064,1.2758045726849534,0.3062474204077947,2.3291538712912128,0.42765855253627655,1.8398261213411011,0.23103992214947622,0.7746921639228287,0.0660953511070761,-0.11429853134525851,0.5364016735189134,-2.031013940413868,0.8232944956663234,-0.17809724358061504,0.4874891965592783,4.666666666666667,2.948066010146767,0.2317315685684348,88.30947902501956,27.344732813887997,99fd027b1d0b
2.032596056670576,0.6354200372128481,56.54632158393784,21.542016903356824,3.992389550649006,0.7406309287278361,108.3278889852067,44.776500778785966,4.079609316339218,0.1325363149092721,107.44702775620637,49.39504655808451,2.6490963649017125,0.08480706039567994,68.3445759529808,26.08767470191392,1.6484643420465745,0.12616384049706378,38.624716985775656,5.268846690293834,0.9537284403365609,0.050495631494321486,22.53075259298957,3.2113654495710877,-0.8951524232387539,0.28165350639870046,-5.283078542160997,0.6077805073201216,0.08611046310294472,0.769886028899352,4.450893826184874,0.59901479462935,3.088705905199905,0.2674059162413434,1.2078607494087332,0.06677911981740735,-0.35467181835897543,0.8056534788614763,-5.510164940799395,1.3374248286941786,-1.302864487554159,0.4685151397848024,10.666666666666666,2.893162824545106,0.3707907100271433,94.62110764617906,36.38597041211048,9c2979187585
0.43151603441726816,5.28085841456928e-16,22.78599086559285,0.00595763850697928,1.5119421632341545,6.661338147750939e-16,79.92482569103163,0.4246868969235109,1.5259410073016573,6.661338147750939e-16,82.1256181172602,7.1726480550881035,1.4495071008588147,3.510833468576701e-16,82.75303945750579,28.701601313415136,1.2622844229819448,0.0,72.5445855731334,27.21126172157619,0.47230936221325426,0.0,26.262603398440223,6.112335405350979,-0.776386138493778,5.026748538604307e-16,-2.1097054549982177,0.0,0.9360409489149701,5.026748538604307e-16,1.7044264300326266,0.0,1.342158516592996,1.5700924586837752e-16,0.564699611340107,0.0,-0.042397072217153206,5.908255262090379e-17,-0.8952725887064586,1.1102230246251565e-16,0.12681426374964197,2.498001805406602e-16,3.0,2.817769240125872,2.735889144768617e-09,92.70227328818281,1.1506283996638796e-08,a0dbdc6630fa
0.9168668184574571,0.32933142670419957,31.13181754507939,10.58139410354591,2.5887826151519784,0.7293026294197937,88.9557803040971,26.021582075009665,2.985065507674444,0.31206141161495016,102.89773569653464,14.543221733638106,2.4845068573656026,0.05457412891334189,85.38541062026282,6.1363108021998185,1.3952045348261295,0.06557405334690099,48.002925463186436,4.625186252780857,0.7119557835378126,0.07942791223925083,24.393329429509937,3.0425707539225053,-1.0103394888678234,0.20121892121628604,-3.8268895278022765,0.6726737894183097,1.1294397736061035,0.39266718864125183,2.9868785390856334,0.48103140685797807,2.2306741500389236,0.23397613207387705,0.9038131478499672,0.05799196296340083,-0.14985534701315903,0.660847096143247,-3.0578730571155615,1.0205738493043774,-0.4682454377552204,0.5378261994290764,5.166666666666667,2.851295455677157,0.30125801029019666,87.85485951674895,28.372375734226683,a148361e5e9a
1.4506923615748042,0.4781703769229592,63.527367786217916,23.19570393326266,3.4382537952727463,0.8073816234523233,148.10835332664493,48.32884052452138,3.8623613688690868,0.2246718473551617,161.18200696549115,39.960318157365336,2.57354878597792,0.07309401496265595,106.64068534651913,23.601059906556838,1.4377512964499193,0.010680187310776513,58.751637213214906,8.192395957089204,0.7968897496335052,0.11866262759919474,31.294345107945848,3.3450880680335966,-0.9577987646606713,0.23203515012072926,-4.781660899487517,0.696780345756883,0.5741159846700247,0.5658759601976281,3.825996494150203,0.5714841170770354,2.732101559675163,0.27302027855770167,1.0805310580818868,0.07041282352706958,-0.3327283192640796,0.7377624143019696,-4.519183845002949,1.2918131183984478,-0.9246076172545735,0.4838238673663622,10.666666666666666,3.030950363733587,0.37693295526572185,94.5592006054139,36.277993022344724,a1d716aad84d
1.574570691595812,0.522123716539172,55.32703109927545,18.19191819197536,3.551020454760201,0.7907469009347237,125.33283016133771,31.17157646430149,3.8893833842780343,0.22250347476791058,136.6498024003601,15.325918857522437,2.5840788348838784,0.09103075260634724,90.65820234943463,8.430728587347492,1.4868947082158017,0.0282286711050288,51.9967886468701,3.686454629146298,0.8229408097024504,0.11295111176624203,28.632324323326912,3.9028134381541784,-0.9417618782571607,0.25052390029509203,-4.8764591122874235,0.6821942302320142,0.4686307331095385,0.6196615663693289,3.949101720858104,0.5772728086780008,2.8008900734880364,0.2706438527132169,1.1047865811338944,0.06903041327092091,-0.3412234965087031,0.747233767253743,-4.653272827328812,1.269627392356114,-0.9530408170636782,0.5101015786067064,10.666666666666666,3.003110304170103,0.38072069875541864,94.50757492656875,36.16243476101738,a7233837cfe9
0.4140012739191859,0.15149600948211256,19.27311721394639,7.7857336329320574,1.7621309532554397,0.6163160049915328,80.64572163774396,30.731507522344607,2.081310033388498,0.5478638707102618,91.62391549557118,33.307902309796894,1.8696282692441066,0.13915233935563434,74.99556433379837,28.8099868577925,1.6473494083300448,0.22257894173977602,65.94380547594734,28.08593591087651,0.6220874624712273,0.025153791331070808,26.31768210004032,11.194498126938152,-1.0937128110522598,0.14535856710423029,-2.6319891364813404,0.5494910455870691,1.3945444203238668,0.4543280766093135,2.106461769640408,0.3711510985911906,1.7076768915514293,0.18358035266872355,0.7305743840491052,0.04676797729985363,-0.28226100606667825,0.37532451013149376,-1.3515049364366714,0.7657459289370578,-0.23286795610621225,0.40580726262281736,4.0,2.9038551637706047,0.03831496854944822,102.86037921227522,30.630954583390405,a80866a2c6b4
0.11705844555677779,0.060403925603427895,7.703953251198233,3.965918372662607,0.8892407285117282,0.37240345485281956,58.55201667329046,24.5179489000438,1.8586686790957352,0.5894925262543238,121.82247160403678,40.62831065797533,1.6993141054386827,0.24616207250729719,108.08719732284719,26.64887146242081,1.3540452354738892,0.05029984201824327,84.0498983201839,14.452220154631592,0.5333363022894896,0.021455535688393843,33.44273731806703,7.141823648584664,-1.0763544387449364,0.06625958314183003,-1.9463286896259486,0.5422707414206066,1.6319969630282865,0.19735017473904987,1.5213351069913756,0.3446422583101879,1.3370823122289395,0.23060824486595224,0.5965920700273614,0.0830826828239783,-0.12843526565040828,0.232574260046133,-0.7545911277256191,0.4395596996447404,-0.003713053974786181,0.14851728421172805,4.0,3.2088901005177846,0.13217554906938284,97.6632675902931,23.345937961609803,a84d988e38ac
2.1548470909672224,0.6677849559873962,64.75667271828155,25.786814939302555,4.101911289731324,0.7189670718937149,122.19883042806515,57.681903938956154,4.104866075613212,0.15441908692869566,119.89796940744746,65.87020856148827,2.678886522080767,0.08158016980883308,75.50871263870609,33.50450654019476,1.6909000092475202,0.1461959505160102,42.208826128404944,7.9449660917577765,0.9890784952419976,0.03215870668544639,25.532503244022603,5.755366737027785,-0.8773369499805419,0.2934606083934318,-5.3822113711710875,0.5934850346265217,-0.007768492806625393,0.805837516028966,4.580533353454325,0.6060691212012068,3.160678653038699,0.26815062583297117,1.232996134306813,0.06733687805869257,-0.3438682559177157,0.8298656004899516,-5.770318848901261,1.3769294302122557,-1.4247565158315751,0.43658380019595483,10.666666666666666,2.867608871334747,0.37189104532458667,94.56503650269445,36.26910149634873,a9f87eba4b96
0.9031796116854321,0.605989305518412,25.319863142073437,9.486882961484145,1.7961903913154091,0.4723396536776059,67.59446577569908,26.911164337005115,1.9450439774249157,0.49675993028804794,81.79832238357262,40.033170205410094,1.9611011340357236,0.1878779676640401,73.73652298754887,20.295814094283607,1.7297107045822429,0.1653817307370816,64.57154528192186,17.270935293969124,0.7549494793082544,0.11873993863071054,29.078542721561185,9.868470049346499,-1.015498539529602,0.3535383372264485,-2.69114040144487,0.3375999519345181,1.0713405740509194,0.7707711075947574,2.389023958599997,0.3557848158740062,1.8439358818611074,0.16644141420026645,0.77805377855655,0.06644011506267161,-0.24572516143356746,0.30161621047822695,-1.378283359428239,0.5686381173652627,0.21120351576665097,0.5340018057061104,3.8,2.7563479463006053,0.32126424442929913,105.50412052508577,25.41081109213226,aa9a981d89aa
0.3873359348749342,0.23666058869809728,15.19205378129484,8.335997133206433,1.4363256725918558,0.6632870701048738,63.22984958256804,24.09654529558805,1.836985015855926,0.5494716631662698,94.75205491708793,38.89172932265902,1.7826369201060304,0.2166794996677582,90.60653367665077,41.94832783699962,1.6550789256567322,0.21225917707716216,76.15196172927132,28.3785118692361,0.6534389440352123,0.053044837437027106,29.309092941348222,9.15040358195809,-1.115189811918846,0.16967250857536675,-2.2922348217242354,0.5918696484801181,1.438723379132013,0.5277246654651451,1.8999285410399755,0.4052470084567564,1.5831879406801177,0.2016896250953837,0.6913395112662357,0.05304866633049645,-0.24824643593184134,0.3111974423840052,-1.0801898098985565,0.6584785036357013,-0.01645717664522045,0.3079265404498566,4.0,3.011589877315974,0.24897728118158538,100.56788997357795,27.926429125522795,acdcd16c0d76
0.8374815737036285,0.45150015010435735,21.878595383458407,9.901829972564045,2.058246347671813,0.7479496754093993,62.08619040648349,20.647310389398296,2.376960692323271,0.45210669136304266,81.39956635157317,30.764594345843193,2.6389818385279056,0.24308350920149135,88.15199607769311,32.27232052048447,1.6322224963574214,0.13271557523454539,52.21759757507082,14.471021499513395,0.544007667409027,0.07259562291752344,17.35742989887574,4.089128391639152,-1.0466924444014019,0.24158112462784842,-3.367988267573844,0.5242544440886773,1.520242544796082,0.7279795262434949,2.6571285345492126,0.45858112437637183,2.035222788080343,0.20258506956849928,0.8383713154721003,0.04790054358673815,-0.18264167857352334,0.529430343633337,-2.2029423137535615,0.8785541837684779,-0.377167344025188,0.352773991956882,4.0,2.7658362964586716,0.22887575447979022,100.51929843777721,27.967202873191184,b13beafa16aa
0.8483585937637169,0.2908302444748532,39.29644196378138,14.4196206754414,2.5087415840316307,0.7290184354786674,114.76218442686802,39.03833618501245,2.9200416486934047,0.3243184231282753,128.68166697224407,35.37068771001417,2.4739426560195295,0.02514843492486392,106.97586430671613,28.22198435146965,1.3757337462818144,0.06810509776447819,59.74793347236933,14.570873040005486,0.7060615368069382,0.06404549757961767,29.167142581067257,2.19439309807054,-1.0244801368278298,0.1835273920203756,-3.7318488142785395,0.6732443685659676,1.1808789848601748,0.3476326188508296,2.9018892676309425,0.4742664647194714,2.1831479651377745,0.23430714851560375,0.8882479869292993,0.0586445760037493,-0.14638502579473253,0.6505399385151198,-2.9362965780491557,1.0132034787796207,-0.43910796514475364,0.5214045785442286,4.666666666666667,2.8065234489085813,0.23108360471446523,87.74085072484066,27.87083180684144,b8fb10416122
0.2279064790702546,0.08020959961117148,11.562612425939065,4.345734652770562,1.3629304901415553,0.45824038209541557,69.38033157922378,26.101787267823664,2.1765926628269736,0.563169979013871,109.31754699286297,40.00808103310589,1.7718797153915047,0.07097020773777686,86.23561513363296,34.49429713576869,1.3326236284493715,0.020513940710793228,65.92002265617477,31.561383941790265,0.5390677573005666,0.03996906798241572,26.75605166141173,11.789299190315047,-1.0632547687690466,0.01520998621567038,-2.3683188007249547,0.5667946349775003,1.4308751276507798,0.0860028222685415,1.8378589535195127,0.3694505713799202,1.5313168167196596,0.22985572028686266,0.6641710771085599,0.07663986942599418,-0.09731983073223734,0.3971021592483897,-1.1335497533020498,0.5858586529157128,-0.1084082866713681,0.31461920908684265,4.0,3.0384108017626947,0.012599363545134138,98.4240309209944,22.367542474939466,badda86cab42
0.7979703972161484,0.27461346626872063,43.34387740004096,15.812954033735057,2.5838521079136725,0.757609045249656,140.10773340383813,44.88243494576617,3.3393890617494573,0.41432540718709676,179.76055790693223,30.557681483115367,2.5895650510963253,0.009878834760414972,138.63550936936093,10.310742020799728,1.2722225303834285,0.09827027209152017,68.35272655772847,9.125900469814376,0.6347200152799872,0.03836868339137937,33.92692397664745,3.4069738927298605,-1.0348501673270905,0.1455645012177845,-4.01449982731859,0.7277238121447202,1.264891744097142,0.3030808071241974,3.026763549078012,0.5131336076132654,2.2693227155137152,0.27181313468431556,0.91727908048313,0.07598960651015674,-0.2287152803546435,0.6351435217454955,-3.2701988779377267,1.1783568466498884,-0.6215313981699363,0.3725947409616591,4.0,2.7326085513257374,0.0020071818850629177,96.96515149330563,24.666443688742742,c04fc052f2ca
1.145016352278463,0.39726933914033213,36.616542278424255,13.312381654211586,2.87594102110884,0.755878329604324,94.26302734919392,30.75911570444969,3.245899160922043,0.2547338893966516,107.9482302282532,19.39548444278786,2.5547371806494814,0.05337848273442532,84.85329435103047,11.558410431900912,1.4438228660415853,0.04104200799444318,48.03998956881452,8.2177367109867,0.7282289559681386,0.11934232208694638,24.26961980172251,5.235235411867455,-0.974928791268201,0.23347217930943212,-4.179740231187144,0.6733584946056173,0.9614974249764888,0.4776083575750566,3.294004591068805,0.5055154921737323,2.408415570800957,0.23533684664262614,0.9639686781175127,0.055508272609827554,-0.18265000134242712,0.7051548675688529,-3.5390836294963,1.0845113064907712,-0.5915942688174588,0.5651204856992775,6.0,2.8810034676831666,0.3745116243484508,88.53817618098424,28.841435375042085,c55716558616
1.8066307823998538,0.5850835277008842,60.17606000454145,21.128913469262542,3.7629984406434094,0.7639016854764871,127.58675568266686,34.92117478370579,3.970034733141764,0.18856714812633504,135.01453043317832,20.7423252254385,2.615557427374648,0.09530654349139776,88.88836573492688,13.735378123920462,1.5720521236040055,0.08374960743954221,53.35513383825511,8.51325125598575,0.8784937809022882,0.08983230091162285,29.850325276918266,5.099517873593596,-0.9154912806466107,0.27198139909015806,-5.071295182803897,0.645772218081874,0.27806010232154765,0.703374814020453,4.1927148945457295,0.5868104414153746,2.9392106622739647,0.2668720252782212,1.1539876405481972,0.06686046077247008,-0.368429141258849,0.7594494440576679,-4.920121761753162,1.2253809643434648,-1.0184468781906661,0.5469483345987294,10.666666666666666,2.9488087820228626,0.37990080600106063,94.5340001235481,36.20931667525009,c798e725e2fb
0.5506686948914916,0.22746661270487847,20.263365431464972,8.297473642046253,1.9400253999453654,0.6844952912659387,71.40508907536353,25.893563782410936,2.1264881609974853,0.47622261830682666,75.91995975233824,29.76029571091727,2.089002613024118,0.22500421476215807,69.26346434195656,37.528847424151856,1.6560392259445458,0.18791438829638832,55.92531444960216,33.59013727641888,0.5989543473832593,0.05747669674209425,21.226906803427113,10.760137330077054,-1.0732192008279764,0.17443299775031185,-2.8712518900685144,0.5177439866409447,1.3830405169969022,0.5743879577568758,2.290291560279632,0.38484465914035165,1.815290434003849,0.18080590640183797,0.7656837805918153,0.044062916327707306,-0.17017624864533296,0.4954539785802471,-1.5475458118481005,0.7428059128859839,-0.3556414546248239,0.34761708617488085,4.0,2.841630941215122,0.09521443076502399,102.46886362475554,29.52324280929387,c96ef4fc869c
1.0394684424409981,0.3639303968589221,38.65913875877961,14.596278194329912,2.743234324405535,0.7424092411963809,103.89529524545208,37.490787260117955,3.1268514504560865,0.27762626013964253,117.20714754317514,28.682412317523987,2.527990220640148,0.03722288991575523,93.40467387592817,16.88191401769019,1.4197249333861655,0.052726291057174336,52.63168810220555,11.065504093563046,0.7215972173520505,0.10308343563626968,26.24035314448595,5.235713200672364,-0.9906643543747241,0.2186759034026804,-4.021166606825187,0.6726369337697318,1.0443719747164448,0.42675955813769,3.153273977337426,0.492797943782241,2.326905133109666,0.2336446259179148,0.9362025117945798,0.05614988294734089,-0.16438325219615102,0.6855058909748533,-3.319211205744161,1.0513873587877054,-0.533470886786537,0.5529001697662873,5.333333333333333,2.83433616300783,0.32127393708337587,88.13500411668566,28.414320813520842,cce78d90e899
0.5498732461532491,0.4798315553663409,16.830315717173498,9.090359381302731,1.4215808239387737,0.5074726848170363,60.18215430883261,18.75339231667942,1.7007247475557925,0.5137138459781285,90.05351084348467,46.855462307618126,1.4408300500540179,0.1958357561057418,72.64714738080525,23.77942668992328,1.4076745005673694,0.13332028377908658,67.38009309040999,14.57079299933693,0.8107480292891666,0.08506777635147837,38.869065532804164,7.8843539217580005,-0.9972463166867584,0.2991329941369331,-2.038932353489966,0.3989969063604534,0.9185360836596509,0.691798829214784,1.844893223731876,0.35049441087126443,1.4997737488024627,0.15629710713526213,0.6549923936497898,0.0526532519615496,-0.26184019747264026,0.2485416374273659,-1.0314580352119473,0.49959586728693517,0.3134737562711864,0.5371396976081746,3.8,2.946110932591861,0.3173280907566178,105.34730812966305,25.541490046864386,cf7927ab6730
0.5675915308171863,8.881784197001252e-16,23.403268423031804,0.009052265640876911,1.6887520267900349,6.661338147750939e-16,69.67017796795375,0.4281004843029237,1.7201207387287631,7.850462293418876e-16,71.38345200450243,4.796783247296823,1.818060653731727,3.510833468576701e-16,76.18454299388378,12.734163325330016,1.2346652506038116,3.510833468576701e-16,51.6764115340721,8.00952355814233,0.4190629462680098,1.1102230246251565e-16,17.393134341859287,1.1936002374729302,-0.7544679966931481,3.3306690738754696e-16,-2.503831182968648,0.0,1.0437452949180328,1.1102230246251565e-15,1.954700866155033,4.440892098500626e-16,1.4931862746715487,2.220446049250313e-16,0.6124495294929965,0.0,-0.04723433682015893,1.1796119636642288e-16,-1.336025250132044,2.220446049250313e-16,0.011320964491366853,1.9515831850840137e-16,3.0,2.741718200101704,4.7357309573684385e-09,90.87323899128079,8.814471836068615e-08,d59c96fdfda1
0.36203823475382535,0.1342340359526173,13.918058506540168,4.982380707015605,1.657897835052759,0.5841249986069676,65.57605545601989,24.313978477479463,2.050441375136497,0.57326452724641,82.44806351542728,29.763194769468,1.7573743997176112,0.10228005211691607,67.34112726229897,18.749059816115903,1.6274897749162045,0.2329655391893559,61.20416007065504,17.121966960222185,0.6354725620913472,0.010286600098337647,24.41043245118259,6.868215170770376,-1.0952288429657673,0.13734738173848599,-2.501682276484044,0.5588020000457697,1.382136422396816,0.40881504668087265,2.012253258757178,0.3645764439865985,1.6489769466311064,0.18297193441065704,0.710533333519561,0.04705440626439013,-0.2704019526367738,0.35821904963547163,-1.2907214697244964,0.7317648108763681,-0.21903644412303833,0.3883725584975158,4.0,2.9368038612904352,0.043701236256655264,102.83173389099775,30.534052687294388,da5fd2bb47af
2.487654642510475,0.7371503463825526,56.326969038399575,21.369094975984382,4.386749860122957,0.661140584373229,97.83945460394801,36.835803386066594,4.1988653565787715,0.14819131063355725,91.36531446359227,32.11531720885346,2.7735294519788165,0.04751408014075202,59.20630699920505,16.426620095013977,1.8116435934755355,0.17788567423682938,36.67192393260967,5.950900601469054,1.0880952584245664,0.04624021458242937,23.175468837391474,5.922338632830172,-0.8255445998336723,0.3101713053468199,-5.6707068782602015,0.5377799323117481,-0.2362887149093481,0.88793167464197,4.944186317372857,0.6207705287286334,3.362184120960011,0.26839481138708093,1.3026455958289522,0.06786612055341315,-0.3647133553995348,0.8699841686432224,-6.354933982243392,1.4231921299271937,-1.666357359709175,0.3930473170001085,10.666666666666666,2.798193605471512,0.36769127152840836,94.57501341557196,36.28610011041717,dc4259e69783
0.3249064164849009,0.1437682684446469,17.330405460849576,7.633145852391075,1.5305080450451831,0.5706793616183676,81.71149347658924,30.57275602208831,2.0183824754511677,0.5996969254626254,106.58107225707192,36.84444337093856,1.7455769094304892,0.09139175416541939,85.47416757495513,25.06881985573333,1.6314637096131062,0.22880518751421935,76.8558392619609,19.005384168293748,0.6486272946084275,0.02606633394774113,31.45553680996082,8.427165310521618,-1.120277746753688,0.1297683812236595,-2.4036114998657516,0.5890570964008776,1.4450174448847548,0.37075581178409417,1.9424909879664993,0.37550165067256497,1.6139109683995179,0.1944187592763912,0.701328314357868,0.05207044189102082,-0.2443739369269652,0.34305735591666187,-1.2025689758081854,0.6904179214532093,-0.20779019312687552,0.33221217896300576,4.0,2.9774126867616353,0.10526557939378911,101.89499480167277,29.72572832207913,de5756e4fbfa
0.33728671806227295,0.18766629632976298,14.565451857005899,7.692866187461049,1.4415892962183747,0.61054084232805,64.58077926356258,25.38898582378025,1.9410999252376637,0.5858714814335438,90.97738384083057,29.717351376175237,1.7946159576947425,0.17660445697508903,83.67789912160312,18.774243237002782,1.6395129093871936,0.2083146242965596,74.26421157555549,10.473290876243702,0.6546872045029891,0.0478802421370589,29.468454176892887,1.4214279713270523,-1.1348727585562868,0.14191561494134794,-2.33876357983244,0.607260612694513,1.4901656254121207,0.42679426830438916,1.9087019630443454,0.3958254595082464,1.5970713558130987,0.20577714247865048,0.6975995793084545,0.05626805838455422,-0.23124479623427596,0.3241437347471411,-1.1150088909926492,0.6610661766386907,-0.13101057408163294,0.28455856557171966,4.0,3.0092062990478166,0.1909005717066005,100.84712689975788,28.81132804363284,df0019ec24b5
0.2636829657614971,2.7755575615628914e-16,13.44524686711287,0.00010085952678728916,1.2354053853931437,5.661048867003676e-16,62.99365021857291,0.009030762662220582,1.5435973384537292,1.5700924586837752e-16,78.71020790500144,0.19157898907033655,1.3213743626778842,4.440892098500626e-16,67.38657783645715,0.962913491718453,1.2284289584697463,0.0,62.64907535423073,1.1466809892549499,0.4821081420629494,3.925231146709438e-17,24.58596040327197,0.32352950935479363,-0.828819327460296,2.830524433501838e-16,-1.8750994287913034,2.220446049250313e-16,1.0542756873768675,1.0053497077208614e-15,1.5069776583243275,2.220446049250313e-16,1.2380689470982915,1.5700924586837752e-16,0.5341053978965142,7.850462293418876e-17,-0.0052636351603161215,2.6020852139652106e-18,-0.7730402342176774,3.925231146709438e-16,0.015789929519631943,6.938893903907228e-18,3.0,2.94060510457147,3.076743174970364e-09,90.39009412029422,4.0292769533858944e-08,e688959ea45b
0.5328573204990159,1.167055121521967e-15,21.737397453869463,0.008266402593191557,1.6467558989258366,1.2262814116578437e-15,67.22628340667494,0.42687391204428593,1.669633694189314,1.1102230246251565e-15,68.73878407135119,5.222742592238159,1.743853311194492,4.440892098500626e-16,72.96416036273976,15.139571222592199,1.2468179902790881,1.5700924586837752e-16,52.11629474023434,10.397872197488145,0.43076398694274903,0.0,17.776154734891144,1.6919647893032046,-0.7642370769550216,6.661338147750939e-16,-2.412939922278702,3.1401849173675503e-16,1.0305525746427069,1.2262814116578437e-15,1.89645766486009,3.510833468576701e-16,1.459741079158468,0.0,0.602431799302632,0.0,-0.046638371982519425,4.5236053827798003e-17,-1.2795272634796766,0.0,0.03232984161510015,1.8391341617266759e-16,3.0,2.759828204085439,4.163428303523958e-09,91.19436698803686,7.115499250146368e-08,eadd37f03ca5
0.860774633654361,0.3067167463706772,46.51402107869004,16.818124913390392,2.6622959541666895,0.7659059748139523,146.1529282662228,49.08791885992857,3.361830354056853,0.401307138114328,184.33044360452433,38.87944857182238,2.5775189215098755,0.040754109619238234,139.92039186207964,17.63833137837647,1.2942940475468396,0.09305135910474242,70.53883029029768,11.955328874760298,0.6523380778671294,0.05616348383576328,35.13751264424115,4.770035596065145,-1.0239711756476864,0.16477753669279066,-4.071527258083655,0.7272064977686843,1.1958461651829007,0.35056157590403214,3.092258523318842,0.5183599565936474,2.3054223144143458,0.2701120728388901,0.9295735926393811,0.07446779691662084,-0.22831340363891472,0.6506325718402248,-3.3666279571753646,1.1849118334507236,-0.6358429565486691,0.39659815410855254,5.666666666666667,2.9299045859869426,0.3391443677264017,90.81686397213775,29.536437297919697,eef072f845ce
0.22460534564095438,0.08585941439169224,10.779535726881386,4.390750611283485,1.3369395705564362,0.4673502416789291,63.35119794500945,23.327654242254905,2.1989726168887027,0.5897915612823332,102.42910238576128,29.605949965580077,1.9439508088232238,0.09937662478160554,88.95464630917247,11.1161778363676,1.3719131567767588,0.026446965093013464,62.87786492914017,8.835495266341846,0.5153803466965104,0.05132944132959534,23.85927834623735,4.57871459706813,-1.0981508954974462,0.025303276991913773,-2.445984108393994,0.5811927251659396,1.5830802978360767,0.11727261832665771,1.8754879421728432,0.3820549222151577,1.5682521717305304,0.2407954256657104,0.6799440138236434,0.08171687202243759,-0.10334226913379434,0.3857662051418745,-1.0874504204628732,0.5823231036699621,-0.13909821960038296,0.26729147788788704,4.0,3.046138442796128,0.05272091450190732,97.90695432185525,23.042549817988384,f1e78a09001d
0.16631032979069973,0.06331975200289264,10.173124674283825,4.126763181974664,1.1444089083479756,0.4030495954264859,69.1025178791749,25.77969943602967,2.0764254797250445,0.5959299310750165,122.41460890081869,40.295516488957475,1.7618893336893615,0.13254242879811162,99.02821666512146,25.93425241713535,1.3457628374287574,0.037001584483712914,75.07275817244091,21.69778530926603,0.5215813827782418,0.035208402774175154,29.77254338050292,9.696203047404188,-1.073808797549774,0.025970651874623486,-2.2089735176791527,0.5559716474192646,1.5567569808865311,0.08398243221464992,1.7047597323676993,0.3582522749467672,1.4520552885083546,0.23255983080240045,0.6366307698212772,0.08104977954983476,-0.09891156216802342,0.3370667732208224,-0.9703896434521414,0.5190591940080743,-0.09859159900991764,0.24037598013996078,4.0,3.107775448528985,0.048382205482992116,98.07869734779482,22.80123256249359,f4f45fcade85
0.4854675272756643,0.1841539328299416,17.959133686783687,7.688847174612404,1.934368738262819,0.6302799520437179,69.29982693586761,25.948535150136564,2.4768089781124316,0.46797277141687543,84.3411931007952,26.202238433772123,2.1998019140877645,0.042776684529061616,72.91756946827678,23.149823476108743,1.3489433843872105,0.03249911115167617,45.55503672286462,16.3330578324578,0.6153507071361125,0.029141700727156997,20.255578164272958,4.71886158934393,-1.0843148477161462,0.09923923912154106,-3.010507295201999,0.6299880903523064,1.3577273751795123,0.24420226573684228,2.3393591681250476,0.4289577247648483,1.852702914683297,0.2377569035532797,0.7795747288621033,0.06974036498412205,-0.12032630688841867,0.5351816370479766,-2.0690297053373214,0.8481240311363605,-0.23645237176826864,0.4311292604864636,4.0,2.8694706513285535,0.06410996047895112,98.20455882280842,22.62495529331798,f705a30af945
0.5982092940508955,0.20853120070711387,19.791956474826694,7.9374104354587836,2.1539622443601156,0.6741694059691645,70.48648231323224,25.681055224944153,2.644619272190907,0.4229660330608573,86.3965769564853,23.94026681503187,2.334206174610385,0.015553449632579115,77.79871614569892,26.757187050824726,1.3432451744154783,0.04858847768890976,44.805343881706754,14.885881619788197,0.653903960429171,0.0031272434781118514,20.95694403046896,3.603811145743761,-1.0724508994188822,0.12463310485080938,-3.287530699735368,0.6541752018000586,1.3188348945079043,0.2594619992088253,2.5454919807155,0.44735232502387406,1.9779133035956267,0.23871876536410958,0.8215834993915548,0.06633034297543002,-0.12818238246829886,0.5851263938498984,-2.3919067027789036,0.9266481520167559,-0.3216347613273663,0.45532870525428143,4.666666666666667,2.905476174821122,0.2344353502906559,87.8185365404812,27.822913214230695,fba4cc0df459
