n_atoms,a,b,c,gamma,vac_axis,slab_thick,vacuum,inplane_min,inplane_max,min_bond,avg_nbr_4A,avg_nbr_5A,avg_nbr_6A,avg_nbr_7A,avg_nbr_8A,Formula,uid
3,3.252,3.252,18.232,120.0,2,3.251,14.981,3.252,3.252,2.427,10.67,18.67,32.67,50.67,58.67,SSeW,001e03f2c095
4,4.581,4.546,17.11,90.0,2,3.155,13.955,4.546,4.581,2.92,5.0,13.0,17.0,23.0,41.0,Sn2Te2,03bcf7dcdaf2
3,4.072,4.072,18.232,120.0,2,3.648,14.584,4.072,4.072,2.968,4.67,10.67,18.67,26.67,36.67,ClSbTe,04fdd7d1ec5c
12,6.641,5.75,18.342,90.0,2,3.342,15.0,5.75,6.641,2.539,10.67,18.67,32.67,42.67,58.67,WMo3Se8,05a06afa3b20
12,6.6,5.712,18.391,90.0,2,3.391,15.0,5.712,6.6,2.464,10.67,18.67,32.67,42.67,58.67,CrW3Se8,0b7696e1f4c9
3,4.032,4.032,19.5,120.0,2,3.248,16.252,4.032,4.032,2.801,6.0,16.0,18.0,36.0,36.0,ClSbSe,0c0fbdaf8f4a
3,4.318,4.318,19.5,120.0,2,3.705,15.795,4.318,4.318,3.002,4.0,12.0,16.0,26.0,36.0,ISbTe,0f02957b17cf
3,3.961,3.961,18.232,120.0,2,3.807,14.426,3.961,3.961,2.839,10.67,12.67,18.67,32.67,42.67,AsITe,114b3382699c
3,4.077,4.077,18.232,120.0,2,3.714,14.519,4.077,4.077,2.879,4.67,12.67,18.67,26.67,36.67,BiBrSe,11db0908d9ef
12,7.063,6.116,18.688,90.0,2,3.688,15.0,6.116,7.063,2.649,10.67,15.67,26.67,33.33,54.67,CrMo3Te8,159f028a85d0
12,7.748,6.696,18.732,90.0,2,3.732,15.0,6.696,7.748,2.834,10.67,14.67,18.67,32.67,42.67,TiHf3Te8,1667d1443160
12,7.682,6.625,18.714,90.0,2,3.714,15.0,6.625,7.682,2.826,10.67,14.67,18.67,32.67,42.67,Ti2Zr2Te8,18e377cce57f
3,4.235,4.235,19.5,120.0,2,3.509,15.991,4.235,4.235,2.989,4.0,12.0,16.0,26.0,36.0,BrSbTe,18e62ba75259
2,4.732,4.732,15.513,120.0,2,0.513,15.0,4.732,4.732,2.779,3.0,9.0,12.0,12.0,18.0,HgTe,1a3bdd1b142a
3,3.756,3.756,19.5,120.0,2,3.087,16.413,3.756,3.756,2.618,12.0,16.0,26.0,36.0,50.0,AsClSe,1a3be826b3e0
3,3.717,3.717,19.5,120.0,2,3.141,16.359,3.717,3.717,2.513,12.0,16.0,26.0,36.0,50.0,AsBrS,1dcd471c2288
4,3.401,6.081,17.111,90.0,2,2.154,14.956,3.401,6.081,2.118,6.0,13.0,19.0,31.0,38.0,O2Pb2,20f098bd3f31
2,3.666,3.666,16.445,120.0,2,1.447,14.998,3.666,3.666,2.564,9.0,12.0,18.0,24.0,36.0,GeSe,211bcb7f05d6
12,6.641,5.75,18.352,90.0,2,3.352,15.0,5.75,6.641,2.544,10.67,18.67,32.67,42.67,58.67,MoW3Se8,24d6cc0a0fed
10,6.726,7.104,18.246,118.3,2,3.236,15.011,6.726,7.104,2.036,8.2,15.8,20.8,33.2,43.8,Bi2P2S6,287dcf4f1a19
3,4.422,4.422,19.5,120.0,2,3.773,15.727,4.422,4.422,3.069,4.0,12.0,16.0,22.0,36.0,BiITe,2d41b3dd1772
3,3.319,3.319,19.5,120.0,2,3.478,16.022,3.319,3.319,2.414,12.0,16.0,32.0,42.0,58.0,MoSTe,2ea941c8bc3c
12,6.374,5.52,18.139,90.0,2,3.139,15.0,5.52,6.374,2.415,12.67,18.67,32.67,50.67,58.67,MoW3S8,2f6f133abcc8
3,4.343,4.343,19.5,120.0,2,3.565,15.935,4.343,4.343,3.056,4.0,12.0,16.0,26.0,36.0,BiBrTe,304bc6a92d82
12,7.101,6.148,18.614,90.0,2,3.614,15.0,6.148,7.101,2.729,10.67,14.67,26.67,32.67,54.67,WMo3Te8,323fb700d903
3,4.053,4.053,18.232,120.0,2,3.861,14.371,4.053,4.053,2.839,4.67,12.67,18.67,26.67,32.67,ISbSe,343d2125478e
8,6.383,4.796,21.949,90.0,2,6.867,15.083,4.796,6.383,2.741,5.0,14.0,18.5,25.5,44.5,Pb2Te6,3995fa1bee6e
2,4.324,4.324,16.669,120.0,2,1.685,14.985,4.324,4.324,3.012,3.0,9.0,12.0,18.0,24.0,PbTe,3bc08d486d65
12,7.275,6.293,18.406,90.0,2,3.406,15.0,6.293,7.275,2.565,10.67,18.67,26.67,32.67,52.67,TiHf3Se8,3e1923c616ad
12,6.173,5.342,18.021,90.0,2,3.021,15.0,5.342,6.173,2.299,14.67,24.67,32.67,54.67,66.67,MoCr3S8,3fb52099b370
3,4.087,4.087,18.232,120.0,2,3.783,14.449,4.087,4.087,2.783,4.67,12.67,18.67,26.67,32.67,BiIS,40034665f9f1
3,4.161,4.161,18.232,120.0,2,3.903,14.33,4.161,4.161,2.898,4.67,10.67,18.67,26.67,32.67,BiISe,433f707c632c
12,6.373,5.519,18.134,90.0,2,3.134,15.0,5.519,6.373,2.411,12.67,18.67,32.67,50.67,58.67,Mo2W2S8,449640ec4d30
3,4.107,4.107,19.5,120.0,2,3.352,16.148,4.107,4.107,2.751,4.0,14.0,18.0,26.0,36.0,BiBrS,49b7be14f786
3,3.977,3.977,18.232,120.0,2,3.741,14.491,3.977,3.977,2.723,10.67,12.67,18.67,32.67,42.67,ISSb,4c49d27e66e5
10,7.054,7.054,18.412,120.0,2,3.768,14.644,7.054,7.054,2.279,6.2,15.8,19.4,28.4,41.6,Ga2P2Te6,4cb4ea247ef4
3,3.989,3.989,19.5,120.0,2,3.313,16.187,3.989,3.989,2.684,10.0,16.0,18.0,36.0,42.0,BrSSb,4da5c6be60db
12,7.765,6.711,18.765,90.0,2,3.765,15.0,6.711,7.765,2.834,10.33,14.67,18.67,32.67,42.67,TiZr3Te8,4f1ab08988cc
3,3.93,3.93,19.5,120.0,2,3.151,16.349,3.93,3.93,2.737,12.0,16.0,18.0,36.0,42.0,AsClTe,4fd8ad708fb0
12,7.104,6.142,18.343,90.0,2,3.343,15.0,6.142,7.104,2.564,10.67,18.67,26.67,36.17,54.67,ZrTi3Se8,52a5e2b280d4
12,6.553,5.673,18.306,90.0,2,3.306,15.0,5.673,6.553,2.457,10.67,18.67,32.67,45.33,58.67,Cr2W2Se8,548aa830244c
12,6.264,5.41,18.096,90.0,2,3.096,15.0,5.41,6.264,2.326,14.67,21.33,32.67,54.67,61.33,Cr2W2S8,5974b6403c31
3,4.083,4.083,19.5,120.0,2,3.451,16.049,4.083,4.083,2.695,4.0,14.0,18.0,26.0,36.0,ISSb,5b94060698bc
12,7.1,6.148,18.622,90.0,2,3.622,15.0,6.148,7.1,2.731,10.67,14.67,26.67,32.67,54.67,MoW3Te8,5c3fe56a1a89
10,7.083,7.094,18.412,119.9,2,3.283,15.129,7.083,7.094,2.236,6.8,15.2,20.0,29.6,42.2,P2Sb2Se6,5d1a32a28ffa
3,3.934,3.934,19.5,120.0,2,3.35,16.15,3.934,3.934,2.653,10.0,16.0,18.0,36.0,42.0,AsISe,5d829e480507
2,3.949,3.949,16.429,120.0,2,1.439,14.99,3.949,3.949,2.696,9.0,12.0,12.0,24.0,30.0,PbS,5e4ff1f56b4a
12,6.543,5.665,18.303,90.0,2,3.303,15.0,5.665,6.543,2.453,10.67,18.67,32.67,46.67,58.67,Cr2Mo2Se8,60065d3bbcf2
12,7.038,6.102,18.588,90.0,2,3.588,15.0,6.102,7.038,2.651,10.67,16.67,26.67,34.0,54.67,Cr2W2Te8,62bb754c4cb2
12,6.311,5.461,18.158,90.0,2,3.158,15.0,5.461,6.311,2.327,13.67,20.0,32.67,52.0,58.67,CrMo3S8,644f7c1c85c7
12,6.995,6.056,18.528,90.0,2,3.528,15.0,6.056,6.995,2.633,10.67,17.67,27.67,39.67,54.67,WCr3Te8,6523c349753c
3,3.868,3.868,18.232,120.0,2,3.63,14.602,3.868,3.868,2.809,10.67,14.67,18.67,32.67,42.67,AsBrTe,671e6de2497a
3,3.433,3.433,18.232,120.0,2,3.495,14.738,3.433,3.433,2.563,10.67,18.67,32.67,42.67,54.67,SeTeW,6e2a4c6f4f57
3,4.272,4.272,19.5,120.0,2,3.642,15.858,4.272,4.272,2.884,4.0,12.0,16.0,26.0,36.0,BiISe,70cbc0e44d36
12,7.387,6.404,18.465,90.0,2,3.465,15.0,6.404,7.387,2.652,10.67,16.83,26.67,32.67,50.67,HfZr3Se8,70e7ab872359
12,6.248,5.403,18.093,90.0,2,3.093,15.0,5.403,6.248,2.32,14.67,22.67,32.67,54.67,62.67,Cr2Mo2S8,72b286460831
3,3.362,3.362,18.232,120.0,2,3.39,14.842,3.362,3.362,2.443,10.67,18.67,32.67,42.67,58.67,STeW,75ee10091f43
4,4.325,4.064,17.11,90.0,2,2.864,14.246,4.064,4.325,2.59,7.0,16.0,21.0,33.0,41.0,S2Sn2,7a8373382b33
3,4.029,4.029,18.232,120.0,2,3.557,14.676,4.029,4.029,2.868,4.67,12.67,18.67,32.67,36.67,BiClSe,7fe9c5cb910c
12,7.374,6.395,18.465,90.0,2,3.465,15.0,6.395,7.374,2.656,10.67,17.67,26.67,32.67,50.67,Hf2Zr2Se8,81af2831dbb2
10,7.571,7.591,18.412,119.9,2,3.512,14.9,7.571,7.591,2.298,5.0,14.0,17.6,24.8,40.4,P2Sb2Te6,82b85dfd7723
12,7.216,6.233,18.437,90.0,2,3.437,15.0,6.233,7.216,2.547,10.67,18.67,26.67,33.33,54.67,Ti2Zr2Se8,846b50801a93
12,6.05,6.986,18.531,90.0,2,3.532,15.0,6.05,6.986,2.631,10.67,17.67,27.67,39.67,54.67,MoCr3Te8,899032b4ad0c
3,3.325,3.325,19.5,120.0,2,3.479,16.021,3.325,3.325,2.42,12.0,16.0,32.0,42.0,58.0,STeW,916afba26723
12,6.485,5.613,18.232,90.0,2,3.232,15.0,5.613,6.485,2.434,10.67,18.67,32.67,50.67,58.67,MoCr3Se8,961c37d6e527
3,4.304,4.304,19.5,120.0,2,3.377,16.123,4.304,4.304,2.96,4.0,12.0,16.0,26.0,36.0,BiClTe,968a6902b7f5
12,7.026,6.091,18.584,90.0,2,3.584,15.0,6.091,7.026,2.648,10.67,16.67,26.67,34.67,54.67,Cr2Mo2Te8,988b11badabb
3,3.947,3.947,18.232,120.0,2,3.456,14.777,3.947,3.947,2.751,10.67,14.67,18.67,32.67,42.67,BiClS,99fd027b1d0b
12,6.372,5.518,18.13,90.0,2,3.13,15.0,5.518,6.372,2.411,13.0,18.67,32.67,50.67,58.67,WMo3S8,9c2979187585
2,4.078,4.078,16.534,120.0,2,1.548,14.986,4.078,4.078,2.818,3.0,12.0,12.0,18.0,24.0,PbSe,a0dbdc6630fa
12,7.309,6.325,18.453,90.0,2,3.453,15.0,6.325,7.309,2.553,10.67,17.5,26.67,32.67,52.33,TiZr3Se8,a148361e5e9a
12,6.641,5.751,18.347,90.0,2,3.347,15.0,5.751,6.641,2.541,10.67,18.67,32.67,42.67,58.67,Mo2W2Se8,a1d716aad84d
12,6.594,5.707,18.38,90.0,2,3.38,15.0,5.707,6.594,2.458,10.67,18.67,32.67,42.67,58.67,CrMo3Se8,a7233837cfe9
3,4.146,4.146,19.5,120.0,2,3.286,16.214,4.146,4.146,2.866,4.0,12.0,18.0,26.0,36.0,BiClSe,a80866a2c6b4
3,4.296,4.296,18.232,120.0,2,4.06,14.173,4.296,4.296,3.077,4.0,10.67,18.67,26.67,32.67,BiITe,a84d988e38ac
12,6.321,5.47,18.164,90.0,2,3.164,15.0,5.47,6.321,2.336,13.67,18.67,32.67,52.0,58.67,CrW3S8,a9f87eba4b96
10,7.202,7.21,18.412,120.0,2,3.348,15.063,7.202,7.21,2.241,5.6,15.2,19.4,29.6,40.4, ,aa9a981d89aa
3,4.193,4.193,19.5,120.0,2,3.515,15.985,4.193,4.193,2.763,4.0,12.0,18.0,26.0,36.0,BiIS,acdcd16c0d76
3,3.844,3.844,19.5,120.0,2,3.24,16.26,3.844,3.844,2.537,12.0,16.0,22.0,36.0,42.0,AsIS,b13beafa16aa
12,7.365,6.379,18.428,90.0,2,3.428,15.0,6.379,7.365,2.667,10.67,16.67,26.67,32.67,50.67,ZrHf3Se8,b8fb10416122
3,4.181,4.181,18.232,120.0,2,3.69,14.542,4.181,4.181,3.026,4.67,10.67,18.67,26.67,32.67,BiClTe,badda86cab42
12,7.1,6.148,18.617,90.0,2,3.617,15.0,6.148,7.1,2.73,10.67,14.67,26.67,32.67,54.67,Mo2W2Te8,c04fc052f2ca
12,7.093,6.132,18.335,90.0,2,3.335,15.0,6.132,7.093,2.564,10.67,18.67,26.67,36.5,54.67,HfTi3Se8,c55716558616
12,6.492,5.618,18.233,90.0,2,3.233,15.0,5.618,6.492,2.432,10.67,18.67,32.67,50.67,58.67,WCr3Se8,c798e725e2fb
3,4.068,4.068,19.5,120.0,2,3.186,16.314,4.068,4.068,2.746,6.0,14.0,18.0,30.0,36.0,BiClS,c96ef4fc869c
12,7.193,6.215,18.419,90.0,2,3.419,15.0,6.215,7.193,2.553,10.67,18.67,26.67,33.33,54.67,Hf2Ti2Se8,cce78d90e899
10,7.697,7.711,18.412,119.9,2,3.581,14.831,7.697,7.711,2.308,5.0,13.4,17.6,24.8,38.0,Bi2P2Te6,cf7927ab6730
2,3.907,3.907,16.555,120.0,2,1.559,14.996,3.907,3.907,2.742,9.0,12.0,12.0,24.0,30.0,SeSn,d59c96fdfda1
3,4.195,4.195,19.5,120.0,2,3.32,16.18,4.195,4.195,2.893,4.0,12.0,18.0,26.0,36.0,ClSbTe,da5fd2bb47af
12,6.181,5.347,18.023,90.0,2,3.023,15.0,5.347,6.181,2.296,14.67,24.67,32.67,54.67,66.67,WCr3S8,dc4259e69783
3,4.189,4.189,19.5,120.0,2,3.461,16.039,4.189,4.189,2.872,4.0,12.0,18.0,26.0,36.0,BiBrSe,de5756e4fbfa
3,4.168,4.168,19.5,120.0,2,3.577,15.923,4.168,4.168,2.818,4.0,12.0,18.0,26.0,36.0,ISbSe,df0019ec24b5
2,4.173,4.173,16.68,120.0,2,1.686,14.993,4.173,4.173,2.941,3.0,9.0,12.0,18.0,24.0,SnTe,e688959ea45b
2,3.943,3.943,16.554,120.0,2,1.56,14.994,3.943,3.943,2.76,9.0,12.0,12.0,24.0,30.0,GeTe,eadd37f03ca5
12,7.073,6.124,18.716,90.0,2,3.716,15.0,6.124,7.073,2.653,10.67,15.67,26.67,32.67,54.67,CrW3Te8,eef072f845ce
3,4.111,4.111,18.232,120.0,2,3.817,14.416,4.111,4.111,2.993,4.67,10.67,18.67,26.67,32.67,BrSbTe,f1e78a09001d
3,4.222,4.222,18.232,120.0,2,3.854,14.379,4.222,4.222,3.059,4.67,10.67,18.67,26.67,32.67,BiBrTe,f4f45fcade85
3,3.918,3.918,18.232,120.0,2,3.527,14.706,3.918,3.918,2.805,10.67,14.67,18.67,32.67,42.67,ClSbSe,f705a30af945
3,3.823,3.823,18.232,120.0,2,3.478,14.754,3.823,3.823,2.793,10.67,14.67,18.67,32.67,42.67,AsClTe,fba4cc0df459
