cv_r2,f1,f2
0.394201876775635,grdf_gauss_3.8_std,grdf_gauss_5.0_mean
0.37787380174197827,grdf_gauss_5.0_mean,grdf_bessel_n1_std
0.3718716474226509,grdf_gauss_2.6_std,grdf_bessel_n1_std
0.34721363356269397,grdf_gauss_2.6_std,grdf_gauss_4.4_mean
0.3156581749548256,grdf_gauss_2.6_std,angle_mean
0.3087188229339535,grdf_gauss_3.8_std,grdf_bessel_n1_std
0.30725534281685285,grdf_gauss_5.0_mean,angle_mean
0.304131798349642,angle_mean,angle_std
0.300303161545281,grdf_bessel_n0_std,angle_mean
0.29931655263359014,grdf_gauss_4.4_mean,grdf_gauss_5.0_mean
0.29731415373953396,grdf_gauss_2.0_mean,angle_mean
0.29520810396206965,grdf_cos_k2_std,grdf_bessel_n1_std
0.2914565259217662,grdf_gauss_3.8_std,grdf_cos_k3_mean
0.29072757064408006,grdf_gauss_2.6_std,grdf_gauss_4.4_std
0.2869836784217761,afs_m3_mean,angle_mean
0.2857729535647271,grdf_cos_k1_mean,angle_mean
0.2856970245139887,grdf_gauss_4.4_std,grdf_gauss_5.0_mean
0.27813523335216794,grdf_gauss_2.0_mean,grdf_bessel_n1_std
0.27704741847508974,grdf_gauss_2.6_std,grdf_gauss_3.8_std
0.27603020644474674,grdf_cos_k1_std,angle_mean
0.26977227993235364,grdf_gauss_2.0_std,angle_mean
0.26957713355809176,grdf_bessel_n1_std,angle_mean
0.269411944829801,grdf_bessel_n1_std,coord_num
0.2677586732741781,grdf_cos_k2_std,angle_mean
0.26584049594887815,grdf_gauss_3.8_std,afs_m1_mean
0.26579366768463175,grdf_gauss_3.8_std,grdf_cos_k2_std
0.26452459267525996,grdf_bessel_n1_std,afs_m3_std
0.2640982623199696,grdf_gauss_3.2_mean,grdf_bessel_n1_std
0.26113965160699026,grdf_cos_k1_mean,grdf_cos_k2_std
0.25872232692949737,grdf_gauss_3.8_std,afs_m3_mean
0.25698362230368876,grdf_gauss_3.8_std,grdf_gauss_4.4_std
0.25551259244499813,grdf_gauss_3.8_std,grdf_gauss_4.4_mean
0.2516570700581703,grdf_gauss_3.8_std,angle_mean
0.24924105858457768,grdf_gauss_3.8_std,coord_num
0.2478814745948279,grdf_cos_k2_std,afs_m1_mean
0.24711651783096555,grdf_gauss_2.0_mean,grdf_gauss_3.8_std
0.24640188282773234,grdf_gauss_4.4_mean,grdf_cos_k2_std
0.2447928296914591,grdf_gauss_3.2_mean,angle_mean
0.24328621502350312,grdf_gauss_5.0_mean,angle_std
0.24150954063168362,grdf_gauss_4.4_std,grdf_bessel_n1_std
0.24033565363281917,afs_m1_std,angle_mean
0.23776799128293247,grdf_bessel_n2_mean,angle_mean
0.23647394972635483,grdf_gauss_2.6_mean,angle_mean
0.23618547015441982,grdf_gauss_4.4_mean,grdf_bessel_n1_std
0.2350534824838506,grdf_cos_k3_std,grdf_bessel_n1_std
0.23459200569138094,grdf_bessel_n1_std,bond_std
0.2340009160641443,grdf_cos_k1_mean,grdf_bessel_n1_std
0.23362596878094788,grdf_gauss_2.6_std,grdf_gauss_5.0_mean
0.23235227809223902,coord_num,angle_mean
0.22827862302671398,afs_m2_mean,angle_mean
0.22600869015989478,grdf_gauss_2.0_std,grdf_bessel_n1_std
0.22338108478653584,grdf_cos_k2_std,grdf_cos_k3_mean
0.22110265915313132,grdf_gauss_3.8_std,grdf_cos_k1_mean
0.22007062428164592,grdf_gauss_2.6_mean,grdf_bessel_n1_std
0.2167406142619811,grdf_cos_k2_mean,angle_mean
0.21588937180458834,bond_std,angle_mean
0.21572465241860883,grdf_gauss_3.8_std,grdf_cos_k1_std
0.21368315127017545,grdf_gauss_4.4_mean,afs_m3_std
0.2132562354110208,grdf_bessel_n0_mean,angle_mean
0.21238533259101167,grdf_gauss_4.4_mean,angle_mean
0.21165554900085481,grdf_gauss_5.0_mean,grdf_cos_k1_mean
0.21042244099401597,grdf_cos_k3_mean,angle_mean
0.21016138776456716,grdf_cos_k1_std,grdf_bessel_n1_std
0.2096864566434321,grdf_gauss_3.8_std,angle_std
0.20872736250127444,grdf_gauss_5.0_mean,grdf_cos_k2_std
0.20742883222764252,grdf_gauss_3.2_std,angle_mean
0.20709256359904948,grdf_cos_k3_mean,grdf_bessel_n1_std
0.20664627061534535,grdf_bessel_n1_std,angle_std
0.20628097643087473,grdf_bessel_n1_std,afs_m1_std
0.20589982437424958,grdf_bessel_n0_std,grdf_bessel_n1_std
0.20584712932728244,grdf_gauss_2.0_std,grdf_gauss_3.8_std
0.20478006483514444,grdf_bessel_n1_std,grdf_bessel_n2_mean
0.20410670051459534,grdf_bessel_n1_std,afs_m3_mean
0.20378795992558218,grdf_gauss_3.8_std,bond_mean
0.20364736413242324,grdf_cos_k3_std,angle_mean
0.20364449138140095,grdf_gauss_5.0_mean,grdf_bessel_n2_std
0.2026304652925771,grdf_gauss_5.0_mean,grdf_cos_k3_mean
0.20171633249048337,grdf_bessel_n1_mean,angle_mean
0.20026837533824793,grdf_gauss_3.8_std,afs_m1_std
0.18926707344744864,grdf_gauss_2.6_std,afs_m1_mean
0.18889314940415713,grdf_gauss_2.6_std,angle_std
0.18505300177831685,grdf_gauss_3.8_std,grdf_bessel_n0_std
0.18438237492136955,afs_m3_std,angle_mean
0.183363116836331,grdf_gauss_3.2_std,grdf_bessel_n1_std
0.18075608056632297,grdf_bessel_n1_std,afs_m1_mean
0.17617994291319483,grdf_gauss_4.4_std,grdf_cos_k1_mean
0.17564032432026788,grdf_gauss_3.8_std,bond_std
0.17348442525118823,grdf_bessel_n1_std,grdf_bessel_n2_std
0.17242442374697164,grdf_bessel_n1_std,bond_mean
0.17044980318312053,grdf_bessel_n1_std,afs_m2_std
0.16708792132509576,afs_m2_std,angle_mean
0.16687725194975578,grdf_bessel_n0_std,afs_m1_mean
0.16682286476097796,grdf_gauss_4.4_std,grdf_cos_k3_mean
0.16394818190112037,grdf_gauss_3.8_std,grdf_bessel_n2_mean
0.16176364067803528,grdf_gauss_5.0_mean,grdf_cos_k3_std
0.1611261183675774,bond_mean,angle_mean
0.16075824284922535,grdf_bessel_n2_std,angle_mean
0.15860403804065393,grdf_gauss_4.4_mean,afs_m1_std
0.1581271675636915,grdf_gauss_3.8_mean,grdf_gauss_3.8_std
0.15719195539058683,grdf_cos_k2_std,afs_m3_mean
0.15675312462279578,coord_num,angle_std
0.15480694393148087,grdf_gauss_4.4_std,grdf_cos_k2_std
0.15370425263072496,grdf_gauss_4.4_std,afs_m3_mean
0.15254468976416424,grdf_bessel_n0_mean,grdf_bessel_n1_std
0.15253876104124364,grdf_bessel_n1_mean,grdf_bessel_n1_std
0.15203915484709296,grdf_cos_k1_mean,grdf_bessel_n0_std
0.14752692341945062,grdf_cos_k2_std,coord_num
0.1470865577766851,grdf_gauss_3.8_mean,angle_mean
0.14621629281446247,grdf_cos_k3_mean,grdf_cos_k3_std
0.1451056373991192,grdf_gauss_4.4_std,angle_mean
0.14436412758248007,grdf_gauss_5.0_mean,afs_m2_std
0.14369281085879793,grdf_gauss_4.4_mean,grdf_cos_k1_mean
0.1427754951030643,grdf_cos_k2_mean,grdf_bessel_n1_std
0.14226842709487486,grdf_gauss_2.6_mean,grdf_gauss_4.4_mean
0.14057494831027018,grdf_bessel_n1_std,afs_m2_mean
0.1392613425551641,afs_m1_mean,afs_m2_std
0.13924019378031416,grdf_gauss_3.8_std,grdf_cos_k3_std
0.1390244077291677,grdf_gauss_4.4_mean,afs_m2_std
0.13892365534202933,grdf_gauss_3.2_mean,grdf_gauss_3.8_std
0.13888257735844167,grdf_gauss_3.2_std,grdf_gauss_3.8_std
0.13868338786324763,grdf_cos_k2_std,angle_std
0.13450887052137472,grdf_gauss_4.4_mean,grdf_bessel_n0_std
0.13360825106172647,grdf_gauss_4.4_mean,coord_num
0.12970887355241034,grdf_gauss_3.2_mean,afs_m1_mean
0.1290727088469691,grdf_cos_k1_std,grdf_cos_k3_mean
0.12793751224457517,grdf_gauss_5.0_mean,bond_std
0.1279319544232811,grdf_gauss_3.8_std,grdf_bessel_n0_mean
0.12785603885108332,grdf_gauss_2.6_std,grdf_cos_k1_std
0.12478170741599004,grdf_gauss_2.6_mean,grdf_gauss_3.8_std
0.12335769628899651,grdf_gauss_2.0_mean,grdf_gauss_4.4_mean
0.12163579293858073,grdf_cos_k3_mean,afs_m1_mean
0.11899059217256924,grdf_gauss_3.8_mean,grdf_bessel_n1_std
0.11884173870775383,grdf_gauss_4.4_mean,grdf_cos_k3_std
0.11779256749403189,grdf_gauss_2.0_std,grdf_gauss_4.4_mean
0.11651974528430808,grdf_gauss_2.0_mean,grdf_gauss_4.4_std
0.11494726134674249,grdf_gauss_2.6_std,grdf_cos_k2_std
0.11340401708231329,grdf_gauss_5.0_mean,afs_m3_mean
0.11259274569320288,grdf_gauss_3.2_mean,grdf_gauss_4.4_std
0.11222395608258717,grdf_cos_k1_mean,grdf_cos_k3_std
0.11219632640201005,grdf_gauss_2.0_std,grdf_gauss_4.4_std
0.11204624781835226,grdf_gauss_2.6_std,afs_m3_mean
0.10940420697184561,grdf_gauss_3.2_mean,grdf_gauss_4.4_mean
0.10847408569099548,grdf_gauss_3.8_std,grdf_bessel_n2_std
0.10571021885781529,grdf_gauss_3.8_mean,grdf_gauss_5.0_mean
0.10451963325355917,afs_m1_mean,angle_mean
0.10383292447421955,grdf_gauss_5.0_std,grdf_bessel_n1_std
0.10345900407684705,grdf_cos_k2_std,grdf_bessel_n0_std
0.1029101653369845,grdf_gauss_5.0_std,angle_mean
0.10279720299650097,grdf_gauss_5.0_mean,afs_m1_mean
0.10188205756129198,grdf_gauss_2.6_std,grdf_cos_k3_mean
0.10101568093235358,afs_m1_mean,afs_m3_std
0.10029706192433518,grdf_gauss_2.6_std,grdf_bessel_n0_std
0.09934848800330054,grdf_cos_k1_std,grdf_cos_k2_std
0.09908674781861726,grdf_gauss_4.4_mean,grdf_cos_k3_mean
0.09890100250058087,grdf_gauss_3.8_std,grdf_bessel_n1_mean
0.09142718232029323,grdf_gauss_2.6_mean,grdf_gauss_4.4_std
0.08494177453273466,grdf_gauss_2.6_std,grdf_cos_k3_std
0.08389757626726402,grdf_cos_k1_mean,afs_m1_mean
0.08389517089896525,grdf_cos_k1_std,afs_m1_mean
0.08263427732909778,grdf_cos_k1_mean,afs_m3_mean
0.08173397921447534,grdf_gauss_3.8_std,grdf_gauss_5.0_std
0.08108274625339484,grdf_gauss_5.0_mean,afs_m1_std
0.08034764203655953,grdf_gauss_5.0_mean,coord_num
0.08005621141758223,grdf_gauss_2.6_std,coord_num
0.07998670943187158,afs_m1_mean,afs_m2_mean
0.07899481549369991,grdf_gauss_4.4_std,grdf_bessel_n2_mean
0.07889119173943515,grdf_bessel_n0_std,afs_m3_mean
0.0779295670205079,afs_m3_std,angle_std
0.07774593101027316,afs_m1_mean,coord_num
0.07678514659196423,grdf_gauss_2.0_std,grdf_cos_k2_std
0.07643089335994446,afs_m2_std,afs_m3_mean
0.07638112751498727,grdf_gauss_3.8_std,afs_m3_std
0.07629404862159617,grdf_gauss_4.4_std,grdf_cos_k1_std
0.07592041345280187,grdf_gauss_3.8_std,afs_m2_std
0.07524512484008983,grdf_gauss_2.6_std,grdf_cos_k1_mean
0.07387916654845406,grdf_cos_k2_std,bond_std
0.0730896534587393,grdf_bessel_n2_mean,afs_m1_mean
0.07274101781631148,grdf_gauss_3.8_std,grdf_cos_k2_mean
0.07194020976312454,grdf_cos_k3_mean,afs_m2_std
0.07173702988885,grdf_gauss_4.4_mean,grdf_cos_k1_std
0.07163474762868638,grdf_gauss_3.8_std,afs_m2_mean
0.07140120399086813,grdf_gauss_2.0_std,grdf_cos_k3_mean
0.06978393349816014,grdf_gauss_4.4_std,grdf_cos_k2_mean
0.06736580564921735,grdf_bessel_n1_mean,afs_m1_mean
0.06677839752968162,grdf_cos_k3_std,afs_m1_mean
0.06656269075856902,grdf_gauss_3.2_mean,grdf_cos_k3_mean
0.06609328368729117,grdf_cos_k2_std,grdf_cos_k3_std
0.06575550345122816,grdf_gauss_4.4_std,grdf_cos_k3_std
0.06549625775780976,grdf_gauss_4.4_mean,grdf_cos_k2_mean
0.06409911655633937,grdf_bessel_n0_mean,afs_m1_mean
0.06361982784780229,grdf_gauss_2.0_mean,grdf_gauss_5.0_mean
0.06335529477416213,grdf_gauss_2.6_mean,afs_m1_mean
0.06288608484831826,grdf_gauss_4.4_std,grdf_bessel_n0_mean
0.061765613546896136,grdf_gauss_5.0_mean,grdf_bessel_n0_std
0.06104540900370914,grdf_gauss_2.0_mean,grdf_cos_k3_std
0.06064323358533508,grdf_gauss_4.4_std,coord_num
0.059385264911868796,afs_m2_std,angle_std
0.05821363769935983,afs_m1_std,angle_std
0.05506920797999215,grdf_cos_k1_mean,grdf_cos_k1_std
0.054693570566849536,grdf_gauss_5.0_mean,bond_mean
0.0546735230264952,grdf_gauss_5.0_mean,grdf_cos_k1_std
0.05385534899632749,grdf_cos_k1_std,coord_num
0.0538438301333658,grdf_cos_k1_mean,angle_std
0.05355027445631921,grdf_cos_k3_std,grdf_bessel_n0_std
0.05341214515580206,grdf_gauss_4.4_std,afs_m2_mean
0.05332423810063536,grdf_cos_k1_mean,afs_m2_std
0.0527266019310747,grdf_gauss_4.4_mean,afs_m2_mean
0.05252851705461614,grdf_gauss_2.6_mean,grdf_cos_k1_mean
0.051609995040404866,grdf_gauss_3.2_mean,grdf_cos_k2_std
0.05111186882285634,grdf_gauss_4.4_mean,bond_mean
0.05052218446557033,grdf_cos_k1_std,grdf_cos_k3_std
0.048513686498631414,grdf_cos_k3_std,afs_m3_mean
0.045956938185073404,grdf_gauss_4.4_mean,grdf_bessel_n1_mean
0.04565550264059948,grdf_gauss_4.4_std,grdf_bessel_n1_mean
0.04379737996050581,grdf_cos_k2_std,afs_m1_std
0.043739607842081085,grdf_gauss_2.6_std,grdf_gauss_3.2_mean
0.04346736423815234,grdf_gauss_4.4_mean,grdf_bessel_n2_std
0.042799756044671566,afs_m1_mean,afs_m1_std
0.042127283237279545,grdf_gauss_2.6_std,afs_m1_std
0.03807268537690045,grdf_gauss_2.0_std,afs_m1_mean
0.037767113718129575,afs_m1_std,afs_m3_mean
0.03755915056487735,afs_m3_mean,afs_m3_std
0.03668450563289494,grdf_gauss_4.4_mean,afs_m3_mean
0.035424820528095036,grdf_gauss_4.4_std,afs_m1_mean
0.03537601533373225,grdf_gauss_4.4_std,afs_m2_std
0.03471885324576007,grdf_gauss_4.4_std,bond_mean
0.03239203856534201,grdf_cos_k1_mean,coord_num
0.03165519611655854,grdf_cos_k2_mean,afs_m1_mean
0.031030664604424496,grdf_gauss_2.0_mean,grdf_cos_k2_std
0.03098624776626957,grdf_gauss_3.2_mean,afs_m3_mean
0.030382424184307477,grdf_gauss_4.4_mean,grdf_bessel_n0_mean
0.030088736968050367,grdf_cos_k3_mean,coord_num
0.028925269061509717,grdf_cos_k1_std,afs_m3_std
0.028805352291915498,grdf_gauss_4.4_mean,grdf_bessel_n2_mean
0.027843105135334056,grdf_gauss_5.0_mean,afs_m3_std
0.02550071474133675,grdf_gauss_2.6_std,bond_std
0.024645892301716876,grdf_gauss_2.6_mean,angle_std
0.024373846028587387,grdf_cos_k1_std,afs_m1_std
0.02265435842000918,grdf_cos_k1_std,afs_m3_mean
0.021771899894760804,grdf_gauss_2.0_mean,grdf_cos_k1_mean
0.019817693547261594,grdf_cos_k3_std,coord_num
0.018073740218433443,grdf_gauss_2.0_mean,afs_m1_mean
0.017859700531645428,grdf_cos_k2_std,grdf_bessel_n2_mean
0.015944117851073414,grdf_bessel_n0_std,angle_std
0.0152451890663442,grdf_bessel_n0_std,coord_num
0.014408379511102742,grdf_gauss_2.0_mean,grdf_cos_k3_mean
0.014003061633119818,afs_m1_mean,bond_mean
0.013280164713867726,grdf_gauss_2.0_std,angle_std
0.013245572304821152,grdf_cos_k3_mean,afs_m1_std
0.010465410644488471,afs_m3_mean,angle_std
0.010446963604733628,grdf_cos_k2_mean,grdf_cos_k2_std
0.01022947219560233,grdf_cos_k1_std,grdf_bessel_n2_std
0.009896036204967262,grdf_gauss_2.0_std,grdf_gauss_5.0_mean
0.0075842832965785645,grdf_gauss_2.0_mean,grdf_gauss_2.6_std
0.0065167505396649394,grdf_gauss_3.2_mean,grdf_cos_k1_mean
0.006395833281665819,grdf_cos_k3_std,afs_m3_std
0.00635458526273347,grdf_cos_k3_std,angle_std
0.005828927542459561,grdf_gauss_4.4_std,grdf_bessel_n0_std
0.005268654097741132,grdf_gauss_2.6_std,afs_m2_std
0.004514445577519233,grdf_gauss_4.4_std,afs_m1_std
0.004285859618215926,bond_mean,angle_std
0.003667803449863505,grdf_gauss_2.6_mean,grdf_gauss_5.0_mean
0.003500022803355929,grdf_gauss_4.4_mean,angle_std
0.0017031430774120393,grdf_gauss_3.8_mean,grdf_cos_k2_std
0.0006083080235737004,grdf_gauss_2.6_std,grdf_bessel_n2_std
0.00015303310500580647,grdf_cos_k3_mean,afs_m3_mean
8.548891098525413e-05,grdf_cos_k1_std,angle_std
-0.00016567620349250411,grdf_cos_k1_mean,grdf_cos_k3_mean
-0.0011934532747270854,grdf_gauss_4.4_std,bond_std
-0.0016431829944285603,grdf_cos_k2_std,afs_m3_std
-0.005529252497128434,grdf_cos_k3_mean,angle_std
-0.0065622499822513,grdf_gauss_2.6_std,grdf_gauss_3.2_std
-0.0068422636734049025,afs_m1_mean,angle_std
-0.006969046634752507,grdf_cos_k1_mean,grdf_bessel_n2_std
-0.007025796363242742,grdf_cos_k3_std,afs_m1_std
-0.007539698071050038,grdf_bessel_n2_mean,angle_std
-0.008795966219046658,grdf_cos_k2_std,afs_m2_mean
-0.009841922675305259,grdf_gauss_4.4_mean,bond_std
-0.010067961682596271,grdf_cos_k3_std,bond_std
-0.012827320873646908,grdf_cos_k3_mean,afs_m3_std
-0.013261183123711051,grdf_gauss_3.2_mean,angle_std
-0.013402122790034054,grdf_gauss_4.4_mean,grdf_gauss_4.4_std
-0.014402381960730626,grdf_cos_k2_std,grdf_bessel_n2_std
-0.014698938085264013,afs_m2_mean,angle_std
-0.015994481567427332,grdf_gauss_3.2_mean,grdf_gauss_5.0_mean
-0.016427497299321026,grdf_cos_k2_std,afs_m2_std
-0.018436175549308986,grdf_gauss_3.2_std,grdf_gauss_5.0_mean
-0.019139246510755603,grdf_cos_k1_std,grdf_bessel_n0_std
-0.019278506917854932,grdf_cos_k3_mean,grdf_bessel_n0_std
-0.019410180794476428,grdf_gauss_4.4_std,grdf_gauss_5.0_std
-0.020039035590136534,grdf_bessel_n0_std,afs_m1_std
-0.020090996448457243,grdf_gauss_2.0_mean,angle_std
-0.02091741982573425,grdf_gauss_4.4_std,afs_m3_std
-0.0218113565149316,grdf_gauss_3.8_mean,grdf_gauss_4.4_mean
-0.022426473256496493,grdf_cos_k3_std,afs_m2_std
-0.02284363419987856,grdf_gauss_3.2_std,grdf_cos_k2_std
-0.022898932623518053,grdf_gauss_2.0_std,grdf_cos_k1_mean
-0.023795505262601546,grdf_gauss_3.2_mean,grdf_bessel_n2_std
-0.025901719615198493,grdf_gauss_5.0_mean,afs_m2_mean
-0.026041384878977114,grdf_gauss_4.4_mean,afs_m1_mean
-0.026369898706829042,grdf_gauss_2.6_mean,grdf_cos_k2_std
-0.028450072008258775,grdf_gauss_4.4_std,grdf_bessel_n2_std
-0.02847576276207686,grdf_gauss_3.8_mean,grdf_cos_k1_std
-0.029548763081266305,grdf_gauss_2.6_mean,grdf_gauss_2.6_std
-0.029701368874430534,grdf_cos_k2_std,bond_mean
-0.030723971772290914,grdf_gauss_5.0_std,grdf_cos_k2_std
-0.030776985436393955,grdf_gauss_2.0_mean,afs_m2_std
-0.03084658878453128,grdf_bessel_n2_std,afs_m1_mean
-0.03172987563997354,grdf_gauss_5.0_mean,grdf_cos_k2_mean
-0.03275794098535734,grdf_bessel_n2_std,coord_num
-0.034642688146368394,grdf_gauss_3.2_std,grdf_gauss_4.4_std
-0.03478192971846261,afs_m3_mean,coord_num
-0.03647777647651185,grdf_gauss_3.2_std,angle_std
-0.036553571335439905,afs_m2_std,coord_num
-0.03661856271968089,grdf_cos_k1_std,afs_m2_std
-0.037797305625595135,afs_m1_std,coord_num
-0.038866947967340915,grdf_gauss_2.0_mean,coord_num
-0.03894805865596407,grdf_gauss_2.0_mean,afs_m3_mean
-0.03896278167653433,afs_m1_mean,afs_m3_mean
-0.03968448090746057,grdf_gauss_3.8_mean,afs_m1_mean
-0.03976006032310253,afs_m1_mean,bond_std
-0.04011479950627761,grdf_gauss_2.6_std,grdf_gauss_3.8_mean
-0.04170011272807206,grdf_gauss_2.6_mean,grdf_cos_k1_std
-0.04191923726660751,grdf_gauss_2.6_mean,grdf_cos_k3_std
-0.0419372584655997,grdf_gauss_2.6_std,bond_mean
-0.042618274930860345,grdf_gauss_3.2_mean,coord_num
-0.04306167035248687,grdf_gauss_5.0_mean,grdf_bessel_n1_mean
-0.044119606263964384,grdf_gauss_2.6_std,grdf_bessel_n2_mean
-0.045161534700962624,grdf_cos_k1_std,bond_std
-0.0461134080771084,grdf_gauss_2.0_mean,grdf_bessel_n0_std
-0.046155564655931736,grdf_cos_k3_mean,bond_std
-0.04686374321482112,grdf_cos_k2_mean,grdf_cos_k3_std
-0.04764129774095771,grdf_gauss_3.8_mean,grdf_gauss_4.4_std
-0.04814127115635847,grdf_gauss_5.0_mean,grdf_bessel_n0_mean
-0.05086819944908294,grdf_cos_k2_std,grdf_bessel_n0_mean
-0.05169368697155474,grdf_gauss_2.6_mean,afs_m3_mean
-0.05244608478152024,grdf_gauss_4.4_std,angle_std
-0.053228366699177077,grdf_gauss_3.2_mean,grdf_cos_k1_std
-0.05389066602340864,grdf_cos_k2_mean,angle_std
-0.05619919496235193,grdf_gauss_3.2_std,grdf_gauss_4.4_mean
-0.05740081943659647,grdf_cos_k3_std,grdf_bessel_n2_mean
-0.05753195273775269,grdf_cos_k1_mean,bond_std
-0.060357662350018604,bond_std,angle_std
-0.062122264829307605,grdf_cos_k1_mean,afs_m1_std
-0.06288971950028444,grdf_gauss_3.2_mean,grdf_cos_k3_std
-0.06406819748290782,grdf_cos_k1_mean,bond_mean
-0.06470266174425343,grdf_gauss_5.0_mean,grdf_bessel_n2_mean
-0.06551600439303651,grdf_gauss_2.0_std,grdf_gauss_2.6_std
-0.06566112465239282,grdf_gauss_3.2_mean,grdf_bessel_n0_std
-0.06798509489929927,grdf_gauss_3.8_mean,afs_m3_mean
-0.06837398762049918,grdf_gauss_3.2_mean,afs_m1_std
-0.06981120854869483,grdf_bessel_n2_std,afs_m3_mean
-0.06995133741763038,grdf_cos_k1_mean,afs_m2_mean
-0.07019640356867818,grdf_gauss_5.0_mean,grdf_gauss_5.0_std
-0.07065874323555787,grdf_gauss_2.0_std,grdf_gauss_3.2_mean
-0.07138454196121735,grdf_bessel_n0_mean,angle_std
-0.07214945607897594,grdf_gauss_3.8_mean,angle_std
-0.07217108106957792,grdf_gauss_2.0_std,afs_m1_std
-0.0739261826473685,grdf_gauss_2.6_mean,grdf_cos_k3_mean
-0.07508007479063727,grdf_cos_k1_mean,afs_m3_std
-0.07653896063256993,grdf_gauss_2.0_std,grdf_bessel_n0_std
-0.07735571327110025,grdf_gauss_4.4_mean,grdf_gauss_5.0_std
-0.07753773345080162,grdf_gauss_2.0_std,coord_num
-0.07810152573421236,grdf_cos_k3_std,bond_mean
-0.07810184792235342,grdf_cos_k1_mean,grdf_cos_k2_mean
-0.07915406171165684,grdf_cos_k1_std,bond_mean
-0.0800314147627692,grdf_gauss_2.0_std,grdf_cos_k1_std
-0.08037865786403042,grdf_gauss_3.8_mean,grdf_cos_k1_mean
-0.08153696897022256,grdf_cos_k3_std,grdf_bessel_n2_std
-0.08170559509915609,grdf_gauss_2.0_std,grdf_bessel_n2_std
-0.08208215120844953,grdf_bessel_n2_mean,coord_num
-0.08313231117477304,afs_m1_std,afs_m2_mean
-0.08325626881653259,grdf_cos_k2_std,grdf_bessel_n1_mean
-0.08404852169889754,grdf_cos_k1_std,grdf_cos_k2_mean
-0.08877252717276063,grdf_gauss_2.0_std,afs_m3_mean
-0.08901255165893573,grdf_gauss_2.6_std,grdf_cos_k2_mean
-0.09166901808788297,afs_m3_mean,bond_std
-0.09249512529345161,grdf_bessel_n1_mean,angle_std
-0.09394912433168834,grdf_gauss_2.0_std,bond_std
-0.09451016141387081,grdf_bessel_n2_mean,afs_m1_std
-0.0972503948198582,grdf_gauss_2.6_std,afs_m3_std
-0.09748425870347721,grdf_gauss_2.0_std,grdf_cos_k3_std
-0.09751751580897894,grdf_bessel_n2_std,afs_m2_std
-0.09807794402300196,grdf_cos_k1_mean,grdf_bessel_n2_mean
-0.0982787047407474,grdf_bessel_n0_std,bond_std
-0.09836303097955335,grdf_gauss_3.8_mean,grdf_cos_k3_std
-0.10030126832770336,grdf_bessel_n0_std,grdf_bessel_n2_std
-0.10048978213178916,grdf_cos_k2_mean,grdf_cos_k3_mean
-0.1012636321514051,grdf_gauss_3.2_std,grdf_cos_k3_std
-0.1102307124920956,coord_num,bond_std
-0.11254652032908075,grdf_gauss_2.0_mean,grdf_gauss_2.0_std
-0.11260057253118116,grdf_cos_k3_mean,bond_mean
-0.11417079690053189,grdf_cos_k3_mean,grdf_bessel_n2_mean
-0.11453054002003293,grdf_gauss_3.8_mean,afs_m1_std
-0.1162727028578332,grdf_bessel_n2_mean,afs_m3_mean
-0.11913892236171386,grdf_gauss_2.6_mean,coord_num
-0.12155845205349514,afs_m2_mean,afs_m3_mean
-0.12160620020940094,grdf_cos_k3_mean,grdf_bessel_n2_std
-0.1255152359351872,afs_m2_std,bond_std
-0.12588766352796266,grdf_gauss_3.2_mean,bond_std
-0.125918665707607,grdf_gauss_2.6_std,afs_m2_mean
-0.12776637268719115,grdf_gauss_3.2_mean,afs_m2_std
-0.1283388864888364,afs_m1_std,afs_m2_std
-0.12951099502712493,grdf_cos_k2_mean,afs_m3_mean
-0.1310209891839127,grdf_cos_k3_std,grdf_bessel_n1_mean
-0.13122724592638302,grdf_gauss_2.0_std,afs_m2_std
-0.13194397085843734,grdf_bessel_n2_std,angle_std
-0.13246163508662612,grdf_cos_k3_std,grdf_bessel_n0_mean
-0.13387273093035712,grdf_bessel_n0_std,grdf_bessel_n2_mean
-0.13429551026591957,grdf_gauss_2.0_mean,bond_std
-0.1352048121255356,grdf_gauss_2.0_mean,grdf_gauss_3.2_mean
-0.1353278338276036,coord_num,bond_mean
-0.13559300792498918,grdf_gauss_2.0_mean,afs_m1_std
-0.13733211746536678,grdf_cos_k1_std,afs_m2_mean
-0.1385924056981902,grdf_bessel_n0_std,afs_m2_std
-0.1387208104096762,bond_mean,bond_std
-0.1391056482972941,afs_m3_mean,bond_mean
-0.13925011490186168,grdf_gauss_2.0_mean,grdf_gauss_3.8_mean
-0.1398246548648554,afs_m2_mean,coord_num
-0.140515600179566,grdf_cos_k3_mean,afs_m2_mean
-0.14088790627982495,grdf_gauss_3.2_std,grdf_bessel_n0_std
-0.1409088756580974,afs_m1_std,bond_std
-0.14132635434675467,afs_m3_std,bond_std
-0.141550268008507,grdf_gauss_3.2_std,afs_m1_mean
-0.14234437841576897,grdf_gauss_2.0_std,bond_mean
-0.14303087714632645,grdf_gauss_3.8_mean,coord_num
-0.1462719793765439,grdf_gauss_2.6_mean,afs_m1_std
-0.1468395960847928,grdf_gauss_2.0_mean,grdf_cos_k1_std
-0.14794446026316033,grdf_bessel_n2_mean,afs_m2_std
-0.14862997056711125,grdf_gauss_2.6_mean,bond_std
-0.14949748301787613,grdf_cos_k2_mean,coord_num
-0.15034202472142422,grdf_bessel_n2_std,bond_std
-0.15123232079615367,grdf_bessel_n0_mean,afs_m3_mean
-0.15825825536137694,grdf_bessel_n2_std,afs_m3_std
-0.1584366152636303,grdf_cos_k1_std,grdf_bessel_n2_mean
-0.1594814474929318,afs_m3_std,coord_num
-0.16409455098609338,grdf_gauss_3.2_std,afs_m3_mean
-0.16470969186090967,grdf_cos_k1_std,grdf_bessel_n0_mean
-0.16476551153759122,grdf_bessel_n2_std,afs_m1_std
-0.1663843237584708,grdf_bessel_n0_std,afs_m3_std
-0.16674553950163973,grdf_gauss_2.6_mean,grdf_bessel_n2_std
-0.1688418838033492,grdf_gauss_5.0_std,grdf_cos_k3_mean
-0.17229529869040627,afs_m2_mean,afs_m2_std
-0.17402720601769373,grdf_gauss_2.6_std,grdf_bessel_n0_mean
-0.17426222965913474,grdf_bessel_n0_std,bond_mean
-0.17427629627104158,grdf_cos_k3_std,afs_m2_mean
-0.17490627734630926,grdf_bessel_n1_mean,afs_m3_mean
-0.17553442642336248,grdf_gauss_2.0_std,afs_m3_std
-0.17572006053670797,grdf_gauss_2.0_mean,grdf_bessel_n2_std
-0.17615664702590283,grdf_cos_k1_mean,grdf_bessel_n0_mean
-0.17647028083779337,grdf_cos_k2_mean,afs_m2_std
-0.17647121202494032,grdf_gauss_3.8_mean,grdf_bessel_n0_std
-0.17919808962721495,grdf_cos_k1_mean,grdf_bessel_n1_mean
-0.17922069964492526,grdf_bessel_n0_mean,afs_m1_std
-0.17934347395729855,grdf_gauss_3.8_mean,grdf_cos_k3_mean
-0.1840897413621032,grdf_gauss_3.8_mean,grdf_bessel_n2_mean
-0.18450759660346083,grdf_gauss_2.0_mean,afs_m3_std
-0.18517291857198104,grdf_gauss_5.0_std,grdf_cos_k3_std
-0.1861434988300179,grdf_cos_k2_mean,afs_m1_std
-0.1862423696600961,grdf_bessel_n2_mean,grdf_bessel_n2_std
-0.18801640507286987,grdf_gauss_2.6_mean,afs_m2_std
-0.18862218557605037,afs_m2_std,bond_mean
-0.1918496904339062,grdf_cos_k2_mean,grdf_bessel_n2_std
-0.19258190219620608,grdf_gauss_2.0_std,grdf_gauss_2.6_mean
-0.19348861694350972,afs_m1_std,bond_mean
-0.19541103707788698,grdf_gauss_2.0_std,afs_m2_mean
-0.1990392276587103,grdf_gauss_3.2_std,grdf_cos_k1_std
-0.1993815486438535,grdf_gauss_2.6_std,grdf_bessel_n1_mean
-0.19971744677155234,grdf_gauss_2.6_mean,grdf_bessel_n0_std
-0.20091748218180205,grdf_bessel_n2_mean,bond_mean
-0.20248249103855698,grdf_gauss_3.2_mean,grdf_gauss_3.8_mean
-0.2039925828801108,afs_m3_std,bond_mean
-0.20581258040893968,grdf_gauss_3.2_std,afs_m1_std
-0.20609753993468494,grdf_cos_k1_std,grdf_bessel_n1_mean
-0.20831685531866184,grdf_bessel_n1_mean,afs_m1_std
-0.2086523149959283,grdf_gauss_3.2_mean,bond_mean
-0.20874052215988326,grdf_cos_k3_mean,grdf_bessel_n1_mean
-0.21094827673813654,grdf_bessel_n2_std,bond_mean
-0.21283440125226716,grdf_gauss_3.8_mean,afs_m2_std
-0.21574835764479383,grdf_gauss_3.2_mean,grdf_gauss_3.2_std
-0.2175048496620271,grdf_bessel_n1_mean,coord_num
-0.2178083663139092,grdf_gauss_2.0_mean,grdf_bessel_n2_mean
-0.2205326767624567,grdf_gauss_2.6_mean,grdf_gauss_3.8_mean
-0.22121277721140187,grdf_gauss_2.0_std,grdf_bessel_n2_mean
-0.221937662293751,grdf_gauss_3.2_std,coord_num
-0.22206558134516508,grdf_gauss_2.6_mean,grdf_bessel_n2_mean
-0.22354413708511034,grdf_gauss_3.2_std,grdf_cos_k3_mean
-0.22547291981495743,grdf_cos_k3_mean,grdf_bessel_n0_mean
-0.22659587331429587,grdf_gauss_2.0_mean,grdf_cos_k2_mean
-0.2279213661970798,afs_m2_std,afs_m3_std
-0.22792683316636775,grdf_bessel_n0_mean,grdf_bessel_n0_std
-0.2314294090670319,grdf_gauss_5.0_std,afs_m1_mean
-0.23177130254684086,grdf_bessel_n0_mean,coord_num
-0.233464644588937,grdf_bessel_n2_mean,bond_std
-0.23423580566820057,grdf_gauss_5.0_std,angle_std
-0.23435031196976985,grdf_gauss_3.2_std,grdf_cos_k1_mean
-0.23491708811467404,grdf_bessel_n2_std,afs_m2_mean
-0.2370954005370174,grdf_gauss_2.0_std,grdf_gauss_3.2_std
-0.23907731412955235,grdf_gauss_2.6_mean,grdf_gauss_3.2_mean
-0.24216026476697805,grdf_gauss_3.2_mean,afs_m3_std
-0.24229312036436013,grdf_gauss_3.2_std,grdf_gauss_3.8_mean
-0.24403333751191458,grdf_bessel_n0_std,afs_m2_mean
-0.24469147847629746,grdf_gauss_3.2_std,afs_m2_std
-0.2504636740135169,afs_m1_std,afs_m3_std
-0.2530917735869951,grdf_gauss_2.6_mean,bond_mean
-0.25495477688847923,grdf_gauss_2.6_mean,afs_m2_mean
-0.2556307277585028,grdf_gauss_3.8_mean,bond_std
-0.2566849656154009,grdf_gauss_3.8_mean,grdf_bessel_n2_std
-0.2600157698904084,grdf_gauss_2.6_std,grdf_gauss_5.0_std
-0.2605539634359335,grdf_cos_k2_mean,bond_std
-0.2635683176806789,grdf_bessel_n1_mean,afs_m2_std
-0.26459470222772663,grdf_gauss_3.2_std,bond_mean
-0.2667592041117859,grdf_gauss_2.0_mean,grdf_gauss_3.2_std
-0.26682226601757253,grdf_gauss_3.2_std,grdf_bessel_n2_std
-0.267633262380357,grdf_gauss_2.0_mean,grdf_gauss_2.6_mean
-0.2676936842878146,grdf_gauss_3.2_mean,grdf_cos_k2_mean
-0.27353925354712616,grdf_gauss_2.0_std,grdf_cos_k2_mean
-0.2745826418904367,grdf_bessel_n0_std,grdf_bessel_n1_mean
-0.2748734774772632,grdf_cos_k2_mean,grdf_bessel_n2_mean
-0.2755163873544504,grdf_bessel_n0_mean,afs_m2_std
-0.277073292356943,grdf_gauss_3.2_mean,afs_m2_mean
-0.2788930616274208,grdf_gauss_2.0_mean,bond_mean
-0.27931226693905864,afs_m2_mean,bond_std
-0.2794983962715418,grdf_cos_k2_mean,grdf_bessel_n0_std
-0.282622627623357,grdf_gauss_2.6_mean,grdf_bessel_n1_mean
-0.284866787323802,grdf_gauss_2.0_mean,afs_m2_mean
-0.28671075608726726,grdf_gauss_2.0_std,grdf_gauss_3.8_mean
-0.28693127079023584,grdf_gauss_5.0_std,grdf_bessel_n0_std
-0.2948162606122309,grdf_bessel_n0_mean,grdf_bessel_n2_std
-0.2955514182888326,grdf_gauss_5.0_std,afs_m3_mean
-0.2961516311260246,grdf_gauss_2.0_std,grdf_bessel_n0_mean
-0.29642216705932634,grdf_bessel_n2_mean,afs_m2_mean
-0.2973829355455959,grdf_gauss_5.0_std,grdf_bessel_n2_std
-0.29901736256106215,grdf_gauss_5.0_std,coord_num
-0.3004294772522358,grdf_gauss_5.0_std,afs_m1_std
-0.30268159365863023,grdf_gauss_2.6_mean,grdf_gauss_3.2_std
-0.30318958700857146,grdf_bessel_n1_mean,bond_mean
-0.3034291218173595,grdf_gauss_2.0_std,grdf_bessel_n1_mean
-0.30493302701675695,grdf_gauss_3.2_mean,grdf_bessel_n2_mean
-0.30798908432323513,grdf_gauss_2.0_mean,grdf_bessel_n1_mean
-0.3090151225402471,grdf_gauss_2.6_mean,afs_m3_std
-0.31118278727405113,grdf_bessel_n0_mean,bond_std
-0.31138363104128164,grdf_cos_k2_mean,bond_mean
-0.31154243508093793,grdf_gauss_5.0_std,afs_m3_std
-0.3140583811299624,afs_m2_mean,afs_m3_std
-0.31551896444031957,grdf_gauss_2.6_mean,grdf_cos_k2_mean
-0.3157374761568654,grdf_bessel_n2_mean,afs_m3_std
-0.3160650094152295,grdf_bessel_n1_mean,bond_std
-0.31640291229183903,grdf_gauss_2.0_mean,grdf_gauss_5.0_std
-0.3246136709119045,grdf_cos_k2_mean,grdf_bessel_n1_mean
-0.32558208985107306,grdf_bessel_n1_mean,grdf_bessel_n2_std
-0.3318259188225292,grdf_gauss_3.8_mean,bond_mean
-0.3326619563988784,afs_m2_mean,bond_mean
-0.33579712270756046,grdf_gauss_3.2_std,grdf_cos_k2_mean
-0.34031052996368283,grdf_gauss_3.2_mean,grdf_bessel_n0_mean
-0.3425645090260676,grdf_gauss_5.0_std,afs_m2_std
-0.3451616589952058,grdf_gauss_3.8_mean,afs_m3_std
-0.34547571999634075,grdf_bessel_n0_mean,bond_mean
-0.3466683725315294,grdf_gauss_3.2_mean,grdf_bessel_n1_mean
-0.34871482086320493,grdf_gauss_3.8_mean,grdf_gauss_5.0_std
-0.34987059469166537,grdf_gauss_5.0_std,bond_mean
-0.3505030978803503,grdf_gauss_3.2_std,bond_std
-0.3521760251005779,grdf_gauss_3.8_mean,afs_m2_mean
-0.3536161524583894,grdf_cos_k2_mean,afs_m3_std
-0.3624030768214179,grdf_cos_k2_mean,afs_m2_mean
-0.36414490532880195,grdf_gauss_2.6_mean,grdf_bessel_n0_mean
-0.3661445665280103,grdf_cos_k2_mean,grdf_bessel_n0_mean
-0.37206149606890127,grdf_bessel_n1_mean,grdf_bessel_n2_mean
-0.3755523233184279,grdf_gauss_2.0_mean,grdf_bessel_n0_mean
-0.37646562913603,grdf_bessel_n1_mean,afs_m2_mean
-0.3780191118556919,grdf_gauss_3.8_mean,grdf_bessel_n1_mean
-0.37845476394694844,grdf_gauss_3.2_std,afs_m3_std
-0.378480658688342,grdf_gauss_2.0_std,grdf_gauss_5.0_std
-0.3857378764124906,grdf_gauss_2.6_mean,grdf_gauss_5.0_std
-0.3872685378893346,grdf_gauss_3.8_mean,grdf_bessel_n0_mean
-0.39524358140001614,grdf_gauss_3.2_mean,grdf_gauss_5.0_std
-0.40515080263518466,grdf_gauss_3.8_mean,grdf_cos_k2_mean
-0.40521987396544246,grdf_bessel_n0_mean,grdf_bessel_n2_mean
-0.4120949178085722,grdf_gauss_5.0_std,grdf_cos_k1_std
-0.4199075183326981,grdf_gauss_5.0_std,bond_std
-0.43425653051197033,grdf_bessel_n0_mean,afs_m2_mean
-0.4395328372485452,grdf_bessel_n1_mean,afs_m3_std
-0.44709315962800944,grdf_gauss_5.0_std,grdf_cos_k1_mean
-0.4478492062431203,grdf_bessel_n0_mean,afs_m3_std
-0.45716775839683876,grdf_gauss_3.2_std,afs_m2_mean
-0.4573155409142613,grdf_bessel_n0_mean,grdf_bessel_n1_mean
-0.4581176601100534,grdf_gauss_3.2_std,grdf_bessel_n2_mean
-0.48539116055752185,grdf_gauss_3.2_std,grdf_bessel_n0_mean
-0.5105475336601868,grdf_gauss_5.0_std,grdf_bessel_n2_mean
-0.51656021893226,grdf_gauss_3.2_std,grdf_bessel_n1_mean
-0.5248179982045282,grdf_gauss_5.0_std,afs_m2_mean
-0.5401048519591327,grdf_gauss_5.0_std,grdf_cos_k2_mean
-0.6244203192348234,grdf_gauss_5.0_std,grdf_bessel_n1_mean
-0.637351956325561,grdf_gauss_5.0_std,grdf_bessel_n0_mean
-0.6779109823666911,grdf_gauss_3.2_std,grdf_gauss_5.0_std
