Formula,uid,Rashba_parameter,E_pfrac_VBM,E_pfrac_CBM,radius_mean,pmid_afs_gauss_std,kpath_angle_deg,ehull
SSeW,001e03f2c095,3.288,0.224009385476083,0.1944202818853834,1.1666666666666667,0.0087597024110115,60.00000005146583,0.01
Sn2Te2,03bcf7dcdaf2,4.804,0.6785544244677716,0.8358953535587912,1.4249999999999998,0.0081265395134707,-90.0,0.063
ClSbTe,04fdd7d1ec5c,1.018,0.8840911585585108,0.92019295831051,1.2833333333333332,0.0100747508086987,120.00000002401246,0.153
WMo3Se8,05a06afa3b20,1.643,0.2290036829903243,0.17766113078223,1.3166666666666669,2.3544838024271337,180.0,0.0
CrW3Se8,0b7696e1f4c9,1.756,0.1813042425403861,0.1534142461286447,1.3,2.5442068051315605,180.0,0.01
ClSbSe,0c0fbdaf8f4a,2.682,0.7943110472668419,0.8322172034831463,1.2,0.0019747183096531,29.99999994307009,0.014
ISbTe,0f02957b17cf,3.658,0.848391125348033,0.8724804784156919,1.4166666666666667,0.0014178093338184,30.00000003954003,0.0
AsITe,114b3382699c,0.579,0.9466262309905492,0.9096856795947482,1.3166666666666669,0.0081559843762849,59.99999998120587,0.162
BiBrSe,11db0908d9ef,0.393,0.9198579768745668,0.9316661883508596,1.3,0.0090682747190613,-150.0000000375113,0.111
CrMo3Te8,159f028a85d0,0.896,0.2569664710702297,0.1252595031050306,1.4166666666666667,1.1396370453288296,0.0,0.035
TiHf3Te8,1667d1443160,1.512,0.7032942480989642,0.1550792284914078,1.45,0.4526582288145663,-130.8334179720495,0.132
Ti2Zr2Te8,18e377cce57f,1.855,0.6431649598769135,0.1240123504437783,1.45,0.7759079817591281,180.0,0.118
BrSbTe,18e62ba75259,2.631,0.83517716605127,0.8451200771706139,1.3333333333333333,0.0012738027321976,30.00000006476616,0.0
HgTe,1a3bdd1b142a,0.618,0.8163718961430929,0.6004465462984125,1.45,0.0,59.99999999172792,0.165
AsClSe,1a3be826b3e0,3.717,0.8229245148495816,0.8258043654001617,1.1,0.0099843534661444,29.999999972350786,0.013
AsBrS,1dcd471c2288,3.109,0.81239137651136,0.8750866369111423,1.1,0.0107868522702546,119.99999998528736,0.034
O2Pb2,20f098bd3f31,1.914,0.8829775241595053,0.8990904811171163,1.2,0.0,-90.0,0.287
GeSe,211bcb7f05d6,0.94,0.9034063151276184,0.7457842356027244,1.2,0.0,120.00000000156714,0.04
MoW3Se8,24d6cc0a0fed,2.097,0.2110720286877839,0.1880903063476812,1.3166666666666669,2.337046522898496,180.0,0.0
Bi2P2S6,287dcf4f1a19,1.406,0.8599441662300487,0.9027750754848928,1.2,1.1826912139634342,-90.0,0.053
BiITe,2d41b3dd1772,2.086,0.9040246564075758,0.919259222337323,1.4666666666666668,0.0008840256407309,60.000000002722,0.0
MoSTe,2ea941c8bc3c,2.525,0.2656621523829215,0.2434765337283689,1.2833333333333334,0.0411535149851004,59.99999999294942,0.223
MoW3S8,2f6f133abcc8,2.241,0.2120919784501239,0.2250064564826057,1.2666666666666666,3.136699555755772,180.0,0.0
BiBrTe,304bc6a92d82,1.13,0.8941369584845804,0.9109066585302884,1.3833333333333335,0.0005583941977259,120.00000003531756,0.0
WMo3Te8,323fb700d903,1.501,0.3014358700618786,0.1389700062296471,1.3999999999999997,1.3671358938247664,180.0,0.005
ISbSe,343d2125478e,1.17,0.8991816494298284,0.9133427007098202,1.3333333333333333,0.0069196776377032,30.000000008527763,0.13
Pb2Te6,3995fa1bee6e,3.064,0.8986972744902609,0.8492620158711233,1.6,0.1094597910138744,-89.99999999999618,0.129
PbTe,3bc08d486d65,2.18,0.9311785526870192,0.7994363268899549,1.6,0.0,-149.99999994206163,0.198
TiHf3Se8,3e1923c616ad,1.256,0.7987767433307077,0.1594418578290933,1.3666666666666665,0.9230429099485018,-130.86288740334143,0.166
MoCr3S8,3fb52099b370,1.221,0.1542812240567189,0.1108407663341692,1.2833333333333332,3.857342355269868,180.0,0.011
BiIS,40034665f9f1,1.254,0.946845373751356,0.9381116900544376,1.3333333333333333,0.007500126553475,60.00000001923997,0.14
BiISe,433f707c632c,1.255,0.937149742562862,0.9338553284954838,1.3833333333333335,0.0059162551830455,59.9999999840954,0.114
Mo2W2S8,449640ec4d30,1.954,0.2072633880549644,0.2146805678678273,1.2666666666666666,3.1563783751913133,180.0,0.0
BiBrS,49b7be14f786,1.293,0.8440266668986302,0.9145043455561068,1.25,0.0011259988292006,60.00000000111791,0.0
ISSb,4c49d27e66e5,0.907,0.9067714092588202,0.9212175840416548,1.2833333333333334,0.0086849318837883,59.99999995624205,0.185
Ga2P2Te6,4cb4ea247ef4,3.828,0.7732005190484386,0.6736048722630876,1.2333333333333334,1.026507869199079,-149.99867077296796,0.173
BrSSb,4da5c6be60db,2.39,0.7806803560540508,0.8606994436980863,1.2,0.0029502106564928,120.0000000338442,0.028
TiZr3Te8,4f1ab08988cc,1.679,0.6849715466889554,0.1347440193725061,1.45,0.4312365072138929,-130.83623677816092,0.115
AsClTe,4fd8ad708fb0,2.895,0.8748022705579596,0.850388063665775,1.1833333333333331,0.0035557579678532,-150.0000000286525,0.018
ZrTi3Se8,52a5e2b280d4,1.091,0.7405566209593908,0.1154653629793862,1.3666666666666665,1.604193444789698,180.0,0.131
Cr2W2Se8,548aa830244c,1.39,0.1687729940064901,0.1398028194256778,1.3,2.771791624354439,180.0,0.015
Cr2W2S8,5974b6403c31,1.592,0.1681267075821846,0.157123881369535,1.25,3.603055858591344,180.0,0.014
ISSb,5b94060698bc,2.844,0.8378311435722494,0.881194264676874,1.2833333333333334,0.0015724099342213,119.99999995640523,0.041
MoW3Te8,5c3fe56a1a89,2.045,0.2850819868146655,0.1412364257262718,1.3999999999999997,1.3576580767550253,180.0,0.018
P2Sb2Se6,5d1a32a28ffa,2.546,0.8096352520917903,0.8238161694562693,1.2,1.0938007335282762,-150.05171859821505,0.058
AsISe,5d829e480507,1.626,0.8922939066570377,0.8797309545139917,1.2333333333333332,0.0044688300315145,120.00000000009142,0.0
PbS,5e4ff1f56b4a,1.241,0.8989011752508484,0.774841563510968,1.4,0.0,-150.00000001782004,0.231
Cr2Mo2Se8,60065d3bbcf2,1.173,0.1629753879269453,0.1203719765762379,1.3333333333333333,2.809348343827074,180.0,0.016
Cr2W2Te8,62bb754c4cb2,1.535,0.2157043936857912,0.1016518741458471,1.3833333333333335,1.6925072948691413,0.0,0.082
CrMo3S8,644f7c1c85c7,1.46,0.1854065113491833,0.1518783583282624,1.2833333333333332,3.4008998090369,180.0,0.011
WCr3Te8,6523c349753c,0.99,0.1806309371731511,0.0927822494170908,1.3833333333333335,1.804437740667562,180.0,0.097
AsBrTe,671e6de2497a,0.694,0.927546211775732,0.909375314729425,1.2333333333333332,0.0109743048528379,29.999999954309573,0.163
SeTeW,6e2a4c6f4f57,1.394,0.2588201614869204,0.1379246426011634,1.3,0.0046657804929235,-150.0000000328296,0.042
BiISe,70cbc0e44d36,2.089,0.9060614974704904,0.9184150831842453,1.3833333333333335,0.0011172221661371,60.00000000925636,0.0
HfZr3Se8,70e7ab872359,0.95,0.8422121530840236,0.1814864790882361,1.4166666666666667,1.1364134093862193,49.07480172352388,0.15
Cr2Mo2S8,72b286460831,1.344,0.1786805448398726,0.1411907674565237,1.2833333333333332,3.65492256512691,180.0,0.017
STeW,75ee10091f43,3.947,0.293574412341913,0.1498061527142361,1.25,0.0050494758077243,60.00000001562721,0.086
S2Sn2,7a8373382b33,4.469,0.7185895220588732,0.8186754780085288,1.225,0.0506262881642868,-90.0,0.043
BiClSe,7fe9c5cb910c,0.746,0.9114345157094904,0.93294310439798,1.25,0.011333953476045,-149.99999999593345,0.119
Hf2Zr2Se8,81af2831dbb2,0.698,0.8295197197316269,0.190363806457994,1.4166666666666667,1.1447489134690554,49.06672007808193,0.158
P2Sb2Te6,82b85dfd7723,2.596,0.8244461820584097,0.8318788232153959,1.2833333333333332,0.6539552019665499,150.08738780717383,0.14
Ti2Zr2Se8,846b50801a93,1.767,0.7638579163771706,0.1319633735503248,1.3666666666666665,1.054854130826018,49.17901520778983,0.142
MoCr3Te8,899032b4ad0c,1.409,0.1895688272224866,0.1019344113918172,1.4166666666666667,1.5343923781805922,90.0,0.087
STeW,916afba26723,3.622,0.2260818398707595,0.3590873032806925,1.25,0.0408814073123662,-149.9999999785103,0.266
MoCr3Se8,961c37d6e527,0.977,0.158679447921649,0.1159971336328279,1.3333333333333333,2.968544820496833,180.0,0.01
BiClTe,968a6902b7f5,1.175,0.901195181671016,0.9106283567992832,1.3333333333333333,0.0007074822080398,119.99999995915002,0.0
Cr2Mo2Te8,988b11badabb,1.105,0.2124826412893839,0.1041993926048926,1.4166666666666667,1.708587639699576,180.0,0.067
BiClS,99fd027b1d0b,0.461,0.909282666768928,0.9372956282273632,1.2,0.0127492878351768,-149.99999999570173,0.12
WMo3S8,9c2979187585,1.816,0.2052901218121179,0.207664962128622,1.2666666666666666,3.157392020057693,180.0,0.0
PbSe,a0dbdc6630fa,1.603,0.9241098190833938,0.7879851211433209,1.475,0.0,-150.0000000273454,0.217
TiZr3Se8,a148361e5e9a,1.321,0.8026965681371502,0.1449765152582613,1.3666666666666665,0.8654389572979732,-130.87219067532004,0.144
Mo2W2Se8,a1d716aad84d,1.784,0.2050796246622059,0.1834049364521039,1.3166666666666669,2.3531099345395177,180.0,0.0
CrMo3Se8,a7233837cfe9,1.311,0.2003083671083162,0.1477262102974496,1.3333333333333333,1.947957011223222,0.0,0.01
BiClSe,a80866a2c6b4,3.032,0.8702984144182764,0.9014430142409324,1.25,0.0002768495591408,-150.00000004311804,0.0
BiITe,a84d988e38ac,0.467,0.934812594962855,0.9417767775687268,1.4666666666666668,0.0039598906357175,-149.9999999925854,0.11
CrW3S8,a9f87eba4b96,1.909,0.1919601306899144,0.1713770613500185,1.25,3.359788364660403,180.0,0.009
 ,aa9a981d89aa,4.457,0.8340700960545168,0.8638507706444664,1.25,0.9747157556120232,59.95906716716718,0.054
BiIS,acdcd16c0d76,1.858,0.903623557863302,0.9238137730702656,1.3333333333333333,0.0007522787577415,30.000000062727228,0.014
AsIS,b13beafa16aa,2.033,0.8936670822854337,0.8952076420903963,1.1833333333333331,0.0050023399006459,119.99999999043432,0.064
ZrHf3Se8,b8fb10416122,0.725,0.8326247051860165,0.2009389569933805,1.4166666666666667,1.20096235991069,-130.89648561884889,0.165
BiClTe,badda86cab42,1.458,0.9359477403697092,0.9378360161127248,1.3333333333333333,0.0087227757335184,-150.00000004401488,0.129
Mo2W2Te8,c04fc052f2ca,1.645,0.2958079752151466,0.1399480237647956,1.3999999999999997,1.3681197368364582,180.0,0.011
HfTi3Se8,c55716558616,1.191,0.7409042099373613,0.1172884570017979,1.3666666666666665,1.606444877477826,180.0,0.137
WCr3Se8,c798e725e2fb,1.16,0.1467562156481204,0.1196259650218804,1.3,2.946532368703589,180.0,0.009
BiClS,c96ef4fc869c,1.181,0.8399466536166024,0.9094579449330604,1.2,0.0007471850235111,59.99999998775802,0.0
Hf2Ti2Se8,cce78d90e899,1.409,0.7652933296496389,0.1370649042205264,1.3666666666666665,1.0748969259127437,-130.82723326206678,0.156
Bi2P2Te6,cf7927ab6730,1.814,0.8519428236956959,0.8422307722599669,1.3333333333333333,0.5918194214520243,90.00000000000001,0.14
SeSn,d59c96fdfda1,0.873,0.8617318463089176,0.772294966413053,1.2999999999999998,0.0,119.9999999735,0.098
ClSbTe,da5fd2bb47af,2.891,0.8418724917890628,0.8448925848104843,1.2833333333333332,0.0002165302110698,-149.99999999664146,0.008
WCr3S8,dc4259e69783,1.317,0.134076482189789,0.1114644811375034,1.25,3.833981866419253,180.0,0.009
BiBrSe,de5756e4fbfa,2.784,0.8708858861095728,0.9086603729103896,1.3,0.0012482141592709,29.999999951474244,0.0
ISbSe,df0019ec24b5,2.431,0.8444249438246081,0.8702194028528185,1.3333333333333333,0.001885196535515,120.00000004774289,0.0
SnTe,e688959ea45b,0.806,0.9092975411969436,0.7702073113614514,1.4249999999999998,0.0,119.99999994329718,0.119
GeTe,eadd37f03ca5,0.952,0.9154990873691008,0.7472070142516989,1.325,0.0,119.99999998974371,0.087
CrW3Te8,eef072f845ce,1.592,0.2267102691969866,0.1224285422660796,1.3833333333333335,1.5251605549995362,180.0,0.056
BrSbTe,f1e78a09001d,1.315,0.882771812071691,0.9164275283284804,1.3333333333333333,0.0076894500190178,120.00000004255,0.13
BiBrTe,f4f45fcade85,0.498,0.9275593381609089,0.9381112972308486,1.3833333333333335,0.0065832957009888,120.00000005740532,0.117
ClSbSe,f705a30af945,1.483,0.8438826392372596,0.9143032462366278,1.2,0.0122234655218269,119.99999996677256,0.146
AsClTe,fba4cc0df459,0.634,0.9271260695172412,0.9136992993085054,1.1833333333333331,0.0126639581169268,59.99999995613801,0.194
