uid,Formula,Rashba_parameter,material,y_pred,residual,abs_error
001e03f2c095,SSeW,3.288,SSeW,2.1860702,1.1019297962188719,1.1019297962188719
04fdd7d1ec5c,ClSbTe,1.018,ClSbTe,1.1759123,-0.1579122610092163,0.1579122610092163
05a06afa3b20,WMo3Se8,1.643,WMo3Se8,1.8700368,-0.22703684043884276,0.22703684043884276
0b7696e1f4c9,CrW3Se8,1.756,CrW3Se8,1.3932022,0.36279781436920167,0.36279781436920167
0c0fbdaf8f4a,ClSbSe,2.682,ClSbSe,3.2498395,-0.5678395442962647,0.5678395442962647
0f02957b17cf,ISbTe,3.658,ISbTe,2.6938782,0.9641218261718749,0.9641218261718749
114b3382699c,AsITe,0.579,AsITe,1.2118356,-0.6328356227874756,0.6328356227874756
11db0908d9ef,BiBrSe,0.393,BiBrSe,1.0286825,-0.6356824703216553,0.6356824703216553
159f028a85d0,CrMo3Te8,0.896,CrMo3Te8,1.7758507,-0.8798506536483764,0.8798506536483764
1667d1443160,TiHf3Te8,1.512,TiHf3Te8,1.7768549,-0.26485487270355224,0.26485487270355224
18e377cce57f,Ti2Zr2Te8,1.855,Ti2Zr2Te8,1.535684,0.3193160104751587,0.3193160104751587
18e62ba75259,BrSbTe,2.631,BrSbTe,3.0346918,-0.4036918106079104,0.4036918106079104
1a3bdd1b142a,HgTe,0.618,HgTe,1.6458426,-1.0278425521850587,1.0278425521850587
1a3be826b3e0,AsClSe,3.717,AsClSe,3.0183342,0.698665849685669,0.698665849685669
1dcd471c2288,AsBrS,3.109,AsBrS,2.8260014,0.2829985942840576,0.2829985942840576
20f098bd3f31,O2Pb2,1.914,O2Pb2,2.0965822,-0.18258217430114754,0.18258217430114754
211bcb7f05d6,GeSe,0.94,GeSe,1.7532153,-0.8132153129577637,0.8132153129577637
24d6cc0a0fed,MoW3Se8,2.097,MoW3Se8,1.7277365,0.3692635269165039,0.3692635269165039
2d41b3dd1772,BiITe,2.086,BiITe,1.6473758,0.4386241779327391,0.4386241779327391
2ea941c8bc3c,MoSTe,2.525,MoSTe,2.317947,0.20705308914184561,0.20705308914184561
2f6f133abcc8,MoW3S8,2.241,MoW3S8,2.1380162,0.1029837760925294,0.1029837760925294
304bc6a92d82,BiBrTe,1.13,BiBrTe,1.5869223,-0.4569222879409791,0.4569222879409791
323fb700d903,WMo3Te8,1.501,WMo3Te8,1.7416872,-0.24068717861175548,0.24068717861175548
343d2125478e,ISbSe,1.17,ISbSe,1.1801087,-0.010108666419982981,0.010108666419982981
3bc08d486d65,PbTe,2.18,PbTe,1.3321052,0.8478948402404787,0.8478948402404787
3e1923c616ad,TiHf3Se8,1.256,TiHf3Se8,1.3396622,-0.08366219425201415,0.08366219425201415
3fb52099b370,MoCr3S8,1.221,MoCr3S8,1.3895694,-0.16856940174102775,0.16856940174102775
40034665f9f1,BiIS,1.254,BiIS,1.0086087,0.24539130115509034,0.24539130115509034
433f707c632c,BiISe,1.255,BiISe,0.95017177,0.3048282313346862,0.3048282313346862
449640ec4d30,Mo2W2S8,1.954,Mo2W2S8,1.9142598,0.039740208625793416,0.039740208625793416
49b7be14f786,BiBrS,1.293,BiBrS,2.1548355,-0.8618354625701905,0.8618354625701905
4c49d27e66e5,ISSb,0.907,ISSb,0.7680563,0.13894372653961184,0.13894372653961184
4da5c6be60db,BrSSb,2.39,BrSSb,2.7650414,-0.37504135131835925,0.37504135131835925
4f1ab08988cc,TiZr3Te8,1.679,TiZr3Te8,1.8051933,-0.12619330501556392,0.12619330501556392
4fd8ad708fb0,AsClTe,2.895,AsClTe,2.6912138,0.20378615379333498,0.20378615379333498
52a5e2b280d4,ZrTi3Se8,1.091,ZrTi3Se8,1.2708509,-0.17985089683532718,0.17985089683532718
548aa830244c,Cr2W2Se8,1.39,Cr2W2Se8,1.3605306,0.02946938514709463,0.02946938514709463
5974b6403c31,Cr2W2S8,1.592,Cr2W2S8,1.7137471,-0.12174714374542228,0.12174714374542228
5b94060698bc,ISSb,2.844,ISSb,2.1795602,0.6644398155212401,0.6644398155212401
5c3fe56a1a89,MoW3Te8,2.045,MoW3Te8,1.4136072,0.6313927602767944,0.6313927602767944
5d1a32a28ffa,P2Sb2Se6,2.546,P2Sb2Se6,3.0412185,-0.4952185192108156,0.4952185192108156
5d829e480507,AsISe,1.626,AsISe,2.275357,-0.6493570079803468,0.6493570079803468
5e4ff1f56b4a,PbS,1.241,PbS,1.3695643,-0.12856429481506337,0.12856429481506337
60065d3bbcf2,Cr2Mo2Se8,1.173,Cr2Mo2Se8,1.2315986,-0.05859861564636226,0.05859861564636226
62bb754c4cb2,Cr2W2Te8,1.535,Cr2W2Te8,1.157755,0.3772449827194213,0.3772449827194213
644f7c1c85c7,CrMo3S8,1.46,CrMo3S8,1.5498631,-0.08986310005187992,0.08986310005187992
6523c349753c,WCr3Te8,0.99,WCr3Te8,1.4147284,-0.4247284030914307,0.4247284030914307
671e6de2497a,AsBrTe,0.694,AsBrTe,1.0695444,-0.37554443454742437,0.37554443454742437
6e2a4c6f4f57,SeTeW,1.394,SeTeW,2.3377848,-0.943784767150879,0.943784767150879
70cbc0e44d36,BiISe,2.089,BiISe,1.524232,0.564767970085144,0.564767970085144
70e7ab872359,HfZr3Se8,0.95,HfZr3Se8,0.83790565,0.11209435462951656,0.11209435462951656
72b286460831,Cr2Mo2S8,1.344,Cr2Mo2S8,1.4768666,-0.13286660289764396,0.13286660289764396
7a8373382b33,S2Sn2,4.469,S2Sn2,2.7779856,1.691014427185059,1.691014427185059
7fe9c5cb910c,BiClSe,0.746,BiClSe,0.76915824,-0.02315824413299561,0.02315824413299561
81af2831dbb2,Hf2Zr2Se8,0.698,Hf2Zr2Se8,1.1587362,-0.46073622894287114,0.46073622894287114
82b85dfd7723,P2Sb2Te6,2.596,P2Sb2Te6,1.9894832,0.6065167627334596,0.6065167627334596
846b50801a93,Ti2Zr2Se8,1.767,Ti2Zr2Se8,1.2975986,0.46940139961242666,0.46940139961242666
899032b4ad0c,MoCr3Te8,1.409,MoCr3Te8,1.1903614,0.21863861942291263,0.21863861942291263
916afba26723,STeW,3.622,STeW,2.2106593,1.4113407344818114,1.4113407344818114
961c37d6e527,MoCr3Se8,0.977,MoCr3Se8,1.3072587,-0.3302587251663208,0.3302587251663208
968a6902b7f5,BiClTe,1.175,BiClTe,1.4142308,-0.23923082351684566,0.23923082351684566
988b11badabb,Cr2Mo2Te8,1.105,Cr2Mo2Te8,1.443359,-0.33835901737213137,0.33835901737213137
99fd027b1d0b,BiClS,0.461,BiClS,0.9591527,-0.4981526985168457,0.4981526985168457
9c2979187585,WMo3S8,1.816,WMo3S8,2.0351179,-0.2191178646087646,0.2191178646087646
a0dbdc6630fa,PbSe,1.603,PbSe,1.2992684,0.30373163509368895,0.30373163509368895
a148361e5e9a,TiZr3Se8,1.321,TiZr3Se8,1.3025522,0.018447776794433546,0.018447776794433546
a1d716aad84d,Mo2W2Se8,1.784,Mo2W2Se8,1.6885134,0.09548660182952884,0.09548660182952884
a7233837cfe9,CrMo3Se8,1.311,CrMo3Se8,1.7743192,-0.46331917190551763,0.46331917190551763
a80866a2c6b4,BiClSe,3.032,BiClSe,2.4039252,0.6280748195648194,0.6280748195648194
a9f87eba4b96,CrW3S8,1.909,CrW3S8,1.7579575,0.15104254150390628,0.15104254150390628
acdcd16c0d76,BiIS,1.858,BiIS,1.8268151,0.03118487167358408,0.03118487167358408
b13beafa16aa,AsIS,2.033,AsIS,1.7035533,0.32944668102264396,0.32944668102264396
b8fb10416122,ZrHf3Se8,0.725,ZrHf3Se8,1.3507818,-0.625781798362732,0.625781798362732
badda86cab42,BiClTe,1.458,BiClTe,0.99809635,0.4599036531448364,0.4599036531448364
c04fc052f2ca,Mo2W2Te8,1.645,Mo2W2Te8,1.5444359,0.10056414127349855,0.10056414127349855
c55716558616,HfTi3Se8,1.191,HfTi3Se8,1.23172,-0.04071997070312494,0.04071997070312494
c798e725e2fb,WCr3Se8,1.16,WCr3Se8,1.3157094,-0.1557093524932862,0.1557093524932862
c96ef4fc869c,BiClS,1.181,BiClS,1.997887,-0.8168870153427124,0.8168870153427124
cce78d90e899,Hf2Ti2Se8,1.409,Hf2Ti2Se8,1.4605379,-0.05153791046142575,0.05153791046142575
cf7927ab6730,Bi2P2Te6,1.814,Bi2P2Te6,2.194465,-0.3804649219512939,0.3804649219512939
d59c96fdfda1,SeSn,0.873,SeSn,1.1099306,-0.2369306344985962,0.2369306344985962
da5fd2bb47af,ClSbTe,2.891,ClSbTe,2.6727445,0.21825548744201662,0.21825548744201662
dc4259e69783,WCr3S8,1.317,WCr3S8,1.3917207,-0.07472065258026128,0.07472065258026128
de5756e4fbfa,BiBrSe,2.784,BiBrSe,2.6386511,0.14534886741638164,0.14534886741638164
df0019ec24b5,ISbSe,2.431,ISbSe,2.4198189,0.011181121826171925,0.011181121826171925
e688959ea45b,SnTe,0.806,SnTe,0.8047345,0.0012654719352722665,0.0012654719352722665
eadd37f03ca5,GeTe,0.952,GeTe,0.7190351,0.23296491098403926,0.23296491098403926
eef072f845ce,CrW3Te8,1.592,CrW3Te8,1.2903365,0.3016635103225709,0.3016635103225709
f1e78a09001d,BrSbTe,1.315,BrSbTe,1.1371124,0.17788762092590327,0.17788762092590327
f4f45fcade85,BiBrTe,0.498,BiBrTe,1.1549302,-0.6569302339553833,0.6569302339553833
f705a30af945,ClSbSe,1.483,ClSbSe,1.2228426,0.2601574258804322,0.2601574258804322
fba4cc0df459,AsClTe,0.634,AsClTe,1.1437113,-0.5097113285064697,0.5097113285064697
