uid,Formula,kpath,Rashba_parameter,y_pred,residual,abs_residual
4cb4ea247ef4,Ga2P2Te6,X->G,3.828,2.1276438,1.7003561763763426,1.7003561763763426
aa9a981d89aa, ,G->Y,4.457,2.8894393,1.567560655593872,1.567560655593872
75ee10091f43,STeW,G->K,3.947,2.3940578,1.5529422492980958,1.5529422492980958
3995fa1bee6e,Pb2Te6,X->G,3.064,1.7162726,1.3477274074554444,1.3477274074554444
03bcf7dcdaf2,Sn2Te2,Y->G,4.804,3.5101354,1.2938645877838137,1.2938645877838137
6e2a4c6f4f57,SeTeW,M->G,1.394,2.6094375,-1.2154374656677247,1.2154374656677247
de5756e4fbfa,BiBrSe,G->M,2.784,1.6206496,1.163350423812866,1.163350423812866
1a3bdd1b142a,HgTe,G->K,0.618,1.7579606,-1.1399605579376222,1.1399605579376222
287dcf4f1a19,Bi2P2S6,Y->G,1.406,2.4393055,-1.0333055438995362,1.0333055438995362
a84d988e38ac,BiITe,M->G,0.467,1.441895,-0.9748950080871581,0.9748950080871581
0f02957b17cf,ISbTe,G->M,3.658,2.7057395,0.9522605018615722,0.9522605018615722
211bcb7f05d6,GeSe,M->K,0.94,1.8555757,-0.9155756807327271,0.9155756807327271
916afba26723,STeW,M->G,3.622,2.7249362,0.8970637531280516,0.8970637531280516
a80866a2c6b4,BiClSe,M->G,3.032,2.1526854,0.8793145961761475,0.8793145961761475
5d829e480507,AsISe,M->K,1.626,2.42861,-0.8026100864410401,0.8026100864410401
badda86cab42,BiClTe,M->G,1.458,0.677,0.7810000138282776,0.7810000138282776
1667d1443160,TiHf3Te8,S->Y,1.512,2.278903,-0.7669030075073242,0.7669030075073242
3bc08d486d65,PbTe,M->G,2.18,1.4213966,0.7586033868789674,0.7586033868789674
5b94060698bc,ISSb,M->K,2.844,2.0885859,0.7554141464233397,0.7554141464233397
7a8373382b33,S2Sn2,Y->G,4.469,3.7236779,0.7453221263885501,0.7453221263885501
5c3fe56a1a89,MoW3Te8,X->G,2.045,1.3947973,0.6502026748657226,0.6502026748657226
159f028a85d0,CrMo3Te8,Y->S,0.896,1.5444546,-0.6484545745849609,0.6484545745849609
49b7be14f786,BiBrS,G->K,1.293,1.9217062,-0.6287061996459962,0.6287061996459962
114b3382699c,AsITe,G->K,0.579,1.1773546,-0.5983545742034913,0.5983545742034913
18e62ba75259,BrSbTe,G->M,2.631,3.2279131,-0.5969131412506106,0.5969131412506106
cf7927ab6730,Bi2P2Te6,G->Y,1.814,2.3966043,-0.582604299545288,0.582604299545288
11db0908d9ef,BiBrSe,M->G,0.393,0.948941,-0.5559409923553467,0.5559409923553467
a7233837cfe9,CrMo3Se8,Y->S,1.311,1.8447462,-0.5337462320327759,0.5337462320327759
70cbc0e44d36,BiISe,G->K,2.089,1.5637567,0.5252432956695556,0.5252432956695556
c96ef4fc869c,BiClS,G->K,1.181,1.7025183,-0.521518343925476,0.521518343925476
99fd027b1d0b,BiClS,M->G,0.461,0.95206386,-0.4910638585090637,0.4910638585090637
d59c96fdfda1,SeSn,M->K,0.873,1.3593976,-0.48639764976501465,0.48639764976501465
304bc6a92d82,BiBrTe,M->K,1.13,1.5873814,-0.45738136291503917,0.45738136291503917
0c0fbdaf8f4a,ClSbSe,G->M,2.682,3.1258786,-0.4438785724639893,0.4438785724639893
4fd8ad708fb0,AsClTe,M->G,2.895,2.45314,0.4418599796295166,0.4418599796295166
24d6cc0a0fed,MoW3Se8,X->G,2.097,1.6625233,0.43447673034667966,0.43447673034667966
f4f45fcade85,BiBrTe,M->K,0.498,0.9142855,-0.41628548097610474,0.41628548097610474
4da5c6be60db,BrSSb,M->K,2.39,2.8057697,-0.41576968193054187,0.41576968193054187
2d41b3dd1772,BiITe,G->K,2.086,1.684129,0.40187100028991685,0.40187100028991685
671e6de2497a,AsBrTe,G->M,0.694,1.08746,-0.39346004104614263,0.39346004104614263
433f707c632c,BiISe,G->K,1.255,0.8628011,0.39219892501831044,0.39219892501831044
001e03f2c095,SSeW,G->K,3.288,2.911323,0.37667692947387676,0.37667692947387676
a0dbdc6630fa,PbSe,M->G,1.603,1.2541523,0.34884770202636717,0.34884770202636717
6523c349753c,WCr3Te8,X->G,0.99,1.3275744,-0.33757437229156495,0.33757437229156495
82b85dfd7723,P2Sb2Te6,X->G,2.596,2.2669725,0.32902745819091805,0.32902745819091805
1a3be826b3e0,AsClSe,G->M,3.717,3.3892143,0.327785722732544,0.327785722732544
81af2831dbb2,Hf2Zr2Se8,G->S,0.698,1.0236467,-0.32564671230316167,0.32564671230316167
988b11badabb,Cr2Mo2Te8,X->G,1.105,1.4255573,-0.3205572557449341,0.3205572557449341
5e4ff1f56b4a,PbS,M->G,1.241,1.5588038,-0.3178037967681884,0.3178037967681884
0b7696e1f4c9,CrW3Se8,X->G,1.756,1.4524873,0.30351265048980713,0.30351265048980713
1dcd471c2288,AsBrS,M->K,3.109,2.8110802,0.2979197826385498,0.2979197826385498
acdcd16c0d76,BiIS,G->M,1.858,1.5784241,0.2795759038925172,0.2795759038925172
dc4259e69783,WCr3S8,X->G,1.317,1.5869153,-0.26991525459289556,0.26991525459289556
fba4cc0df459,AsClTe,G->K,0.634,0.8984057,-0.26440567111968993,0.26440567111968993
62bb754c4cb2,Cr2W2Te8,G->X,1.535,1.2715113,0.26348868370056144,0.26348868370056144
40034665f9f1,BiIS,G->K,1.254,0.99809456,0.2559054412841797,0.2559054412841797
b8fb10416122,ZrHf3Se8,S->G,0.725,0.98071873,-0.255718731880188,0.255718731880188
968a6902b7f5,BiClTe,M->K,1.175,1.4251001,-0.2501000881195068,0.2501000881195068
961c37d6e527,MoCr3Se8,X->G,0.977,1.2263267,-0.24932670402526858,0.24932670402526858
f705a30af945,ClSbSe,M->K,1.483,1.2406832,0.2423168020248414,0.2423168020248414
5d1a32a28ffa,P2Sb2Se6,X->G,2.546,2.7872827,-0.24128270530700702,0.24128270530700702
9c2979187585,WMo3S8,X->G,1.816,2.0549126,-0.23891256713867182,0.23891256713867182
4c49d27e66e5,ISSb,G->K,0.907,1.1390841,-0.23208410072326657,0.23208410072326657
5974b6403c31,Cr2W2S8,X->G,1.592,1.8198327,-0.22783268260955802,0.22783268260955802
eef072f845ce,CrW3Te8,X->G,1.592,1.3670223,0.22497772407531746,0.22497772407531746
899032b4ad0c,MoCr3Te8,G->Y,1.409,1.1901221,0.21887787246704105,0.21887787246704105
4f1ab08988cc,TiZr3Te8,S->Y,1.679,1.8897256,-0.2107255659103393,0.2107255659103393
04fdd7d1ec5c,ClSbTe,M->K,1.018,1.2254562,-0.20745623779296873,0.20745623779296873
3e1923c616ad,TiHf3Se8,S->Y,1.256,1.4443749,-0.1883749189376831,0.1883749189376831
f1e78a09001d,BrSbTe,M->K,1.315,1.1291091,0.18589085578918452,0.18589085578918452
18e377cce57f,Ti2Zr2Te8,S->Y,1.855,1.6691984,0.18580160617828367,0.18580160617828367
7fe9c5cb910c,BiClSe,M->G,0.746,0.92805,-0.1820499815940857,0.1820499815940857
eadd37f03ca5,GeTe,M->K,0.952,0.7781048,0.17389521789550777,0.17389521789550777
72b286460831,Cr2Mo2S8,X->G,1.344,1.4978759,-0.1538759288787841,0.1538759288787841
52a5e2b280d4,ZrTi3Se8,S->Y,1.091,1.2331073,-0.14210732841491702,0.14210732841491702
a9f87eba4b96,CrW3S8,X->G,1.909,1.7709789,0.13802107238769534,0.13802107238769534
c04fc052f2ca,Mo2W2Te8,X->G,1.645,1.5073458,0.13765420436859133,0.13765420436859133
df0019ec24b5,ISbSe,M->K,2.431,2.568256,-0.13725590133666987,0.13725590133666987
cce78d90e899,Hf2Ti2Se8,S->Y,1.409,1.5429459,-0.13394586181640622,0.13394586181640622
323fb700d903,WMo3Te8,X->G,1.501,1.6307373,-0.1297373046875001,0.1297373046875001
3fb52099b370,MoCr3S8,X->G,1.221,1.3408355,-0.11983545207977286,0.11983545207977286
2f6f133abcc8,MoW3S8,X->G,2.241,2.122695,0.11830503082275401,0.11830503082275401
a1d716aad84d,Mo2W2Se8,X->G,1.784,1.6688857,0.11511429214477542,0.11511429214477542
a148361e5e9a,TiZr3Se8,S->Y,1.321,1.4182506,-0.0972505607604981,0.0972505607604981
05a06afa3b20,WMo3Se8,X->G,1.643,1.7400715,-0.09707153511047362,0.09707153511047362
644f7c1c85c7,CrMo3S8,X->G,1.46,1.5551397,-0.09513966083526615,0.09513966083526615
846b50801a93,Ti2Zr2Se8,Y->S,1.767,1.6753231,0.09167687129974356,0.09167687129974356
da5fd2bb47af,ClSbTe,M->G,2.891,2.8042514,0.08674856758117677,0.08674856758117677
c798e725e2fb,WCr3Se8,X->G,1.16,1.2462697,-0.08626970291137703,0.08626970291137703
70e7ab872359,HfZr3Se8,G->S,0.95,0.8806204,0.0693795800209045,0.0693795800209045
343d2125478e,ISbSe,G->M,1.17,1.1047385,0.06526152610778801,0.06526152610778801
2ea941c8bc3c,MoSTe,G->K,2.525,2.4724615,0.05253853797912589,0.05253853797912589
e688959ea45b,SnTe,M->K,0.806,0.7599216,0.04607838964462285,0.04607838964462285
c55716558616,HfTi3Se8,S->Y,1.191,1.2305845,-0.03958450222015375,0.03958450222015375
60065d3bbcf2,Cr2Mo2Se8,X->G,1.173,1.2088697,-0.035869695663452106,0.035869695663452106
449640ec4d30,Mo2W2S8,X->G,1.954,1.9857198,-0.031719799995422404,0.031719799995422404
548aa830244c,Cr2W2Se8,X->G,1.39,1.378779,0.011220946311950586,0.011220946311950586
20f098bd3f31,O2Pb2,Y->G,1.914,1.9061238,0.007876242637634201,0.007876242637634201
b13beafa16aa,AsIS,M->K,2.033,2.0388658,-0.005865804672241293,0.005865804672241293
