uid,formula,abs_resid_C6,abs_resid_5feat_minus_ehull,abs_resid_7feat_C6_plus_z4,mean_abs_resid_across_sets,n_sets_top10
03bcf7dcdaf2,Sn2Te2,1.2938645877838137,1.815732339859009,1.691973785400391,1.6005235710144046,3
287dcf4f1a19,Bi2P2S6,1.0333055438995362,1.0181609573364259,1.0249234619140626,1.0254633210500081,3
1a3bdd1b142a,HgTe,1.1399605579376222,1.0929085321426393,1.2194701738357545,1.150779754638672,3
a84d988e38ac,BiITe,0.9748950080871581,1.2439869718551635,1.2113876419067382,1.14342320728302,3
75ee10091f43,STeW,1.5529422492980958,1.613386604309082,2.137433382987976,1.767920745531718,3
de5756e4fbfa,BiBrSe,1.163350423812866,0.9898186531066893,1.0145827140808104,1.0559172636667886,3
aa9a981d89aa, ,1.567560655593872,2.001560670852661,1.6477050609588622,1.7389421291351317,3
6e2a4c6f4f57,SeTeW,1.2154374656677247,1.0273690757751466,1.553997808456421,1.2656014499664308,3
4cb4ea247ef4,Ga2P2Te6,1.7003561763763426,1.2394980697631834,1.8131887226104735,1.58434765625,3
3995fa1bee6e,Pb2Te6,1.3477274074554444,0.722473014831543,1.1327474012374878,1.0676492745081585,2
cf7927ab6730,Bi2P2Te6,0.582604299545288,1.0081852779388427,0.6800686225891113,0.7569527333577474,1
1667d1443160,TiHf3Te8,0.7669030075073242,0.7708958034515381,0.6410218124389648,0.726273541132609,0
001e03f2c095,SSeW,0.37667692947387676,0.20910347747802716,0.21077455329895,0.265518320083618,0
04fdd7d1ec5c,ClSbTe,0.20745623779296873,0.319720513343811,0.15287793350219725,0.226684894879659,0
05a06afa3b20,WMo3Se8,0.09707153511047362,0.001519209861755355,0.13721240234374998,0.07860104910532632,0
114b3382699c,AsITe,0.5983545742034913,0.6428868732452393,0.6121482810974122,0.6177965761820475,0
11db0908d9ef,BiBrSe,0.5559409923553467,0.4761080808639526,0.56109095287323,0.5310466753641764,0
0c0fbdaf8f4a,ClSbSe,0.4438785724639893,0.7147778682708741,0.22099820899963385,0.4598848832448324,0
0b7696e1f4c9,CrW3Se8,0.30351265048980713,0.3207181272506714,0.27652271366119385,0.30025116380055744,0
24d6cc0a0fed,MoW3Se8,0.43447673034667966,0.4703140230178833,0.40704095077514646,0.4372772347132365,0
211bcb7f05d6,GeSe,0.9155756807327271,0.7267462587356568,0.7453640079498292,0.795895315806071,0
2ea941c8bc3c,MoSTe,0.05253853797912589,0.11052045822143564,0.0009631156921385831,0.0546740372975667,0
2d41b3dd1772,BiITe,0.40187100028991685,0.5249753341674803,0.3516074762344359,0.426151270230611,0
2f6f133abcc8,MoW3S8,0.11830503082275401,0.162128273010254,0.1790030632019044,0.15314545567830415,0
304bc6a92d82,BiBrTe,0.45738136291503917,0.3419942808151246,0.5363751602172853,0.445250267982483,0
323fb700d903,WMo3Te8,0.1297373046875001,0.0354285707473756,0.08889477157592784,0.08468688233693451,0
343d2125478e,ISbSe,0.06526152610778801,0.42628927707672126,0.13982347965240471,0.21045809427897133,0
3bc08d486d65,PbTe,0.7586033868789674,0.510090641975403,0.6176838207244875,0.6287926165262859,0
18e377cce57f,Ti2Zr2Te8,0.18580160617828367,0.2844636249542236,0.16261671066284178,0.21096064726511635,0
18e62ba75259,BrSbTe,0.5969131412506106,0.8683104934692385,0.5582068386077883,0.6744768244425458,0
1a3be826b3e0,AsClSe,0.327785722732544,0.5625059528350831,0.23241090011596688,0.37423419189453133,0
1dcd471c2288,AsBrS,0.2979197826385498,0.2858972873687744,0.24609306716918944,0.2766367123921712,0
20f098bd3f31,O2Pb2,0.007876242637634201,0.5579958305358887,0.006869162559509201,0.19091374524434404,0
159f028a85d0,CrMo3Te8,0.6484545745849609,0.575429705619812,0.7596711196899414,0.661185133298238,0
0f02957b17cf,ISbTe,0.9522605018615722,0.8414135055541991,0.8941931800842284,0.8959557291666665,0
4c49d27e66e5,ISSb,0.23208410072326657,0.27646500396728513,0.11474520492553708,0.2077647698720296,0
49b7be14f786,BiBrS,0.6287061996459962,0.7919387645721436,0.6616334743499757,0.6940928128560385,0
449640ec4d30,Mo2W2S8,0.031719799995422404,0.11283230400085453,0.024609800338745158,0.056387301445007365,0
433f707c632c,BiISe,0.39219892501831044,0.23953807830810536,0.3251756477355956,0.3189708836873371,0
40034665f9f1,BiIS,0.2559054412841797,0.2355589189529419,0.25255101108551026,0.2480051237742106,0
3fb52099b370,MoCr3S8,0.11983545207977286,0.10127742671966544,0.03669543647766105,0.08593610509236645,0
3e1923c616ad,TiHf3Se8,0.1883749189376831,0.22387174987792968,0.2057694616317749,0.2060053768157959,0
4da5c6be60db,BrSSb,0.41576968193054187,0.6557713603973387,0.5463520145416259,0.5392976856231688,0
5c3fe56a1a89,MoW3Te8,0.6502026748657226,0.6577048730850219,0.6012516450881957,0.6363863976796468,0
5d1a32a28ffa,P2Sb2Se6,0.24128270530700702,0.27087712669372577,0.2335886993408205,0.24858284378051776,0
5d829e480507,AsISe,0.8026100864410401,0.780242609024048,0.8071829547882081,0.7966785500844321,0
5e4ff1f56b4a,PbS,0.3178037967681884,0.3375410404205321,0.29557734394073476,0.31697406037648507,0
52a5e2b280d4,ZrTi3Se8,0.14210732841491702,0.24323590660095218,0.1779919471740723,0.18777839406331384,0
548aa830244c,Cr2W2Se8,0.011220946311950586,0.012002959251403711,0.04792477130889883,0.023716225624084375,0
4f1ab08988cc,TiZr3Te8,0.2107255659103393,0.18683173274993892,0.15209295368194575,0.18321675078074132,0
4fd8ad708fb0,AsClTe,0.4418599796295166,0.3612322998046875,0.43183662414550783,0.411642967859904,0
6523c349753c,WCr3Te8,0.33757437229156495,0.357625732421875,0.45966161251068116,0.3849539057413737,0
644f7c1c85c7,CrMo3S8,0.09513966083526615,0.12026874065399173,0.00919660091400143,0.07486833413441978,0
70cbc0e44d36,BiISe,0.5252432956695556,0.7149152889251709,0.5445925130844116,0.5949170325597127,0
671e6de2497a,AsBrTe,0.39346004104614263,0.6977165994644166,0.47891522026062017,0.5233639535903931,0
70e7ab872359,HfZr3Se8,0.0693795800209045,0.024130392074585005,0.05171753168106075,0.04840916792551675,0
72b286460831,Cr2Mo2S8,0.1538759288787841,0.07897601699829093,0.04257712936401359,0.09180969174702953,0
7a8373382b33,S2Sn2,0.7453221263885501,0.7598015251159671,0.6161021175384525,0.7070752563476566,0
7fe9c5cb910c,BiClSe,0.1820499815940857,0.06546752834320069,0.09460806035995484,0.11404185676574707,0
81af2831dbb2,Hf2Zr2Se8,0.32564671230316167,0.3883534212112427,0.3218072195053101,0.34526911767323815,0
82b85dfd7723,P2Sb2Te6,0.32902745819091805,0.03607301330566415,0.6464417419433595,0.33718073781331387,0
846b50801a93,Ti2Zr2Se8,0.09167687129974356,0.09927896690368643,0.032572825431823826,0.07450955454508461,0
899032b4ad0c,MoCr3Te8,0.21887787246704105,0.15822561645507816,0.31592162513732913,0.23100837135314944,0
60065d3bbcf2,Cr2Mo2Se8,0.035869695663452106,0.01874544429779057,0.03932013320922856,0.03131175772349041,0
62bb754c4cb2,Cr2W2Te8,0.26348868370056144,0.2796011304855346,0.0514301395416259,0.19817331790924064,0
5974b6403c31,Cr2W2S8,0.22783268260955802,0.3029168920516967,0.27450609970092765,0.26841855812072746,0
5b94060698bc,ISSb,0.7554141464233397,0.5482689323425292,0.5478679122924803,0.6171836636861164,0
988b11badabb,Cr2Mo2Te8,0.3205572557449341,0.2831034851074219,0.34216668128967287,0.3152758073806763,0
968a6902b7f5,BiClTe,0.2501000881195068,0.18358225822448726,0.24223704338073726,0.2253064632415771,0
961c37d6e527,MoCr3Se8,0.24932670402526858,0.24985432434082033,0.2528574447631836,0.25067949104309084,0
916afba26723,STeW,0.8970637531280516,0.3564863414764403,0.9352119178771972,0.7295873374938964,0
a148361e5e9a,TiZr3Se8,0.0972505607604981,0.07227251911163335,0.15008840942382817,0.1065371630986532,0
a1d716aad84d,Mo2W2Se8,0.11511429214477542,0.2678930368423462,0.021048108100891083,0.13468514569600423,0
a0dbdc6630fa,PbSe,0.34884770202636717,0.5055486707687378,0.29903967666625975,0.38447868315378825,0
99fd027b1d0b,BiClS,0.4910638585090637,0.3445348992347717,0.5083554043769836,0.4479847207069397,0
a80866a2c6b4,BiClSe,0.8793145961761475,0.9019312210083008,0.7652670688629151,0.8488376286824545,0
a9f87eba4b96,CrW3S8,0.13802107238769534,0.19785610771179196,0.0052817258834838565,0.11371963532765705,0
acdcd16c0d76,BiIS,0.2795759038925172,0.3119588689804078,0.3274330692291261,0.306322614034017,0
b13beafa16aa,AsIS,0.005865804672241293,0.29165411758422843,0.22122549247741707,0.17291513824462892,0
b8fb10416122,ZrHf3Se8,0.255718731880188,0.362546706199646,0.09447666406631472,0.23758070071538293,0
badda86cab42,BiClTe,0.7810000138282776,0.7971108512878418,0.7002139644622802,0.7594416098594664,0
a7233837cfe9,CrMo3Se8,0.5337462320327759,0.2981556549072266,0.2208224430084229,0.35090810998280847,0
9c2979187585,WMo3S8,0.23891256713867182,0.3185798969268798,0.2285504188537597,0.26201429430643713,0
c55716558616,HfTi3Se8,0.03958450222015375,0.10681031608581537,0.01261283493041998,0.05300255107879637,0
c04fc052f2ca,Mo2W2Te8,0.13765420436859133,0.10556067943573,0.014399390220642072,0.0858714246749878,0
c96ef4fc869c,BiClS,0.521518343925476,0.5878595056533813,0.8269669952392578,0.6454482816060384,0
c798e725e2fb,WCr3Se8,0.08626970291137703,0.09031352043151863,0.1824178361892701,0.11966701984405526,0
cce78d90e899,Hf2Ti2Se8,0.13394586181640622,0.08640150165557858,0.059219757080078095,0.09318904018402097,0
d59c96fdfda1,SeSn,0.48639764976501465,0.5352959890365601,0.23983576488494873,0.42050980122884113,0
da5fd2bb47af,ClSbTe,0.08674856758117677,0.3637120399475098,0.08361193275451662,0.17802418009440105,0
dc4259e69783,WCr3S8,0.26991525459289556,0.4914907531738282,0.39096835422515874,0.3841247873306275,0
df0019ec24b5,ISbSe,0.13725590133666987,0.011507028579711864,0.12392258071899409,0.09089517021179194,0
e688959ea45b,SnTe,0.04607838964462285,0.08146666908264155,0.0349957885742187,0.0541802824338277,0
eadd37f03ca5,GeTe,0.17389521789550777,0.31574223232269283,0.17640683841705318,0.22201476287841793,0
eef072f845ce,CrW3Te8,0.22497772407531746,0.34937833976745614,0.10945498180389412,0.2279370152155559,0
f1e78a09001d,BrSbTe,0.18589085578918452,0.1183882331848145,0.25282937526702876,0.18570282141367592,0
f4f45fcade85,BiBrTe,0.41628548097610474,0.5560825128555298,0.44878306579589844,0.4737170198758443,0
f705a30af945,ClSbSe,0.2423168020248414,0.06283036899566641,0.37786074447631846,0.22766930516560877,0
fba4cc0df459,AsClTe,0.26440567111968993,0.1353144679069519,0.45022493934631347,0.2833150261243184,0
