Formula,uid,kpath,band,Rashba_parameter,ehull,bandgap,E_pfrac_VBM,E_pfrac_CBM,radius_mean,pmid_afs_gauss_std,kpath_angle_deg,max_Z4,max_Z,max_mass,pmid_grdf_trig_max,band_binary,radius_diff,n_elements,kpath_real_distance,E_pfrac_relevant
SSeW,001e03f2c095,G->K,C,3.288,0.01,1.417,0.224009385476083,0.1944202818853834,1.1666666666666667,0.0087597024110115,60.000000051465825,29986576,74,183.84,-1.5807777534717378,1,0.3500000000000001,3,1.2880095023957492,0.1944202818853834
Sn2Te2,03bcf7dcdaf2,Y->G,C,4.804,0.063,0.595,0.6785544244677716,0.8358953535587912,1.4249999999999998,0.0081265395134707,-90.0,7311616,52,127.6,-2.173680899149965,1,0.05,2,0.6910688603312941,0.8358953535587912
ClSbTe,04fdd7d1ec5c,M->K,V,1.018,0.153,1.439,0.8840911585585108,0.92019295831051,1.2833333333333332,0.0100747508086987,120.00000002401246,7311616,52,127.6,-1.8592992218023547,0,0.4499999999999999,3,0.5143363844425337,0.8840911585585108
WMo3Se8,05a06afa3b20,X->G,V,1.643,0.0,1.32,0.2290036829903243,0.17766113078223,1.3166666666666669,2.3544838024271337,180.0,29986576,74,183.84,-6.920370184354191,0,0.3,3,0.4730631359298199,0.2290036829903243
CrW3Se8,0b7696e1f4c9,X->G,V,1.756,0.01,0.902,0.1813042425403861,0.1534142461286447,1.3,2.5442068051315605,180.0,29986576,74,183.84,-6.982180709625033,0,0.25,3,0.476000099265373,0.1813042425403861
ClSbSe,0c0fbdaf8f4a,G->M,V,2.682,0.014,1.177,0.7943110472668419,0.8322172034831463,1.2,0.0019747183096531,29.99999994307009,6765201,51,121.76,-1.599254952697779,0,0.4499999999999999,3,0.8996830159842113,0.7943110472668419
ISbTe,0f02957b17cf,G->M,V,3.658,0.0,0.886,0.848391125348033,0.8724804784156919,1.4166666666666667,0.0014178093338184,30.00000003954003,7890481,53,127.6,-1.2342344760598332,0,0.05,3,0.8400758023740541,0.848391125348033
AsITe,114b3382699c,G->K,C,0.579,0.162,0.416,0.9466262309905492,0.9096856795947482,1.3166666666666669,0.0081559843762849,59.99999998120587,7890481,53,127.6,-1.74151265175515,1,0.25,3,1.0574100619195828,0.9096856795947482
BiBrSe,11db0908d9ef,M->G,C,0.393,0.111,1.385,0.9198579768745668,0.9316661883508596,1.3,0.0090682747190613,-150.0000000375113,47458321,83,208.9804,-1.806517832124052,1,0.4500000000000002,3,0.8897328164715187,0.9316661883508596
CrMo3Te8,159f028a85d0,Y->S,V,0.896,0.035,0.665,0.2569664710702297,0.1252595031050306,1.4166666666666667,1.1396370453288296,0.0,7311616,52,127.6,-5.107500843121151,0,0.05,3,0.4447952676104955,0.2569664710702297
TiHf3Te8,1667d1443160,S->Y,V,1.512,0.132,0.098,0.7032942480989642,0.1550792284914078,1.45,0.4526582288145663,-130.8334179720495,26873856,72,178.49,-2.608896574333768,0,0.1500000000000001,3,0.6423585846055582,0.7032942480989642
Ti2Zr2Te8,18e377cce57f,S->Y,V,1.855,0.118,0.143,0.6431649598769135,0.1240123504437783,1.45,0.7759079817591281,180.0,7311616,52,127.6,-3.623721747402316,0,0.1500000000000001,3,0.4089548775672321,0.6431649598769135
BrSbTe,18e62ba75259,G->M,V,2.631,0.0,1.089,0.83517716605127,0.8451200771706139,1.3333333333333333,0.0012738027321976,30.00000006476616,7311616,52,127.6,-1.4099344084064436,0,0.3,3,0.8565291377334029,0.83517716605127
HgTe,1a3bdd1b142a,G->K,V,0.618,0.165,0.132,0.8163718961430929,0.6004465462984125,1.45,0.0,59.99999999172792,40960000,80,200.59,-0.9351443495935298,0,0.1,2,0.8852880588713966,0.8163718961430929
AsClSe,1a3be826b3e0,G->M,V,3.717,0.013,1.364,0.8229245148495816,0.8258043654001617,1.1,0.0099843534661444,29.999999972350786,1336336,34,78.96,-1.6732237588144758,0,0.1499999999999999,3,0.9657212386040356,0.8229245148495816
AsBrS,1dcd471c2288,M->K,V,3.109,0.034,1.38,0.81239137651136,0.8750866369111423,1.1,0.0107868522702546,119.99999998528736,1500625,35,79.904,-1.597214599505171,0,0.1499999999999999,3,0.5634008212352033,0.81239137651136
O2Pb2,20f098bd3f31,Y->G,C,1.914,0.287,0.215,0.8829775241595053,0.8990904811171163,1.2,0.0,-90.0,45212176,82,207.2,-0.703478113502395,1,1.2000000000000002,2,0.5166155540009791,0.8990904811171163
GeSe,211bcb7f05d6,M->K,V,0.94,0.04,2.215,0.9034063151276184,0.7457842356027244,1.2,0.0,120.00000000156714,1336336,34,78.96,-0.837900225295761,0,0.1,2,0.5712688877496873,0.9034063151276184
MoW3Se8,24d6cc0a0fed,X->G,V,2.097,0.0,1.276,0.2110720286877839,0.1880903063476812,1.3166666666666669,2.3370465228984956,180.0,29986576,74,183.84,-6.903169741235938,0,0.3,3,0.4730635953906327,0.2110720286877839
Bi2P2S6,287dcf4f1a19,Y->G,C,1.406,0.053,0.953,0.8599441662300487,0.9027750754848928,1.2,1.1826912139634342,-90.0,47458321,83,208.9804,-6.194920469114157,1,0.6000000000000001,3,0.5020978109199927,0.9027750754848928
BiITe,2d41b3dd1772,G->K,C,2.086,0.0,0.701,0.9040246564075758,0.919259222337323,1.4666666666666668,0.0008840256407309,60.000000002722,47458321,83,208.9804,-1.1454390733566138,1,0.2000000000000001,3,0.9472814340193428,0.919259222337323
MoSTe,2ea941c8bc3c,G->K,C,2.525,0.223,0.196,0.2656621523829215,0.2434765337283689,1.2833333333333334,0.0411535149851004,59.99999999294942,7311616,52,127.6,-1.4219252422262485,1,0.4499999999999999,3,1.2618808131967216,0.2434765337283689
MoW3S8,2f6f133abcc8,X->G,V,2.241,0.0,1.552,0.2120919784501239,0.2250064564826057,1.2666666666666666,3.136699555755772,180.0,29986576,74,183.84,-7.612064738401055,0,0.4499999999999999,3,0.4928412072270539,0.2120919784501239
BiBrTe,304bc6a92d82,M->K,V,1.13,0.0,0.878,0.8941369584845804,0.9109066585302884,1.3833333333333335,0.0005583941977259,120.00000003531756,47458321,83,208.9804,-1.3430495846442807,0,0.4500000000000002,3,0.4822187332200551,0.8941369584845804
WMo3Te8,323fb700d903,X->G,V,1.501,0.005,0.923,0.3014358700618786,0.1389700062296471,1.3999999999999997,1.3671358938247664,180.0,29986576,74,183.84,-5.5965905455168485,0,0.0999999999999998,3,0.4424422917230035,0.3014358700618786
ISbSe,343d2125478e,G->M,C,1.17,0.13,1.078,0.8991816494298284,0.9133427007098202,1.3333333333333333,0.0069196776377032,30.000000008527763,7890481,53,126.90447,-1.7065867568448423,1,0.3,3,0.8949702655375834,0.9133427007098202
Pb2Te6,3995fa1bee6e,X->G,V,3.064,0.129,0.322,0.8986972744902609,0.8492620158711233,1.6,0.1094597910138744,-89.99999999999618,45212176,82,207.2,-0.8882105882433932,0,0.4000000000000001,2,0.6550420643429944,0.8986972744902609
PbTe,3bc08d486d65,M->G,C,2.18,0.198,1.151,0.9311785526870192,0.7994363268899549,1.6,0.0,-149.99999994206163,45212176,82,207.2,-0.9915597672752968,1,0.4000000000000001,2,0.838965133275026,0.7994363268899549
TiHf3Se8,3e1923c616ad,S->Y,V,1.256,0.166,0.722,0.7987767433307077,0.1594418578290933,1.3666666666666665,0.9230429099485018,-130.86288740334143,26873856,72,178.49,-4.231574847838632,0,0.4000000000000001,3,0.6817769519190183,0.7987767433307077
MoCr3S8,3fb52099b370,X->G,V,1.221,0.011,0.922,0.1542812240567189,0.1108407663341692,1.2833333333333332,3.857342355269868,180.0,3111696,42,95.94,-8.04317903574509,0,0.4499999999999999,3,0.5089338888504535,0.1542812240567189
BiIS,40034665f9f1,G->K,C,1.254,0.14,0.848,0.946845373751356,0.9381116900544376,1.3333333333333333,0.007500126553475,60.00000001923997,47458321,83,208.9804,-1.7375633212545818,1,0.6000000000000001,3,1.0248959993412865,0.9381116900544376
BiISe,433f707c632c,G->K,C,1.255,0.114,0.84,0.937149742562862,0.9338553284954838,1.3833333333333335,0.0059162551830455,59.9999999840954,47458321,83,208.9804,-1.694702628771762,1,0.4500000000000002,3,1.0067574988407075,0.9338553284954838
Mo2W2S8,449640ec4d30,X->G,V,1.954,0.0,1.553,0.2072633880549644,0.2146805678678273,1.2666666666666666,3.1563783751913133,180.0,29986576,74,183.84,-7.619636307954917,0,0.4499999999999999,3,0.4929269382629725,0.2072633880549644
BiBrS,49b7be14f786,G->K,C,1.293,0.0,1.227,0.8440266668986302,0.9145043455561068,1.25,0.0011259988292006,60.00000000111791,47458321,83,208.9804,-1.4945848587115471,1,0.6000000000000001,3,1.01984466959216,0.9145043455561068
ISSb,4c49d27e66e5,G->K,C,0.907,0.185,0.872,0.9067714092588202,0.9212175840416548,1.2833333333333334,0.0086849318837883,59.99999995624205,7890481,53,126.90447,-1.7393680220677954,1,0.4499999999999999,3,1.053275219043613,0.9212175840416548
Ga2P2Te6,4cb4ea247ef4,X->G,V,3.828,0.173,0.314,0.7732005190484386,0.6736048722630876,1.2333333333333334,1.026507869199079,-149.99867077296796,7311616,52,127.6,-5.899312808884923,0,0.3999999999999999,3,0.514279520367045,0.7732005190484386
BrSSb,4da5c6be60db,M->K,V,2.39,0.028,1.233,0.7806803560540508,0.8606994436980863,1.2,0.0029502106564928,120.0000000338442,6765201,51,121.76,-1.5240643400375835,0,0.4499999999999999,3,0.5251007206538862,0.7806803560540508
TiZr3Te8,4f1ab08988cc,S->Y,V,1.679,0.115,0.21,0.6849715466889554,0.1347440193725061,1.45,0.4312365072138929,-130.83623677816092,7311616,52,127.6,-2.594167070404482,0,0.1500000000000001,3,0.64100327457215,0.6849715466889554
AsClTe,4fd8ad708fb0,M->G,V,2.895,0.018,1.496,0.8748022705579596,0.850388063665775,1.1833333333333331,0.0035557579678532,-150.0000000286525,7311616,52,127.6,-1.6570281070707489,0,0.3999999999999999,3,0.9231592910645846,0.8748022705579596
ZrTi3Se8,52a5e2b280d4,S->Y,V,1.091,0.131,0.571,0.7405566209593908,0.1154653629793862,1.3666666666666665,1.604193444789698,180.0,2560000,40,91.224,-5.520923176146662,0,0.4000000000000001,3,0.442250105267947,0.7405566209593908
Cr2W2Se8,548aa830244c,X->G,V,1.39,0.015,0.778,0.1687729940064901,0.1398028194256778,1.3,2.771791624354439,180.0,29986576,74,183.84,-7.354265546555169,0,0.25,3,0.4793947859215572,0.1687729940064901
Cr2W2S8,5974b6403c31,X->G,V,1.592,0.014,0.967,0.1681267075821846,0.157123881369535,1.25,3.603055858591344,180.0,29986576,74,183.84,-7.957311854022141,0,0.3999999999999999,3,0.5015256071709622,0.1681267075821846
ISSb,5b94060698bc,M->K,V,2.844,0.041,1.276,0.8378311435722494,0.881194264676874,1.2833333333333334,0.0015724099342213,119.99999995640523,7890481,53,126.90447,-1.410241841021329,0,0.4499999999999999,3,0.5129153257993856,0.8378311435722494
MoW3Te8,5c3fe56a1a89,X->G,V,2.045,0.018,0.825,0.2850819868146655,0.1412364257262718,1.3999999999999997,1.3576580767550253,180.0,29986576,74,183.84,-5.580578624452043,0,0.0999999999999998,3,0.4424556895758597,0.2850819868146655
P2Sb2Se6,5d1a32a28ffa,X->G,V,2.546,0.058,1.004,0.8096352520917903,0.8238161694562693,1.2,1.0938007335282762,-150.05171859821505,6765201,51,121.76,-6.232078086502242,0,0.4499999999999999,3,0.51189309863108,0.8096352520917903
AsISe,5d829e480507,M->K,V,1.626,0.0,1.164,0.8922939066570377,0.8797309545139917,1.2333333333333332,0.0044688300315145,120.00000000009142,7890481,53,126.90447,-1.500165667592836,0,0.25,3,0.5323511028510831,0.8922939066570377
PbS,5e4ff1f56b4a,M->G,C,1.241,0.231,1.979,0.8989011752508484,0.774841563510968,1.4,0.0,-150.00000001782004,45212176,82,207.2,-0.9024573056510994,1,0.8,2,0.9185856251440868,0.774841563510968
Cr2Mo2Se8,60065d3bbcf2,X->G,V,1.173,0.016,0.837,0.1629753879269453,0.1203719765762379,1.3333333333333333,2.809348343827074,180.0,3111696,42,95.94,-7.37498517432899,0,0.3,3,0.4801730141865662,0.1629753879269453
Cr2W2Te8,62bb754c4cb2,G->X,V,1.535,0.082,0.512,0.2157043936857912,0.1016518741458471,1.3833333333333335,1.6925072948691413,0.0,29986576,74,183.84,-6.0563306131818315,0,0.0499999999999998,3,0.4463802575800266,0.2157043936857912
CrMo3S8,644f7c1c85c7,X->G,V,1.46,0.011,1.206,0.1854065113491833,0.1518783583282624,1.2833333333333332,3.4008998090369,180.0,3111696,42,95.94,-7.727094100701533,0,0.4499999999999999,3,0.4978233991020008,0.1854065113491833
WCr3Te8,6523c349753c,X->G,V,0.99,0.097,0.459,0.1806309371731511,0.0927822494170908,1.3833333333333335,1.804437740667562,180.0,29986576,74,183.84,-6.102950200405859,0,0.0499999999999998,3,0.4491086712505335,0.1806309371731511
AsBrTe,671e6de2497a,G->M,C,0.694,0.163,1.098,0.927546211775732,0.909375314729425,1.2333333333333332,0.0109743048528379,29.999999954309573,7311616,52,127.6,-1.827950774139872,1,0.25,3,0.9379071669776948,0.909375314729425
SeTeW,6e2a4c6f4f57,M->G,C,1.394,0.042,1.058,0.2588201614869204,0.1379246426011634,1.3,0.0046657804929235,-150.0000000328296,29986576,74,183.84,-1.7515391769253403,1,0.25,3,1.0567376458491684,0.1379246426011634
BiISe,70cbc0e44d36,G->K,C,2.089,0.0,0.929,0.9060614974704904,0.9184150831842453,1.3833333333333335,0.0011172221661371,60.00000000925636,47458321,83,208.9804,-1.27569862429879,1,0.4500000000000002,3,0.9804258086590304,0.9184150831842453
HfZr3Se8,70e7ab872359,G->S,V,0.95,0.15,0.819,0.8422121530840236,0.1814864790882361,1.4166666666666667,1.1364134093862193,49.07480172352387,26873856,72,178.49,-4.550265692310671,0,0.4000000000000001,3,0.6492462806165705,0.8422121530840236
Cr2Mo2S8,72b286460831,X->G,V,1.344,0.017,1.039,0.1786805448398726,0.1411907674565237,1.2833333333333332,3.65492256512691,180.0,3111696,42,95.94,-7.98336742632467,0,0.4499999999999999,3,0.5027963452538358,0.1786805448398726
STeW,75ee10091f43,G->K,C,3.947,0.086,1.168,0.293574412341913,0.1498061527142361,1.25,0.0050494758077243,60.00000001562721,29986576,74,183.84,-1.678734213870113,1,0.3999999999999999,3,1.2458135472996588,0.1498061527142361
S2Sn2,7a8373382b33,Y->G,C,4.469,0.043,1.434,0.7185895220588732,0.8186754780085288,1.225,0.0506262881642868,-90.0,6250000,50,118.71,-2.3235848149122487,1,0.4499999999999999,2,0.7730655510920621,0.8186754780085288
BiClSe,7fe9c5cb910c,M->G,C,0.746,0.119,1.601,0.9114345157094904,0.93294310439798,1.25,0.011333953476045,-149.99999999593345,47458321,83,208.9804,-1.877884853550792,1,0.6000000000000001,3,0.9004022087395867,0.93294310439798
Hf2Zr2Se8,81af2831dbb2,G->S,V,0.698,0.158,0.845,0.8295197197316269,0.190363806457994,1.4166666666666667,1.1447489134690554,49.06672007808193,26873856,72,178.49,-4.5718633959163295,0,0.4000000000000001,3,0.6502606272496572,0.8295197197316269
P2Sb2Te6,82b85dfd7723,X->G,V,2.596,0.14,0.633,0.8244461820584097,0.8318788232153959,1.2833333333333332,0.6539552019665499,150.08738780717383,7311616,52,127.6,-5.494309473272709,0,0.4499999999999999,3,0.3185850856454946,0.8244461820584097
Ti2Zr2Se8,846b50801a93,Y->S,V,1.767,0.142,0.616,0.7638579163771706,0.1319633735503248,1.3666666666666665,1.054854130826018,49.17901520778983,2560000,40,91.224,-4.49528086270106,0,0.4000000000000001,3,0.687479174779775,0.7638579163771706
MoCr3Te8,899032b4ad0c,G->Y,V,1.409,0.087,0.481,0.1895688272224866,0.1019344113918172,1.4166666666666667,1.5343923781805922,90.0,7311616,52,127.6,-4.476850256412183,0,0.05,3,0.4496904811641848,0.1895688272224866
STeW,916afba26723,M->G,C,3.622,0.266,0.191,0.2260818398707595,0.3590873032806925,1.25,0.0408814073123662,-149.9999999785103,29986576,74,183.84,-1.4242995656213564,1,0.3999999999999999,3,1.0910434248861145,0.3590873032806925
MoCr3Se8,961c37d6e527,X->G,V,0.977,0.01,0.726,0.158679447921649,0.1159971336328279,1.3333333333333333,2.968544820496833,180.0,3111696,42,95.94,-7.43064238743913,0,0.3,3,0.4844763113946748,0.158679447921649
BiClTe,968a6902b7f5,M->K,V,1.175,0.0,0.938,0.901195181671016,0.9106283567992832,1.3333333333333333,0.0007074822080398,119.99999995915002,47458321,83,208.9804,-1.4805482147981084,0,0.6000000000000001,3,0.4866569930768196,0.901195181671016
Cr2Mo2Te8,988b11badabb,X->G,V,1.105,0.067,0.575,0.2124826412893839,0.1041993926048926,1.4166666666666667,1.708587639699576,180.0,7311616,52,127.6,-6.07740240612844,0,0.05,3,0.4471347844703027,0.2124826412893839
BiClS,99fd027b1d0b,M->G,C,0.461,0.12,1.841,0.909282666768928,0.9372956282273632,1.2,0.0127492878351768,-149.99999999570173,47458321,83,208.9804,-1.87593975146013,1,0.6000000000000001,3,0.9191238873945335,0.9372956282273632
WMo3S8,9c2979187585,X->G,V,1.816,0.0,1.582,0.2052901218121179,0.207664962128622,1.2666666666666666,3.1573920200576935,180.0,29986576,74,183.84,-7.620831497352341,0,0.4499999999999999,3,0.4930137227228399,0.2052901218121179
PbSe,a0dbdc6630fa,M->G,C,1.603,0.217,1.68,0.9241098190833938,0.7879851211433209,1.475,0.0,-150.0000000273454,45212176,82,207.2,-0.9480257641880072,1,0.6500000000000001,2,0.8896008375799469,0.7879851211433209
TiZr3Se8,a148361e5e9a,S->Y,V,1.321,0.144,0.701,0.8026965681371502,0.1449765152582613,1.3666666666666665,0.8654389572979732,-130.87219067532004,2560000,40,91.224,-4.2838574687819655,0,0.4000000000000001,3,0.6785193304136014,0.8026965681371502
Mo2W2Se8,a1d716aad84d,X->G,V,1.784,0.0,1.288,0.2050796246622059,0.1834049364521039,1.3166666666666669,2.3531099345395177,180.0,29986576,74,183.84,-6.91151139312337,0,0.3,3,0.4730773974396558,0.2050796246622059
CrMo3Se8,a7233837cfe9,Y->S,V,1.311,0.01,0.971,0.2003083671083162,0.1477262102974496,1.3333333333333333,1.947957011223222,0.0,3111696,42,95.94,-6.484813107670166,0,0.3,3,0.4764667324798435,0.2003083671083162
BiClSe,a80866a2c6b4,M->G,C,3.032,0.0,1.139,0.8702984144182764,0.9014430142409324,1.25,0.0002768495591408,-150.00000004311804,47458321,83,208.9804,-1.5649367566501076,1,0.6000000000000001,3,0.8749546267614479,0.9014430142409324
BiITe,a84d988e38ac,M->G,C,0.467,0.11,0.691,0.934812594962855,0.9417767775687268,1.4666666666666668,0.0039598906357175,-149.9999999925854,47458321,83,208.9804,-1.5876488921019578,1,0.2000000000000001,3,0.8444810989227988,0.9417767775687268
CrW3S8,a9f87eba4b96,X->G,V,1.909,0.009,1.144,0.1919601306899144,0.1713770613500185,1.25,3.359788364660403,180.0,29986576,74,183.84,-7.718560393486372,0,0.3999999999999999,3,0.4969695910515046,0.1919601306899144
 ,aa9a981d89aa,G->Y,V,4.457,0.054,0.875,0.8340700960545168,0.8638507706444664,1.25,0.9747157556120232,59.95906716716718,47458321,83,208.9804,-6.0391530199664984,0,0.6000000000000001,3,0.871399632820466,0.8340700960545168
BiIS,acdcd16c0d76,G->M,C,1.858,0.014,1.139,0.903623557863302,0.9238137730702656,1.3333333333333333,0.0007522787577415,30.000000062727228,47458321,83,208.9804,-1.3587895036116344,1,0.6000000000000001,3,0.8651536960797074,0.9238137730702656
AsIS,b13beafa16aa,M->K,V,2.033,0.064,1.395,0.8936670822854337,0.8952076420903963,1.1833333333333331,0.0050023399006459,119.99999999043432,7890481,53,126.90447,-1.529546443959513,0,0.3999999999999999,3,0.5448908289780512,0.8936670822854337
ZrHf3Se8,b8fb10416122,S->G,V,0.725,0.165,0.843,0.8326247051860165,0.2009389569933805,1.4166666666666667,1.20096235991069,-130.89648561884889,26873856,72,178.49,-4.72816793369376,0,0.4000000000000001,3,0.6515476384127739,0.8326247051860165
BiClTe,badda86cab42,M->G,C,1.458,0.129,0.948,0.9359477403697092,0.9378360161127248,1.3333333333333333,0.0087227757335184,-150.00000004401488,47458321,83,208.9804,-1.8466459590889532,1,0.6000000000000001,3,0.867589079537795,0.9378360161127248
Mo2W2Te8,c04fc052f2ca,X->G,V,1.645,0.011,0.879,0.2958079752151466,0.1399480237647956,1.3999999999999997,1.3681197368364582,180.0,29986576,74,183.84,-5.595967636034228,0,0.0999999999999998,3,0.4424986708726083,0.2958079752151466
HfTi3Se8,c55716558616,S->Y,V,1.191,0.137,0.589,0.7409042099373613,0.1172884570017979,1.3666666666666665,1.606444877477826,180.0,26873856,72,178.49,-5.518753232956513,0,0.4000000000000001,3,0.4429393083016168,0.7409042099373613
WCr3Se8,c798e725e2fb,X->G,V,1.16,0.009,0.698,0.1467562156481204,0.1196259650218804,1.3,2.946532368703589,180.0,29986576,74,183.84,-7.421360918326534,0,0.25,3,0.4838860737463775,0.1467562156481204
BiClS,c96ef4fc869c,G->K,C,1.181,0.0,1.334,0.8399466536166024,0.9094579449330604,1.2,0.0007471850235111,59.99999998775802,47458321,83,208.9804,-1.6073981053740565,1,0.6000000000000001,3,1.0296332609556476,0.9094579449330604
Hf2Ti2Se8,cce78d90e899,S->Y,V,1.409,0.156,0.656,0.7652933296496389,0.1370649042205264,1.3666666666666665,1.0748969259127437,-130.82723326206678,26873856,72,178.49,-4.508031065370729,0,0.4000000000000001,3,0.6894926332284319,0.7652933296496389
Bi2P2Te6,cf7927ab6730,G->Y,C,1.814,0.14,0.507,0.8519428236956959,0.8422307722599669,1.3333333333333333,0.5918194214520243,90.00000000000001,47458321,83,208.9804,-5.299368183687756,1,0.6000000000000001,3,0.4701919578107924,0.8422307722599669
SeSn,d59c96fdfda1,M->K,V,0.873,0.098,2.156,0.8617318463089176,0.772294966413053,1.2999999999999998,0.0,119.9999999735,6250000,50,118.71,-0.9211098744428414,0,0.3,2,0.5360883575173945,0.8617318463089176
ClSbTe,da5fd2bb47af,M->G,V,2.891,0.008,1.291,0.8418724917890628,0.8448925848104843,1.2833333333333332,0.0002165302110698,-149.99999999664146,7311616,52,127.6,-1.536200247079298,0,0.4499999999999999,3,0.864844264440327,0.8418724917890628
WCr3S8,dc4259e69783,X->G,V,1.317,0.009,0.887,0.134076482189789,0.1114644811375034,1.25,3.833981866419253,180.0,29986576,74,183.84,-8.030008719758085,0,0.3999999999999999,3,0.5082769606129934,0.134076482189789
BiBrSe,de5756e4fbfa,G->M,V,2.784,0.0,1.03,0.8708858861095728,0.9086603729103896,1.3,0.0012482141592709,29.999999951474244,47458321,83,208.9804,-1.4344881772579616,0,0.4500000000000002,3,0.8660743858015657,0.8708858861095728
ISbSe,df0019ec24b5,M->K,V,2.431,0.0,1.061,0.8444249438246081,0.8702194028528185,1.3333333333333333,0.001885196535515,120.00000004774289,7890481,53,126.90447,-1.3390300966537332,0,0.3,3,0.5025132594315503,0.8444249438246081
SnTe,e688959ea45b,M->K,V,0.806,0.119,1.592,0.9092975411969436,0.7702073113614514,1.4249999999999998,0.0,119.99999994329718,7311616,52,127.6,-0.979869903702334,0,0.05,2,0.501918842563446,0.9092975411969436
GeTe,eadd37f03ca5,M->K,V,0.952,0.087,1.488,0.9154990873691008,0.7472070142516989,1.325,0.0,119.99999998974371,7311616,52,127.6,-0.9280087176869792,0,0.1499999999999999,2,0.5311067854214876,0.9154990873691008
CrW3Te8,eef072f845ce,X->G,V,1.592,0.056,0.563,0.2267102691969866,0.1224285422660796,1.3833333333333335,1.5251605549995362,180.0,29986576,74,183.84,-5.531289037505022,0,0.0499999999999998,3,0.4441904140495213,0.2267102691969866
BrSbTe,f1e78a09001d,M->K,V,1.315,0.13,1.331,0.882771812071691,0.9164275283284804,1.3333333333333333,0.0076894500190178,120.00000004255,7311616,52,127.6,-1.7697417410307712,0,0.3,3,0.5094793582155445,0.882771812071691
BiBrTe,f4f45fcade85,M->K,V,0.498,0.117,0.916,0.9275593381609089,0.9381112972308486,1.3833333333333335,0.0065832957009888,120.00000005740532,47458321,83,208.9804,-1.7534460616403398,0,0.4500000000000002,3,0.4960869002361393,0.9275593381609089
ClSbSe,f705a30af945,M->K,V,1.483,0.146,1.68,0.8438826392372596,0.9143032462366278,1.2,0.0122234655218269,119.99999996677256,6765201,51,121.76,-1.8707371906356771,0,0.4499999999999999,3,0.5345228435310069,0.8438826392372596
AsClTe,fba4cc0df459,G->K,C,0.634,0.194,1.316,0.9271260695172412,0.9136992993085054,1.1833333333333331,0.0126639581169268,59.99999995613801,7311616,52,127.6,-1.8837798887421169,1,0.3999999999999999,3,1.0958219733293904,0.9136992993085054
