bs_m_eff_VBM,bs_m_eff_CBM,bs_m_eff_ratio,bs_VBM_kdist_to_gamma,bs_CBM_kdist_to_gamma,bs_VBM_at_gamma,bs_CBM_at_gamma,bs_band_gap_at_VBM_kpt,bs_band_gap_at_CBM_kpt,bs_VBM_curvature,bs_CBM_curvature,uid
-0.1904639484996219,0.2137300603671712,1.1221549382485658,1.2880082143862466,1.2880082143862466,0,0,1.4175,1.4175,-10.001892825422454,8.913112159924355,001e03f2c095
-0.05322587661880785,0.059739631017586274,1.122379466766297,0.546033289653497,0.5779851163021225,0,0,0.6365000000000001,0.661,-35.79086190807519,31.88837908019891,03bcf7dcdaf2
-0.15051443786525207,0.34130574366421534,2.267594713869038,0.0,1.028671740212299,1,0,1.6515999999999997,2.1719999999999997,-12.656593128331314,5.581505835642145,04fdd7d1ec5c
-0.26676805190851377,0.22546361481738797,0.8451672275010995,0.3190422940075173,0.3190422940075173,0,0,1.3204,1.3204,-7.141035016641746,8.449256885830275,05a06afa3b20
-0.2513918482407151,0.4386830628759908,1.745017055827279,0.3210230349463543,0.3431627515633853,0,0,0.9049,0.9059,-7.577811346435969,4.3425428543123745,0b7696e1f4c9
-0.5241313656199219,0.10521484295645087,0.20074135962461795,0.3339211654853308,0.012671135597121632,0,1,2.0646,1.5711000000000004,-3.634585000931667,18.105810420574333,0c0fbdaf8f4a
-0.22194623089243165,0.0950708980475267,0.42835103648866973,0.24557818936063985,0.025457657115143334,0,1,1.3168000000000002,1.2717,-8.58315994977755,20.037677555624594,0f02957b17cf
-0.11005145172391746,0.25676722292376586,2.333156163790638,0.0,1.0574090045095208,1,0,0.7195999999999999,1.6273,-17.31008514798162,7.419171256783013,114b3382699c
-0.48644260061712347,0.1756268349234205,0.36104328588945994,0.3465849432339163,0.03813216904833635,0,1,1.7236,1.6097,-3.916186611911106,10.84686176136265,11db0908d9ef
-0.35270509882790746,0.5234591546097359,1.4841269841271647,0.3002368056370845,0.32247656901760924,0,0,0.6667,0.668,-5.4011127322247505,3.6392524291991215,159f028a85d0
-0.43572550845997643,0.5221414390537327,1.1983265356650423,0.0,0.47374450154568526,1,0,0.13619999999999988,0.5449999999999999,-4.372018536929389,3.6484367213841455,1667d1443160
-0.581831895600884,0.3788538377668588,0.6511396859321358,0.0,0.4788179004125848,1,0,0.16959999999999997,0.46409999999999996,-3.2741415766363593,5.028324409299793,18e377cce57f
-0.42314036813145933,0.08153481243992144,0.19268975163010346,0.2967103969804769,0.012363922242176473,0,1,1.7843999999999998,1.4304999999999999,-4.502052140315205,23.364253169818603,18e62ba75259
-0.05297381700777479,0.038047533470446676,0.7182328104629985,0.012777521358325094,0.0,1,1,0.1493000000000002,0.1484000000000001,-35.96116171353878,50.068948660751005,1a3bdd1b142a
-0.37967566971394295,0.10445694850457367,0.27512152301798565,0.3345356505009882,0.012391200494556602,0,1,2.1349,1.9277999999999995,-5.017440283796099,18.237178352157102,1a3be826b3e0
-0.3695025808934145,0.1323353364148615,0.3581445523192016,0.35909027422411166,0.024764846498214598,0,1,1.9707,2.0730000000000004,-5.155579686057755,14.395248099328253,1dcd471c2288
-0.47095264871331677,0.09592605513836619,0.20368513777434832,0.32898277005479404,1.0150560288499502,0,0,2.9775,0.3879999999999999,-4.044992644599461,19.859046608892438,20f098bd3f31
-0.13777717936056588,0.3352816476748587,2.433506399469968,0.0,0.6723307751399487,1,0,2.4241,2.6500000000000004,-13.826672957315909,5.681790259654727,211bcb7f05d6
-0.20691667011678197,0.23910210240204632,1.1555477974157382,0.31904260387615974,0.3080410369017552,0,0,1.2767,1.2769000000000001,-9.206604759900856,7.96730760985436,24d6cc0a0fed
-1.0890308152153223,0.7026287008119053,0.6451871618279067,0.4184151771652012,0.2020007680762549,0,0,1.2162,1.0764999999999998,-1.7492617962544477,2.7112470609280894,287dcf4f1a19
-0.25033786740063374,0.09023061469758935,0.3604353413827992,0.21189075300574867,0.037863347104885245,0,1,1.0536999999999999,0.9194,-7.6097157005467775,21.11256812762127,2d41b3dd1772
-0.31328472735565804,0.2968681435606273,0.9475985186587352,1.2618795513159085,0.9649678291364122,0,0,0.512,0.43029999999999996,-6.080730510164127,6.416990308058955,2ea941c8bc3c
-0.19726752744082068,0.20616641372907718,1.0451107508858808,0.3285604762572311,0.3285604762572311,0,0,1.5525,1.5525,-9.656936570928993,9.240108345209691,2f6f133abcc8
-0.5183085884050229,0.07866003176239197,0.15176293336070384,0.2101991460526059,0.02531072953967458,0,1,1.3152,0.9426000000000001,-3.675416619782831,24.218144301726518,304bc6a92d82
-0.26243921032545786,0.21420093096584744,0.8161925601750255,0.2986485469130274,0.2986485469130274,0,0,0.9226000000000001,0.9226000000000001,-7.258823853484237,8.89351876955071,323fb700d903
-0.163615081293435,0.18897791053242013,1.1550152286603594,0.0,0.8950589932833278,1,0,1.3026,1.9588,-11.643180964372613,10.080543247795024,343d2125478e
-0.3984306702019827,0.3700183175310267,0.9286893434771162,0.7164579816038621,0.531820356981843,0,0,0.6642,0.5249,-4.781258428308917,5.148393767938968,3995fa1bee6e
-0.09470095302910021,0.08099465302582043,0.8552675599888837,0.0,0.0,1,1,1.1511999999999998,1.1511999999999998,-20.115953842773067,23.520071126086577,3bc08d486d65
-1.850976602104555,1.3438597364235054,0.7260274035314875,0.34326410363009174,0.5090428135753113,0,0,1.0710000000000002,0.8540999999999999,-1.0291864293876112,1.4175586546479106,3e1923c616ad
-0.4005591535332965,0.6507673000285646,1.6246471820409156,0.3429776727707646,0.35404087764659575,0,0,0.9224999999999999,0.9227000000000001,-4.755851871555462,2.9273136494663796,3fb52099b370
-0.16120686393614952,0.23198597841085075,1.4390576973368532,0.0,0.0633984907596187,1,0,0.8871,0.8954999999999997,-11.817114690318201,8.211703194519005,40034665f9f1
-0.16440721733437488,0.18298923117484514,1.1130243193805645,0.0,0.06214512688843919,1,0,0.8785999999999998,0.8835000000000002,-11.587082555661597,10.410448679243773,433f707c632c
-0.2196885463860066,0.21843922805144433,0.994313229546491,0.32861763022402285,0.32861763022402285,0,0,1.5534000000000001,1.5534000000000001,-8.671366948064717,8.720961051699724,449640ec4d30
-0.5500389219804753,0.17248607309488936,0.31358885017415566,0.3606762261586241,0.06218502872838195,0,0,1.8162000000000003,1.5812,-3.463391269004817,11.044369935606376,49b7be14f786
-0.15882538931886145,0.3895901728220202,2.4529464369192895,0.0,0.8994949761953512,1,0,1.3088,1.8205,-11.994303984833802,4.889753728131837,4c49d27e66e5
-0.1380680330084437,0.7798598509805136,5.648373732772889,0.23920924463538482,0.5938472152548405,0,0,0.5926,0.9428,-13.79754573517751,2.442746600693514,4cb4ea247ef4
-0.4417462379180925,0.14789129304581683,0.3347878948393862,0.37065914689660656,0.02526412233035923,0,1,1.9322000000000001,1.7953000000000001,-4.3124306139608155,12.881082860029018,4da5c6be60db
-0.5347394677818796,0.6863119098469411,1.2834510096922338,0.0,0.19018105830747448,1,0,0.23720000000000008,0.3389,-3.5624825074199498,2.7757058746435663,4f1ab08988cc
-0.5027678276515005,0.086424161803944,0.17189676238363033,0.35945553079679154,0.0,0,1,2.178,1.7718999999999998,-3.78902526221402,22.04244692961621,4fd8ad708fb0
-1.5524571726472067,0.8876872928380406,0.5717950282160641,0.3648563368460563,0.20459897670508553,0,0,0.8600000000000001,0.669,-1.227086990587732,2.14602598839676,52a5e2b280d4
-0.33825194382611534,0.7393793973591075,2.185883661142238,0.32331247273164476,0.2787182109556497,0,0,0.7824000000000001,0.7888999999999999,-5.6318966816619405,2.5764850992659794,548aa830244c
-0.31808106123824537,0.8199085144061264,2.577671588538898,0.33798512803101183,0.2725681339340602,0,0,0.9797,0.9900999999999999,-5.989039374378656,2.323429951669454,5974b6403c31
-0.5918415810697761,0.19841574193578163,0.33525143937527613,0.42021921594506106,0.06345630682830769,0,0,1.7344,1.6411,-3.218766745919812,9.601052726031002,5b94060698bc
-0.18558436788408034,0.2146836711816921,1.1567982456140258,0.2986575904637053,0.2875961982243088,0,0,0.8248,0.8254,-10.264873177195078,8.873520699148802,5c3fe56a1a89
-0.15446880535242144,0.31056810423141173,2.0105554873869123,0.2555462847804886,0.3407280389789384,0,0,1.0519,1.08,-12.332587124330585,6.133920302970131,5d1a32a28ffa
-0.12874450934020504,0.11018571808440389,0.8558479010024429,0.2778809685628872,0.037892943173044466,0,1,1.3913999999999997,1.3481,-14.796747525489199,17.288992013835603,5d829e480507
-1.0382135238575314,0.1293657345629312,0.12460417013473944,0.3868415476094944,0.012480094018412895,0,1,2.6561,2.082,-1.834882667413041,14.725692289663415,5e4ff1f56b4a
-0.3920197136512089,0.6629221336317747,1.6910428494970928,0.31267042026375286,0.2903375733739356,0,0,0.8391,0.8403,-4.8594494961927674,2.8736406635928486,60065d3bbcf2
-0.3214197439903249,0.38249566463340035,1.1900191938579663,0.301306673866518,0.27898766098751665,0,0,0.5153,0.5161,-5.926829436020404,4.980448606720368,62bb754c4cb2
-0.3118497530132455,0.6297163675314691,2.019294103801078,0.3318819341857345,0.3650708245570667,0,0,1.2098,1.2127,-6.108710946835629,3.0251714870739814,644f7c1c85c7
-0.388672808749158,0.5836018289071163,1.5015247163424847,0.3067079884224419,0.3286164076233854,0,0,0.4598,0.46130000000000004,-4.901294757744298,3.2642118404039344,6523c349753c
-0.15492393540231497,0.2860495666608861,1.846387170052561,0.0,1.0830008280597863,1,0,1.4999000000000002,1.9034999999999997,-12.296356886706961,6.659684970816236,671e6de2497a
-0.20931097945541943,0.26002463797461034,1.2422885729699251,1.2202143075648038,1.2202143075648038,0,0,1.0577,1.0577,-9.10129036210325,7.3262288329231735,6e2a4c6f4f57
-0.28103927615904134,0.14269269416053937,0.5077322149085985,0.2606207101609781,0.06336297070237407,0,0,1.229,1.1445,-6.7784119929271105,13.350368154495285,70cbc0e44d36
-1.193146780735795,0.5937640710402283,0.49764545370860686,0.3805346375683477,0.21641802888866216,0,0,1.2675,0.9096000000000002,-1.5966183128158098,3.2083450193653325,70e7ab872359
-0.3566844862991851,0.7214266891175287,2.0225905998961777,0.3279107036695751,0.28418954467168256,0,0,1.0438,1.0498,-5.340854657755134,2.6406009491141154,72b286460831
-0.8424550061693651,0.4441142177771946,0.5271666908320455,0.07400879959088354,1.2458123014861113,0,0,2.5065,1.2805,-2.261248358724838,4.2894370946613325,75ee10091f43
-0.11302013516193128,0.10796807824180264,0.9552994967410875,0.5716199201165272,0.6397782271660754,0,0,1.6024,1.7734999999999999,-16.855403661220038,17.64410398908471,7a8373382b33
-0.6886516521671694,0.17536503837401932,0.2546498477454457,0.34656462519325354,0.03713270389903505,0,1,1.9192999999999998,1.7415,-2.7662752191256827,10.863054675339606,7fe9c5cb910c
-1.314646365842765,0.611836015721792,0.4653996934982355,0.36998041279151056,0.20228086539162723,0,0,1.2898999999999998,0.9314,-1.4490588872383061,3.1135793759258243,81af2831dbb2
-0.11225512012313141,0.30649233379465285,2.7303194140139424,0.214853985038866,0.28464314934978086,0,0,0.6548,0.7089,-16.970272695895087,6.215489883268445,82b85dfd7723
-0.34097127176371494,0.7261313736922639,2.129596930369711,0.5627683985225144,0.2160088796446879,0,0,0.6389999999999998,0.7424999999999997,-5.58698095046588,2.6234922068073914,846b50801a93
-0.4539746024399886,0.6045796864336097,1.3317478184553941,0.3122848565015811,0.3247763586873599,0,0,0.48140000000000005,0.48219999999999996,-4.196269989028349,3.1509493996358287,899032b4ad0c
-0.8854657999803214,0.3890176851832782,0.4393367707616982,1.2598271689337863,0.9355170954881019,0,0,0.4971,0.44420000000000004,-2.151410026273558,4.896949605523708,916afba26723
-0.4340055032608701,0.6783443580641281,1.562985614162574,0.3193134920771162,0.34133584728787253,0,0,0.7280000000000001,0.7271,-4.389345263336329,2.8083081658356015,961c37d6e527
-0.15730771472940602,0.07556296208126381,0.48035127972740543,0.0,0.02464139015882312,1,1,0.9491,0.9450999999999996,-12.110022723786301,25.210763944791857,968a6902b7f5
-0.3967351322871838,0.42363242939141993,1.0677966101695426,0.29063760990569676,0.29063760990569676,0,0,0.5754,0.5754,-4.801692224778903,4.4968228771736785,988b11badabb
-0.6479551197160156,0.24205866655468616,0.37357319849679577,0.4120398547410683,0.03777231527636575,0,1,2.1900999999999997,2.2222,-2.940018439602606,7.869992953008441,99fd027b1d0b
-0.24437116356500702,0.23281867279902346,0.9527256383386234,0.32867548647274475,0.32867548647274475,0,0,1.5819999999999999,1.5819999999999999,-7.795518801027588,8.182333388887828,9c2979187585
-1.1141468008647382,0.09615163189853485,0.08630068481452116,0.12376285636276244,0.0,0,1,1.9185,1.7376,-1.7098285419133692,19.812456246299323,a0dbdc6630fa
-1.1568333492633056,0.6842824808778896,0.5915134460064227,0.39673945656034215,0.21911594234532933,0,0,1.0799999999999998,0.8139000000000003,-1.6467367587674937,2.7839379981729326,a148361e5e9a
-0.2370684062649449,0.2528524285253931,1.0665800327809525,0.3190519122264578,0.30805002427160116,0,0,1.2892000000000001,1.289,-8.035655319971207,7.534038771586043,a1d716aad84d
-0.3471212178988249,0.6845853056293765,1.9721793723047836,0.32133774078559113,0.35457987177724487,0,0,0.974,0.9782,-5.4879964167308515,2.782706529537075,a7233837cfe9
-0.5857451996712619,0.11471265745808326,0.19584054213754293,0.24946083659386728,0.03804127726233423,0,1,1.6334999999999997,1.3472,-3.252267369957354,16.60671143196294,a80866a2c6b4
-0.12105775502306437,0.11996888038560807,0.9910053293384729,0.0,0.03781248568536724,1,1,0.7154999999999999,0.7134999999999999,-15.73629049735023,15.879117933558136,a84d988e38ac
-0.23801261040050964,0.49410412433760825,2.0759577549532655,0.3313127293879424,0.36444469808416413,0,0,1.149,1.1519,-8.003777601507794,3.8554626568920605,a9f87eba4b96
-0.13598993854436933,0.16225132076765497,1.1931126854264837,0.25144758572661846,0.22749971766201532,0,0,0.8828999999999998,0.8814999999999997,-14.00838929990734,11.7410446398028,aa9a981d89aa
-0.17621082706135063,0.22918492966780005,1.3006291014570042,0.0,0.08633401196724666,1,0,1.2098,1.2186000000000001,-10.8109134482227,8.31206485854575,acdcd16c0d76
-0.14244450176177206,0.15356985213877336,1.078103052342502,0.0,0.04953711504405259,1,1,1.4284,1.4308,-13.3736295640668,12.404778499614281,b13beafa16aa
-1.3624147191908738,0.6661902810289726,0.4889776010527963,0.35921262839859885,0.18830863076860355,0,0,1.2868000000000002,0.9263999999999997,-1.3982526562333113,2.8595433680863795,b8fb10416122
-0.10296363843452933,0.11954551819940994,1.1610459771720714,0.0,0.024734579709550987,1,1,0.9531999999999998,0.9589000000000001,-18.50167718394409,15.935352731687795,badda86cab42
-0.22406126928860506,0.2583503289686616,1.1530343007915842,0.2986866028390106,0.2876241360671954,0,0,0.8809,0.8805999999999999,-8.502138750031982,7.373708435382252,c04fc052f2ca
-0.8494361698777476,0.899909079341839,1.0594193080703822,0.0,0.20492967446728605,1,0,0.6172999999999997,0.6638999999999999,-2.2426640959663526,2.116880520189049,c55716558616
-0.39738808316072566,0.6887324198177586,1.7331481466171625,0.3189244723454999,0.3409199977137153,0,0,0.6999,0.6987000000000001,-4.793802533906164,2.765950818031872,c798e725e2fb
-0.8670636319992201,0.16084002056684613,0.1854996734161153,0.34734678058338775,0.04962008611197457,0,1,1.9855000000000003,1.5955999999999997,-2.197070583628992,11.844067125123688,c96ef4fc869c
-0.3697466340684287,2.1436995862879575,5.797752808998458,0.5596877897862784,0.5195868723707783,0,0,0.6734,0.73,-5.152176719064989,0.8886506356511964,cce78d90e899
-0.10095154785553483,0.11247211609201663,1.1141197780639098,0.21701145582407752,0.19289907184362445,0,0,0.5226999999999999,0.5155,-18.8704387447939,16.937531418378093,cf7927ab6730
-0.7618270786498769,0.4894060500734355,0.6424109404732231,0.4683074893469775,0.7122993900719775,0,0,2.9748,2.5497,-2.500567456037496,3.8924733352073484,d59c96fdfda1
-0.6301094706971463,0.07655860963505287,0.12150049030424706,0.3452065428531606,0.0,0,1,2.0613,1.5485000000000002,-3.0232841888447237,24.882897025964056,da5fd2bb47af
-0.37862037839457613,0.726275293115298,1.9182150104937463,0.3425349596345449,0.3646338253280766,0,0,0.8886,0.8907,-5.031424901315586,2.6229723330235557,dc4259e69783
-0.4148306677549508,0.12357595276235629,0.29789493007145557,0.25927466337836774,0.0493857930325308,0,1,1.4815,1.2826,-4.592235213249285,15.41562057517311,de5756e4fbfa
-0.47282910653956,0.1399060120206914,0.29589128521424035,0.3474155574043401,0.05045758230611727,0,0,1.5413,1.5336999999999998,-4.028939787446472,13.616284050168339,df0019ec24b5
-0.09996419461616575,0.29709536428645783,2.972017785240206,0.0,0.5669667722747833,1,0,1.7998000000000003,2.2218999999999998,-19.056823368753797,6.412082546542896,e688959ea45b
-0.08705047659201184,0.25209141320210077,2.895922263396704,0.0,0.5670637427492898,1,0,1.7012,2.2556,-21.88385491475657,7.5567825805822615,eadd37f03ca5
-0.2281269214728089,0.3261649373123449,1.4297520661156224,0.2998285294834269,0.3220380501859029,0,0,0.5652999999999999,0.5667,-8.350614595161064,5.8406032717603775,eef072f845ce
-0.39096148498718664,0.3248165269322862,0.8308146439103374,0.33551049904991076,1.0189576987117233,0,0,1.6088,1.9170000000000003,-4.872602732370004,5.8648493597037055,f1e78a09001d
-0.11928358895447698,0.11747376898413314,0.9848275862068961,0.0,0.025272193877428704,1,1,0.9271000000000003,0.9263999999999999,-15.970344426231327,16.216386147083636,f4f45fcade85
-0.49062119655351605,2.0107203049031694,4.098315195160639,0.3853535535868088,0.8243600292380062,0,0,2.0834,2.4665,-3.882832648450822,0.9474216753840059,f705a30af945
-0.17942198684272118,0.3231049375819203,1.8008101641698442,0.0,1.095820877507417,1,0,1.7548,2.0919,-10.617427849965214,5.895917327221298,fba4cc0df459
