janus_z_range,janus_z_std,janus_n_layers,janus_z_dipole_Z,janus_z_dipole_X,janus_z_dipole_mass,janus_z_dipole_Z_abs,janus_z_dipole_X_abs,janus_z_dipole_mass_abs,janus_top_bot_meanZ,janus_top_bot_meanX,janus_top_bot_meanZ_abs,janus_top_bot_meanX_abs,uid
3.2510144100000007,1.3278705880245596,3,-0.2127535079569893,0.0049033219181134815,-0.2329597731167371,0.2127535079569893,0.0049033219181134815,0.2329597731167371,11.0,-0.08000000000000007,11.0,0.08000000000000007,001e03f2c095
3.155054309999999,1.463263874405754,2,6.991176456921824e-07,1.2294827572564111e-06,1.286886239543385e-06,6.991176456921824e-07,1.2294827572564111e-06,1.286886239543385e-06,0.0,0.0,0.0,0.0,03bcf7dcdaf2
3.6483584999999996,1.4894477623864473,3,0.5309071537499997,-0.26385768112175145,0.5890095350810879,0.5309071537499997,0.26385768112175145,0.5890095350810879,18.0,-0.5049999999999999,18.0,0.5049999999999999,04fdd7d1ec5c
3.3418101999999994,1.364102376190695,3,-2.575141247810952e-07,-2.7400661199790886e-06,-1.1191367580136389e-06,2.575141247810952e-07,2.7400661199790886e-06,1.1191367580136389e-06,-5.333333333333336,-0.033333333333333215,5.333333333333336,0.033333333333333215,05a06afa3b20
3.390761799999998,1.3480782368573503,3,2.733814350106247e-05,6.407299817380721e-06,3.0223609028500044e-05,2.733814350106247e-05,6.407299817380721e-06,3.0223609028500044e-05,-2.0,0.1434285714285708,2.0,0.1434285714285708,0b7696e1f4c9
3.2478999700000006,1.326315219594071,3,0.2816679433333335,-0.13222428390463936,0.3111957255040586,0.2816679433333335,0.13222428390463936,0.3111957255040586,25.5,-0.8600000000000003,25.5,0.8600000000000003,0c0fbdaf8f4a
3.7052842000000004,1.5150615206845033,3,-0.013031591410256628,-0.15817070942731298,0.0016702405832643588,0.013031591410256628,0.15817070942731298,0.0016702405832643588,-1.5,-0.585,1.5,0.585,0f02957b17cf
3.8066450200000013,1.5575438103477572,3,-0.0346092239855066,-0.1578277683381359,-0.01938389136139554,0.0346092239855066,0.1578277683381359,0.01938389136139554,-10.5,-0.52,10.5,0.52,114b3382699c
3.71352452,1.5189570063319995,3,0.03024233094298305,-0.11408691286852542,0.042097758889552875,0.03024233094298305,0.11408691286852542,0.042097758889552875,23.5,-0.6749999999999998,23.5,0.6749999999999998,11db0908d9ef
3.6876119999999997,1.453365297968796,3,-2.8688554181370323e-05,-4.883587944337906e-06,-3.432664933939627e-05,2.8688554181370323e-05,4.883587944337906e-06,3.432664933939627e-05,-4.857142857142854,-0.057714285714285385,4.857142857142854,0.057714285714285385,159f028a85d0
3.732103800000001,1.497674399563197,3,0.00048565099388192583,-3.2739754198514845e-05,0.0005182201286727051,0.00048565099388192583,3.2739754198514845e-05,0.0005182201286727051,14.57142857142857,-0.2308571428571431,14.57142857142857,0.2308571428571431,1667d1443160
3.714269299999999,1.4907449447245036,3,5.094435185129058e-05,-1.5035522774823552e-05,5.0898660177194846e-05,5.094435185129058e-05,1.5035522774823552e-05,5.0898660177194846e-05,-1.7142857142857153,-0.18799999999999994,1.7142857142857153,0.18799999999999994,18e377cce57f
3.5094367799999997,1.432816973430206,3,0.21743180311594265,-0.21382305094233403,0.25546108374248894,0.21743180311594265,0.21382305094233403,0.25546108374248894,16.5,-0.8849999999999998,16.5,0.8849999999999998,18e62ba75259
0.5127096399999997,0.25635481999999987,2,0.05437829515151557,-0.006252556585365418,0.05701373689570109,0.05437829515151557,0.006252556585365418,0.05701373689570109,28.0,-0.10000000000000009,28.0,0.10000000000000009,1a3bdd1b142a
3.0870583000000007,1.2608182409929019,3,0.31700508154762025,-0.12376572858048045,0.3595317635484176,0.31700508154762025,0.12376572858048045,0.3595317635484176,16.5,-0.7949999999999999,16.5,0.7949999999999999,1a3be826b3e0
3.14065289,1.2881789336970353,3,-0.33949541702381075,-0.09073224436960399,-0.3841471100145908,0.33949541702381075,0.09073224436960399,0.3841471100145908,-10.5,-0.5800000000000001,10.5,0.5800000000000001,1dcd471c2288
2.1540997500000003,0.7742734826292375,3,0.1147586552777775,-0.02684994534228762,0.11956180649590652,0.1147586552777775,0.02684994534228762,0.11956180649590652,49.333333333333336,-0.7399999999999998,49.333333333333336,0.7399999999999998,20f098bd3f31
1.4473597399999996,0.7236798699999998,2,-0.021929693030303024,-0.08569893197368418,-0.030169239963060642,0.021929693030303024,0.08569893197368418,0.030169239963060642,-2.0,-0.54,2.0,0.54,211bcb7f05d6
3.3523022000000005,1.3681649464493768,3,-6.989253729497145e-06,-2.8668825891750875e-06,-8.591165507753191e-06,6.989253729497145e-06,2.8668825891750875e-06,8.591165507753191e-06,4.571428571428569,-0.07199999999999918,4.571428571428569,0.07199999999999918,24d6cc0a0fed
3.235632749999999,1.3423047127069547,4,0.02032983241780652,0.00502197869874329,0.022334172980370676,0.02032983241780652,0.00502197869874329,0.022334172980370676,0.0,0.0,0.0,0.0,287dcf4f1a19
3.7731975799999997,1.5428414553904042,3,0.009864998191489347,-0.1623383431268437,0.02446077643696808,0.009864998191489347,0.1623383431268437,0.02446077643696808,14.5,-0.6000000000000001,14.5,0.6000000000000001,2d41b3dd1772
3.4781426799999995,1.4256943967060953,3,-0.5559958552727265,0.1172801461403514,-0.638597397389526,0.5559958552727265,0.1172801461403514,0.638597397389526,-23.0,0.27,23.0,0.27,2ea941c8bc3c
3.1392447000000008,1.28130849194572,3,4.136991496657048e-05,1.2425669352882339e-06,4.83575866359307e-05,4.136991496657048e-05,1.2425669352882339e-06,4.83575866359307e-05,-8.685714285714283,0.07885714285714318,8.685714285714283,0.07885714285714318,2f6f133abcc8
3.5647540499999986,1.455396963732713,3,0.1836212341764707,-0.21817242271186396,0.2099727088887172,0.1836212341764707,0.21817242271186396,0.2099727088887172,32.5,-0.8999999999999999,32.5,0.8999999999999999,304bc6a92d82
3.6140293000000003,1.4748130190427475,3,3.943950216754967e-06,1.1574245972808315e-06,4.1392202921038645e-06,3.943950216754967e-06,1.1574245972808315e-06,4.1392202921038645e-06,2.2857142857142847,0.04228571428571426,2.2857142857142847,0.04228571428571426,323fb700d903
3.8611589100000003,1.583679777590664,3,-0.25407645992753564,-0.04574788498622531,-0.2701192681732019,0.25407645992753564,0.04574788498622531,0.2701192681732019,-10.5,-0.3600000000000003,10.5,0.3600000000000003,343d2125478e
6.866516840000001,2.5677787536702747,4,-1.2107142855176097e-06,-2.559849360422688e-07,-1.2958610166845311e-06,1.2107142855176097e-06,2.559849360422688e-07,1.2958610166845311e-06,0.0,0.0,0.0,0.0,3995fa1bee6e
1.684506879999999,0.8422534399999994,2,0.1885642029850754,0.04372873390519272,0.20024902575866269,0.1885642029850754,0.04372873390519272,0.20024902575866269,30.0,0.22999999999999998,30.0,0.22999999999999998,3bc08d486d65
3.4056138000000002,1.3616752899695417,3,0.012369740529411253,-0.0009420444659447128,0.013563146656898086,0.012369740529411253,0.0009420444659447128,0.013563146656898086,18.685714285714283,-0.3337142857142852,18.685714285714283,0.3337142857142852,3e1923c616ad
3.0211332000000004,1.221452321325776,3,-6.109724515888295e-06,-7.041663065010873e-06,-6.992741138698559e-06,6.109724515888295e-06,7.041663065010873e-06,6.992741138698559e-06,-4.399999999999999,0.1388571428571428,4.399999999999999,0.1388571428571428,3fb52099b370
3.7833839800000018,1.5569234173486703,3,-0.3721154778070163,-0.04373177564738182,-0.3901237290781898,0.3721154778070163,0.04373177564738182,0.3901237290781898,-3.5,-0.3600000000000003,3.5,0.3600000000000003,40034665f9f1
3.90263985,1.6007945750160055,3,-0.1670658698039218,-0.047455942323651426,-0.16938302694506494,0.1670658698039218,0.047455942323651426,0.16938302694506494,5.5,-0.375,5.5,0.375,433f707c632c
3.1341132,1.2792344365365715,3,-1.9043777777522702e-05,-1.0697416887915389e-06,-2.2899938935485828e-05,1.9043777777522702e-05,1.0697416887915389e-06,2.2899938935485828e-05,-15.085714285714285,0.038857142857143145,15.085714285714285,0.038857142857143145,449640ec4d30
3.3519247599999993,1.3748474522363916,3,-0.1570403603482583,-0.10287482333333269,-0.16027470540527947,0.1570403603482583,0.10287482333333269,0.16027470540527947,14.5,-0.6600000000000001,14.5,0.6600000000000001,49b7be14f786
3.74108616,1.5392569184309013,3,-0.5395032952499992,-0.041707985432098305,-0.5911361322977602,0.5395032952499992,0.041707985432098305,0.5911361322977602,-19.5,-0.3450000000000002,19.5,0.3450000000000002,4c49d27e66e5
3.76752556,1.5454167316956218,5,0.006170374133664071,-0.0008492910339799624,0.006627090702943738,0.006170374133664071,0.0008492910339799624,0.006627090702943738,0.0,0.0,0.0,0.0,4cb4ea247ef4
3.3132016600000007,1.35891854904674,3,-0.2623375758823535,-0.10048665594202881,-0.287011851738581,0.2623375758823535,0.10048665594202881,0.287011851738581,-1.5,-0.645,1.5,0.645,4da5c6be60db
3.765035,1.5051575212304114,3,0.0001757551254487522,-3.594975966487957e-05,0.00017806955562468175,0.0001757551254487522,3.594975966487957e-05,0.00017806955562468175,0.8571428571428541,-0.2180000000000002,0.8571428571428541,0.2180000000000002,4f1ab08988cc
3.150898849999999,1.2865182027786783,3,0.5410292313725488,-0.22267484852150538,0.6108542269263608,0.5410292313725488,0.22267484852150538,0.6108542269263608,27.0,-0.5699999999999998,27.0,0.5699999999999998,4fd8ad708fb0
3.342918600000001,1.3370587631473858,3,-0.000221505238095868,6.208710056855247e-05,-0.00023130339221419217,0.000221505238095868,6.208710056855247e-05,0.00023130339221419217,0.17142857142857437,0.2608571428571427,0.17142857142857437,0.2608571428571427,52a5e2b280d4
3.3058071999999985,1.3264031575878221,3,0.00014322115384715972,3.1703498594470735e-05,0.00016016117898233232,0.00014322115384715972,3.1703498594470735e-05,0.00016016117898233232,16.666666666666668,0.2333333333333334,16.666666666666668,0.2333333333333334,548aa830244c
3.0958487000000012,1.2428371501041786,3,-5.611327161104122e-06,1.869675731530467e-06,-6.4609934702339055e-06,5.611327161104122e-06,1.869675731530467e-06,6.4609934702339055e-06,-16.114285714285714,0.010285714285714231,16.114285714285714,0.010285714285714231,5974b6403c31
3.4508757200000018,1.4226003000124017,3,-0.4935914105000014,-0.04078156016460989,-0.5408323039421369,0.4935914105000014,0.04078156016460989,0.5408323039421369,-19.5,-0.3450000000000002,19.5,0.3450000000000002,5b94060698bc
3.621625299999998,1.4775094512966063,3,2.833843137980473e-06,1.003256529022142e-06,2.884139483384077e-06,2.833843137980473e-06,1.003256529022142e-06,2.884139483384077e-06,0.4571428571428555,0.03085714285714225,0.4571428571428555,0.03085714285714225,5c3fe56a1a89
3.282650369999999,1.3782392359973485,4,-0.03680050355952344,-0.006302543880571462,-0.040058895663985086,0.03680050355952344,0.006302543880571462,0.040058895663985086,-7.25,0.13666666666666627,7.25,0.13666666666666627,5d1a32a28ffa
3.349527890000001,1.3749563930117965,3,-0.2829382281666656,-0.03660652280559201,-0.30622372281354726,0.2829382281666656,0.03660652280559201,0.30622372281354726,-19.5,-0.29499999999999993,19.5,0.29499999999999993,5d829e480507
1.4391638800000006,0.7195819400000004,2,0.4846164085714297,-0.03663859164969361,0.526712987950182,0.4846164085714297,0.03663859164969361,0.526712987950182,66.0,-0.25,66.0,0.25,5e4ff1f56b4a
3.3028154,1.3235372738883917,3,1.4962277227656775e-05,-3.2743937236690696e-07,1.5114456646123868e-05,1.4962277227656775e-05,3.2743937236690696e-07,1.5114456646123868e-05,2.857142857142854,-0.060571428571428054,2.857142857142854,0.060571428571428054,60065d3bbcf2
3.5880332,1.4343467549869933,3,4.458282679641345e-05,1.4216292269527218e-05,4.749278066584436e-05,4.458282679641345e-05,1.4216292269527218e-05,4.749278066584436e-05,7.885714285714286,0.09942857142857164,7.885714285714286,0.09942857142857164,62bb754c4cb2
3.1577258000000015,1.2579190950052033,3,-4.499976017457038e-06,1.161128330031998e-05,-5.3383213861518955e-06,4.499976017457038e-06,1.161128330031998e-05,5.3383213861518955e-06,-3.3714285714285737,0.16742857142857126,3.3714285714285737,0.16742857142857126,644f7c1c85c7
3.5279423999999997,1.4131400684133526,3,3.589913107909101e-05,1.1822812068006094e-05,3.917942586490343e-05,3.589913107909101e-05,1.1822812068006094e-05,3.917942586490343e-05,0.7428571428571473,-0.000571428571428445,0.7428571428571473,0.000571428571428445,6523c349753c
3.6304489199999983,1.483060010271881,3,0.2506396433333323,-0.21922122324125298,0.29895167621579055,0.2506396433333323,0.21922122324125298,0.29895167621579055,7.5,-0.8199999999999998,7.5,0.8199999999999998,671e6de2497a
3.4945708800000013,1.4278100518580412,3,-0.18081989795833425,0.11257112091773594,-0.2009204260095638,0.18081989795833425,0.11257112091773594,0.2009204260095638,2.0,0.355,2.0,0.355,6e2a4c6f4f57
3.6417467499999976,1.4947093193737857,3,-0.15284856623529192,-0.04534521233748104,-0.15470534101129618,0.15284856623529192,0.04534521233748104,0.15470534101129618,5.5,-0.375,5.5,0.375,70cbc0e44d36
3.4653408000000008,1.377584111951095,3,0.0021946566235634974,2.7625621513428803e-05,0.0025673863937027584,0.0021946566235634974,2.7625621513428803e-05,0.0025673863937027584,5.333333333333336,-0.004999999999999893,5.333333333333336,0.004999999999999893,70e7ab872359
3.0934279999999985,1.240017036936069,3,2.5431820513305707e-05,-2.6242173498817147e-06,2.938699188896322e-05,2.5431820513305707e-05,2.6242173498817147e-06,2.938699188896322e-05,6.9714285714285715,-0.06742857142857117,6.9714285714285715,0.06742857142857117,72b286460831
3.3904688399999987,1.3877639171677711,3,-0.3899230867605637,0.11598610823863574,-0.4286366169474974,0.3899230867605637,0.11598610823863574,0.4286366169474974,-7.0,0.36999999999999966,7.0,0.36999999999999966,75ee10091f43
2.86366164,1.2908991680274666,2,-1.2855606059546151e-05,3.4079515429438607e-06,-1.434074597796984e-05,1.2855606059546151e-05,3.4079515429438607e-06,1.434074597796984e-05,0.0,0.0,0.0,0.0,7a8373382b33
3.5569381900000003,1.4528800955876648,3,0.2542559591293525,-0.1475519072401904,0.27057450361294855,0.2542559591293525,0.1475519072401904,0.27057450361294855,41.5,-0.875,41.5,0.875,7fe9c5cb910c
3.4646513999999984,1.376473756777896,3,-0.0004658773790327262,-4.942872954063658e-05,-0.0005423650713346309,0.0004658773790327262,4.942872954063658e-05,0.0005423650713346309,-10.514285714285712,0.2874285714285718,10.514285714285712,0.2874285714285718,81af2831dbb2
3.511695539999998,1.4608801634338948,4,-0.052438839657657964,0.0030770945749522454,-0.056295969281288986,0.052438839657657964,0.0030770945749522454,0.056295969281288986,-2.75,0.02416666666666689,2.75,0.02416666666666689,82b85dfd7723
3.436921,1.3516800327078173,3,-0.001066417297979072,0.00019329644542282384,-0.0011177154229333344,0.001066417297979072,0.00019329644542282384,0.0011177154229333344,-2.3999999999999986,0.2908571428571425,2.3999999999999986,0.2908571428571425,846b50801a93
3.531659399999999,1.4129311483205116,3,-2.3484575471935334e-05,-1.1393828320890095e-05,-2.5105463557318583e-05,2.3484575471935334e-05,1.1393828320890095e-05,2.5105463557318583e-05,3.828571428571429,0.029142857142856915,3.828571428571429,0.029142857142856915,899032b4ad0c
3.4790378099999986,1.425825537375786,3,-0.39109799751173646,0.11910688307765169,-0.43014809389698294,0.39109799751173646,0.11910688307765169,0.43014809389698294,-7.0,0.36999999999999966,7.0,0.36999999999999966,916afba26723
3.2316076999999988,1.3037715329848438,3,1.769734887775788e-05,1.1455072622047893e-05,1.9466660875475584e-05,1.769734887775788e-05,1.1455072622047893e-05,1.9466660875475584e-05,2.9999999999999964,0.08333333333333304,2.9999999999999964,0.08333333333333304,961c37d6e527
3.376628919999998,1.3790096223325654,3,0.37189027822368476,-0.24139684848901038,0.40006076931997564,0.37189027822368476,0.24139684848901038,0.40006076931997564,2.0,-0.48999999999999977,2.0,0.48999999999999977,968a6902b7f5
3.5840925000000015,1.4331788365029525,3,1.6922445262954157e-06,5.626575287120614e-06,-1.0147759746336862e-07,1.6922445262954157e-06,5.626575287120614e-06,1.0147759746336862e-07,6.0,0.16666666666666652,6.0,0.16666666666666652,988b11badabb
3.4555370000000014,1.413434884905717,3,0.0561339028735622,-0.14270877663230302,0.05734616651057069,0.0561339028735622,0.14270877663230302,0.05734616651057069,32.5,-0.8600000000000003,32.5,0.8600000000000003,99fd027b1d0b
3.1302570999999997,1.2775336615445578,3,9.87060975665699e-06,-1.304938940833674e-06,1.1168822956378359e-05,9.87060975665699e-06,1.304938940833674e-06,1.1168822956378359e-05,5.333333333333332,0.033333333333333215,5.333333333333332,0.033333333333333215,9c2979187585
1.5482420500000007,0.7741210250000004,2,0.32032594137930964,-0.03489889866803367,0.34691529300391316,0.32032594137930964,0.03489889866803367,0.34691529300391316,48.0,-0.21999999999999975,48.0,0.21999999999999975,a0dbdc6630fa
3.4529420999999996,1.3645417993538471,3,0.006047145567633426,-0.001019544321570209,0.006331758887628541,0.006047145567633426,0.001019544321570209,0.006331758887628541,1.2000000000000028,0.24885714285714267,1.2000000000000028,0.24885714285714267,a148361e5e9a
3.3474451000000007,1.3660949595944292,3,-1.631380952547812e-05,-1.2036537608706637e-06,-1.880741387291932e-05,1.631380952547812e-05,1.2036537608706637e-06,1.880741387291932e-05,-10.971428571428568,0.031999999999999584,10.971428571428568,0.031999999999999584,a1d716aad84d
3.3795517000000004,1.3429048078593546,3,1.7607030014852426e-05,5.702173556659911e-06,1.8484484301499126e-05,1.7607030014852426e-05,5.702173556659911e-06,1.8484484301499126e-05,0.7428571428571473,0.16057142857142814,0.7428571428571473,0.16057142857142814,a7233837cfe9
3.2859510400000005,1.3418636773649741,3,0.22780962368159105,-0.13452938332039724,0.24222185353556272,0.22780962368159105,0.13452938332039724,0.24222185353556272,41.5,-0.875,41.5,0.875,a80866a2c6b4
4.059507550000002,1.6602118561082988,3,0.011803692393617124,-0.17504608412979333,0.027610434065337707,0.011803692393617124,0.17504608412979333,0.027610434065337707,14.5,-0.6000000000000001,14.5,0.6000000000000001,a84d988e38ac
3.1641771,1.2626310470089162,3,3.492255347545077e-05,1.2378892102945085e-05,4.028239076341126e-05,3.492255347545077e-05,1.2378892102945085e-05,4.028239076341126e-05,-6.114285714285714,0.15028571428571436,6.114285714285714,0.15028571428571436,a9f87eba4b96
3.3482289200000013,1.4028281361434192,4,-0.039310947924999375,-0.006078053779932009,-0.04233551389583761,0.039310947924999375,0.006078053779932009,0.04233551389583761,-17.916666666666664,0.14666666666666606,17.916666666666664,0.14666666666666606,aa9a981d89aa
3.5152358800000005,1.4491114975320671,3,-0.3370930207456143,-0.042872376198347203,-0.35293427337925365,0.3370930207456143,0.042872376198347203,0.35293427337925365,-3.5,-0.3600000000000003,3.5,0.3600000000000003,acdcd16c0d76
3.24030943,1.335612129580673,3,-0.5915338055882353,-0.032914375597484294,-0.6620313943356854,0.5915338055882353,0.032914375597484294,0.6620313943356854,-28.5,-0.28000000000000025,28.5,0.28000000000000025,b13beafa16aa
3.4281953000000005,1.3754237956942041,3,0.009536537992423683,-2.9410294251985968e-05,0.010922781021845867,0.009536537992423683,2.9410294251985968e-05,0.010922781021845867,15.085714285714282,-0.29171428571428537,15.085714285714282,0.29171428571428537,b8fb10416122
3.6900283500000004,1.506479519005705,3,0.42042509565789493,-0.2674831227197802,0.45224300047266197,0.42042509565789493,0.2674831227197802,0.45224300047266197,2.0,-0.48999999999999977,2.0,0.48999999999999977,badda86cab42
3.6166002000000006,1.4758647325494774,3,-3.3808641974776547e-06,-9.385448915120631e-07,-3.5792907944165497e-06,3.3808641974776547e-06,9.385448915120631e-07,3.5792907944165497e-06,-6.857142857142854,-0.07085714285714273,6.857142857142854,0.07085714285714273,c04fc052f2ca
3.3352088,1.3361975012994494,3,0.000615544333333071,-6.592550785230962e-05,0.0006914035745282886,0.000615544333333071,6.592550785230962e-05,0.0006914035745282886,8.333333333333336,-0.040000000000000036,8.333333333333336,0.040000000000000036,c55716558616
3.2326867999999997,1.3046542545404627,3,-4.922587719095321e-06,4.84491768834925e-06,-5.451572532174337e-06,4.922587719095321e-06,4.84491768834925e-06,5.451572532174337e-06,-4.857142857142854,0.10342857142857076,4.857142857142854,0.10342857142857076,c798e725e2fb
3.186374559999999,1.3032930874446043,3,0.05117030718390832,-0.1314797978178687,0.05222581919878999,0.05117030718390832,0.1314797978178687,0.05222581919878999,32.5,-0.8600000000000003,32.5,0.8600000000000003,c96ef4fc869c
3.419257100000001,1.3493084370971544,3,-0.0005423432101452526,6.012436860926463e-05,-0.0006011099363780134,0.0005423432101452526,6.012436860926463e-05,0.0006011099363780134,-11.542857142857144,0.2994285714285714,11.542857142857144,0.2994285714285714,cce78d90e899
3.58091139,1.4869786017098525,4,-0.05557976596062958,0.003302371640342789,-0.059255275078114074,0.05557976596062958,0.003302371640342789,0.059255275078114074,-13.416666666666664,0.03416666666666668,13.416666666666664,0.03416666666666668,cf7927ab6730
1.5586206900000015,0.7793103450000007,2,0.1484400657142858,-0.10194969036585372,0.15671364503338914,0.1484400657142858,0.10194969036585372,0.15671364503338914,16.0,-0.5899999999999999,16.0,0.5899999999999999,d59c96fdfda1
3.320306989999999,1.3559994507698176,3,0.4771249349166677,-0.23664439870040913,0.5298374805096687,0.4771249349166677,0.23664439870040913,0.5298374805096687,18.0,-0.5049999999999999,18.0,0.5049999999999999,da5fd2bb47af
3.023101799999999,1.2222721817308124,3,9.483686132165594e-06,-6.054742672685756e-06,1.1100741806391142e-05,9.483686132165594e-06,6.054742672685756e-06,1.1100741806391142e-05,8.971428571428572,-0.11028571428571432,8.971428571428572,0.11028571428571432,dc4259e69783
3.46137474,1.415676655467795,3,0.027136329978070764,-0.10601838516600219,0.038077571782808815,0.027136329978070764,0.10601838516600219,0.038077571782808815,23.5,-0.6749999999999998,23.5,0.6749999999999998,de5756e4fbfa
3.576750589999998,1.4680326897968432,3,-0.23458723318840555,-0.043467234421487706,-0.24940390313451835,0.23458723318840555,0.043467234421487706,0.24940390313451835,-10.5,-0.3600000000000003,10.5,0.3600000000000003,df0019ec24b5
1.6861605499999994,0.8430802749999997,2,-0.016530985784313276,-0.029071733620689263,-0.030429067617026892,0.016530985784313276,0.029071733620689263,0.030429067617026892,-2.0,-0.14000000000000012,2.0,0.14000000000000012,e688959ea45b
1.5598212299999998,0.7799106149999999,2,-0.18569300357142807,-0.01707833463503615,-0.21406256192768627,0.18569300357142807,0.01707833463503615,0.21406256192768627,-20.0,-0.0900000000000003,20.0,0.0900000000000003,eadd37f03ca5
3.7157578000000004,1.4569110791783244,3,-3.854647281091814e-05,-1.299573022831028e-05,-4.084932025413477e-05,3.854647281091814e-05,1.299573022831028e-05,4.084932025413477e-05,-15.028571428571432,-0.19942857142857173,15.028571428571432,0.19942857142857173,eef072f845ce
3.816604409999999,1.5586271851358215,3,0.23812983920289882,-0.23460897849507698,0.27949822507783045,0.23812983920289882,0.23460897849507698,0.27949822507783045,16.5,-0.8849999999999998,16.5,0.8849999999999998,f1e78a09001d
3.8539509800000014,1.5737988172893023,3,0.20478447929411722,-0.23781482604519794,0.2338214174901145,0.20478447929411722,0.23781482604519794,0.2338214174901145,32.5,-0.8999999999999999,32.5,0.8999999999999999,f4f45fcade85
3.5267678300000007,1.4406365723454109,3,0.3112844999999993,-0.145831302890895,0.34385453672351685,0.3112844999999993,0.145831302890895,0.34385453672351685,25.5,-0.8600000000000003,25.5,0.8600000000000003,f705a30af945
3.47849433,1.4201453479270127,3,0.5965382472549026,-0.24887457814516076,0.6729651949803697,0.5965382472549026,0.24887457814516076,0.6729651949803697,25.5,-1.02,25.5,1.02,fba4cc0df459
