n_features,features,features_str,model,loo_r2,loo_mae
5,"['old_E_pfrac_VBM', 'old_E_pfrac_CBM', 'old_radius_mean', 'old_max_Z4', 'pmid_afs_gauss_std']","old_E_pfrac_VBM, old_E_pfrac_CBM, old_radius_mean, old_max_Z4, pmid_afs_gauss_std",LR,0.05529648114659935,0.7155990244773313
5,"['old_E_pfrac_VBM', 'old_E_pfrac_CBM', 'old_radius_mean', 'old_max_Z4', 'pmid_afs_gauss_std']","old_E_pfrac_VBM, old_E_pfrac_CBM, old_radius_mean, old_max_Z4, pmid_afs_gauss_std",SVR_RBF,0.3674525410387498,0.5486469001632562
5,"['old_E_pfrac_VBM', 'old_E_pfrac_CBM', 'old_radius_mean', 'old_max_Z4', 'old_kpath_angle_deg']","old_E_pfrac_VBM, old_E_pfrac_CBM, old_radius_mean, old_max_Z4, old_kpath_angle_deg",LR,0.07001937424316584,0.7192396055584879
5,"['old_E_pfrac_VBM', 'old_E_pfrac_CBM', 'old_radius_mean', 'old_max_Z4', 'old_kpath_angle_deg']","old_E_pfrac_VBM, old_E_pfrac_CBM, old_radius_mean, old_max_Z4, old_kpath_angle_deg",SVR_RBF,0.46894214156588643,0.5164305688252212
5,"['old_E_pfrac_VBM', 'old_E_pfrac_CBM', 'old_radius_mean', 'old_max_Z4', 'old_ehull']","old_E_pfrac_VBM, old_E_pfrac_CBM, old_radius_mean, old_max_Z4, old_ehull",LR,-0.017760044717321843,0.7407816702587382
5,"['old_E_pfrac_VBM', 'old_E_pfrac_CBM', 'old_radius_mean', 'old_max_Z4', 'old_ehull']","old_E_pfrac_VBM, old_E_pfrac_CBM, old_radius_mean, old_max_Z4, old_ehull",SVR_RBF,0.3566350304497633,0.5554259779466314
5,"['old_E_pfrac_VBM', 'old_E_pfrac_CBM', 'old_radius_mean', 'old_max_Z4', 'E_sfrac_VBM']","old_E_pfrac_VBM, old_E_pfrac_CBM, old_radius_mean, old_max_Z4, E_sfrac_VBM",LR,0.3621405416282548,0.5984284163639684
5,"['old_E_pfrac_VBM', 'old_E_pfrac_CBM', 'old_radius_mean', 'old_max_Z4', 'E_sfrac_VBM']","old_E_pfrac_VBM, old_E_pfrac_CBM, old_radius_mean, old_max_Z4, E_sfrac_VBM",SVR_RBF,0.3940452212611699,0.5286058005871349
5,"['old_E_pfrac_VBM', 'old_E_pfrac_CBM', 'old_radius_mean', 'old_max_Z4', 'E_sfrac_CBM']","old_E_pfrac_VBM, old_E_pfrac_CBM, old_radius_mean, old_max_Z4, E_sfrac_CBM",LR,0.03647843070205792,0.7110797642287495
5,"['old_E_pfrac_VBM', 'old_E_pfrac_CBM', 'old_radius_mean', 'old_max_Z4', 'E_sfrac_CBM']","old_E_pfrac_VBM, old_E_pfrac_CBM, old_radius_mean, old_max_Z4, E_sfrac_CBM",SVR_RBF,0.40599029036728007,0.484988485078422
5,"['old_E_pfrac_VBM', 'old_E_pfrac_CBM', 'old_radius_mean', 'pmid_afs_gauss_std', 'old_kpath_angle_deg']","old_E_pfrac_VBM, old_E_pfrac_CBM, old_radius_mean, pmid_afs_gauss_std, old_kpath_angle_deg",LR,0.08225383823505161,0.697087913513053
5,"['old_E_pfrac_VBM', 'old_E_pfrac_CBM', 'old_radius_mean', 'pmid_afs_gauss_std', 'old_kpath_angle_deg']","old_E_pfrac_VBM, old_E_pfrac_CBM, old_radius_mean, pmid_afs_gauss_std, old_kpath_angle_deg",SVR_RBF,0.47473243954838196,0.4993047182237341
5,"['old_E_pfrac_VBM', 'old_E_pfrac_CBM', 'old_radius_mean', 'pmid_afs_gauss_std', 'old_ehull']","old_E_pfrac_VBM, old_E_pfrac_CBM, old_radius_mean, pmid_afs_gauss_std, old_ehull",LR,0.07186361072315062,0.6972153093083152
5,"['old_E_pfrac_VBM', 'old_E_pfrac_CBM', 'old_radius_mean', 'pmid_afs_gauss_std', 'old_ehull']","old_E_pfrac_VBM, old_E_pfrac_CBM, old_radius_mean, pmid_afs_gauss_std, old_ehull",SVR_RBF,0.4272312413006605,0.506927425261449
5,"['old_E_pfrac_VBM', 'old_E_pfrac_CBM', 'old_radius_mean', 'pmid_afs_gauss_std', 'E_sfrac_VBM']","old_E_pfrac_VBM, old_E_pfrac_CBM, old_radius_mean, pmid_afs_gauss_std, E_sfrac_VBM",LR,0.385379003283297,0.5861165355692242
5,"['old_E_pfrac_VBM', 'old_E_pfrac_CBM', 'old_radius_mean', 'pmid_afs_gauss_std', 'E_sfrac_VBM']","old_E_pfrac_VBM, old_E_pfrac_CBM, old_radius_mean, pmid_afs_gauss_std, E_sfrac_VBM",SVR_RBF,0.4048041588537209,0.5144302931983906
5,"['old_E_pfrac_VBM', 'old_E_pfrac_CBM', 'old_radius_mean', 'pmid_afs_gauss_std', 'E_sfrac_CBM']","old_E_pfrac_VBM, old_E_pfrac_CBM, old_radius_mean, pmid_afs_gauss_std, E_sfrac_CBM",LR,0.09756219139482947,0.6825480192352994
5,"['old_E_pfrac_VBM', 'old_E_pfrac_CBM', 'old_radius_mean', 'pmid_afs_gauss_std', 'E_sfrac_CBM']","old_E_pfrac_VBM, old_E_pfrac_CBM, old_radius_mean, pmid_afs_gauss_std, E_sfrac_CBM",SVR_RBF,0.42007195165400113,0.4844277370680034
5,"['old_E_pfrac_VBM', 'old_E_pfrac_CBM', 'old_radius_mean', 'old_kpath_angle_deg', 'old_ehull']","old_E_pfrac_VBM, old_E_pfrac_CBM, old_radius_mean, old_kpath_angle_deg, old_ehull",LR,0.0731073450030113,0.6927262367233841
5,"['old_E_pfrac_VBM', 'old_E_pfrac_CBM', 'old_radius_mean', 'old_kpath_angle_deg', 'old_ehull']","old_E_pfrac_VBM, old_E_pfrac_CBM, old_radius_mean, old_kpath_angle_deg, old_ehull",SVR_RBF,0.4013295818211702,0.5092406906056374
5,"['old_E_pfrac_VBM', 'old_E_pfrac_CBM', 'old_radius_mean', 'old_kpath_angle_deg', 'E_sfrac_VBM']","old_E_pfrac_VBM, old_E_pfrac_CBM, old_radius_mean, old_kpath_angle_deg, E_sfrac_VBM",LR,0.3837999634093232,0.5920149917825178
5,"['old_E_pfrac_VBM', 'old_E_pfrac_CBM', 'old_radius_mean', 'old_kpath_angle_deg', 'E_sfrac_VBM']","old_E_pfrac_VBM, old_E_pfrac_CBM, old_radius_mean, old_kpath_angle_deg, E_sfrac_VBM",SVR_RBF,0.30684891979181506,0.5951011154214345
5,"['old_E_pfrac_VBM', 'old_E_pfrac_CBM', 'old_radius_mean', 'old_kpath_angle_deg', 'E_sfrac_CBM']","old_E_pfrac_VBM, old_E_pfrac_CBM, old_radius_mean, old_kpath_angle_deg, E_sfrac_CBM",LR,0.10054367671832254,0.6927285531479497
5,"['old_E_pfrac_VBM', 'old_E_pfrac_CBM', 'old_radius_mean', 'old_kpath_angle_deg', 'E_sfrac_CBM']","old_E_pfrac_VBM, old_E_pfrac_CBM, old_radius_mean, old_kpath_angle_deg, E_sfrac_CBM",SVR_RBF,0.3777526779016257,0.5255871527839144
5,"['old_E_pfrac_VBM', 'old_E_pfrac_CBM', 'old_radius_mean', 'old_ehull', 'E_sfrac_VBM']","old_E_pfrac_VBM, old_E_pfrac_CBM, old_radius_mean, old_ehull, E_sfrac_VBM",LR,0.31635937136145,0.6102962221467472
5,"['old_E_pfrac_VBM', 'old_E_pfrac_CBM', 'old_radius_mean', 'old_ehull', 'E_sfrac_VBM']","old_E_pfrac_VBM, old_E_pfrac_CBM, old_radius_mean, old_ehull, E_sfrac_VBM",SVR_RBF,0.3805914887351438,0.5439922037856757
5,"['old_E_pfrac_VBM', 'old_E_pfrac_CBM', 'old_radius_mean', 'old_ehull', 'E_sfrac_CBM']","old_E_pfrac_VBM, old_E_pfrac_CBM, old_radius_mean, old_ehull, E_sfrac_CBM",LR,0.038410902274150005,0.7015450679464088
5,"['old_E_pfrac_VBM', 'old_E_pfrac_CBM', 'old_radius_mean', 'old_ehull', 'E_sfrac_CBM']","old_E_pfrac_VBM, old_E_pfrac_CBM, old_radius_mean, old_ehull, E_sfrac_CBM",SVR_RBF,0.3712539166661972,0.5280615916981675
5,"['old_E_pfrac_VBM', 'old_E_pfrac_CBM', 'old_radius_mean', 'E_sfrac_VBM', 'E_sfrac_CBM']","old_E_pfrac_VBM, old_E_pfrac_CBM, old_radius_mean, E_sfrac_VBM, E_sfrac_CBM",LR,0.3312695795551339,0.6093239544679011
5,"['old_E_pfrac_VBM', 'old_E_pfrac_CBM', 'old_radius_mean', 'E_sfrac_VBM', 'E_sfrac_CBM']","old_E_pfrac_VBM, old_E_pfrac_CBM, old_radius_mean, E_sfrac_VBM, E_sfrac_CBM",SVR_RBF,0.42690357018239633,0.4985151996309403
5,"['old_E_pfrac_VBM', 'old_E_pfrac_CBM', 'old_max_Z4', 'pmid_afs_gauss_std', 'old_kpath_angle_deg']","old_E_pfrac_VBM, old_E_pfrac_CBM, old_max_Z4, pmid_afs_gauss_std, old_kpath_angle_deg",LR,0.10603275438729054,0.7041239532596181
5,"['old_E_pfrac_VBM', 'old_E_pfrac_CBM', 'old_max_Z4', 'pmid_afs_gauss_std', 'old_kpath_angle_deg']","old_E_pfrac_VBM, old_E_pfrac_CBM, old_max_Z4, pmid_afs_gauss_std, old_kpath_angle_deg",SVR_RBF,0.4825311469311194,0.5165242436099156
5,"['old_E_pfrac_VBM', 'old_E_pfrac_CBM', 'old_max_Z4', 'pmid_afs_gauss_std', 'old_ehull']","old_E_pfrac_VBM, old_E_pfrac_CBM, old_max_Z4, pmid_afs_gauss_std, old_ehull",LR,0.08315702347187104,0.7028766202771639
5,"['old_E_pfrac_VBM', 'old_E_pfrac_CBM', 'old_max_Z4', 'pmid_afs_gauss_std', 'old_ehull']","old_E_pfrac_VBM, old_E_pfrac_CBM, old_max_Z4, pmid_afs_gauss_std, old_ehull",SVR_RBF,0.18251710227429052,0.6047677082938092
5,"['old_E_pfrac_VBM', 'old_E_pfrac_CBM', 'old_max_Z4', 'pmid_afs_gauss_std', 'E_sfrac_VBM']","old_E_pfrac_VBM, old_E_pfrac_CBM, old_max_Z4, pmid_afs_gauss_std, E_sfrac_VBM",LR,0.42176749336310637,0.5782594597497159
5,"['old_E_pfrac_VBM', 'old_E_pfrac_CBM', 'old_max_Z4', 'pmid_afs_gauss_std', 'E_sfrac_VBM']","old_E_pfrac_VBM, old_E_pfrac_CBM, old_max_Z4, pmid_afs_gauss_std, E_sfrac_VBM",SVR_RBF,0.275325685344735,0.5857582516839689
5,"['old_E_pfrac_VBM', 'old_E_pfrac_CBM', 'old_max_Z4', 'pmid_afs_gauss_std', 'E_sfrac_CBM']","old_E_pfrac_VBM, old_E_pfrac_CBM, old_max_Z4, pmid_afs_gauss_std, E_sfrac_CBM",LR,0.0858077113414315,0.6984368362507711
5,"['old_E_pfrac_VBM', 'old_E_pfrac_CBM', 'old_max_Z4', 'pmid_afs_gauss_std', 'E_sfrac_CBM']","old_E_pfrac_VBM, old_E_pfrac_CBM, old_max_Z4, pmid_afs_gauss_std, E_sfrac_CBM",SVR_RBF,0.3891546158252258,0.48619890415736067
5,"['old_E_pfrac_VBM', 'old_E_pfrac_CBM', 'old_max_Z4', 'old_kpath_angle_deg', 'old_ehull']","old_E_pfrac_VBM, old_E_pfrac_CBM, old_max_Z4, old_kpath_angle_deg, old_ehull",LR,0.11875346651166652,0.6866074782286965
5,"['old_E_pfrac_VBM', 'old_E_pfrac_CBM', 'old_max_Z4', 'old_kpath_angle_deg', 'old_ehull']","old_E_pfrac_VBM, old_E_pfrac_CBM, old_max_Z4, old_kpath_angle_deg, old_ehull",SVR_RBF,0.2641034088693417,0.5744623180190618
5,"['old_E_pfrac_VBM', 'old_E_pfrac_CBM', 'old_max_Z4', 'old_kpath_angle_deg', 'E_sfrac_VBM']","old_E_pfrac_VBM, old_E_pfrac_CBM, old_max_Z4, old_kpath_angle_deg, E_sfrac_VBM",LR,0.3993793344578431,0.5840649912654808
5,"['old_E_pfrac_VBM', 'old_E_pfrac_CBM', 'old_max_Z4', 'old_kpath_angle_deg', 'E_sfrac_VBM']","old_E_pfrac_VBM, old_E_pfrac_CBM, old_max_Z4, old_kpath_angle_deg, E_sfrac_VBM",SVR_RBF,0.30958148927256446,0.559773369797962
5,"['old_E_pfrac_VBM', 'old_E_pfrac_CBM', 'old_max_Z4', 'old_kpath_angle_deg', 'E_sfrac_CBM']","old_E_pfrac_VBM, old_E_pfrac_CBM, old_max_Z4, old_kpath_angle_deg, E_sfrac_CBM",LR,0.11659746055516429,0.6956102607780805
5,"['old_E_pfrac_VBM', 'old_E_pfrac_CBM', 'old_max_Z4', 'old_kpath_angle_deg', 'E_sfrac_CBM']","old_E_pfrac_VBM, old_E_pfrac_CBM, old_max_Z4, old_kpath_angle_deg, E_sfrac_CBM",SVR_RBF,0.42765997226605457,0.5004436281664071
5,"['old_E_pfrac_VBM', 'old_E_pfrac_CBM', 'old_max_Z4', 'old_ehull', 'E_sfrac_VBM']","old_E_pfrac_VBM, old_E_pfrac_CBM, old_max_Z4, old_ehull, E_sfrac_VBM",LR,0.34985971025402174,0.5990052807597045
5,"['old_E_pfrac_VBM', 'old_E_pfrac_CBM', 'old_max_Z4', 'old_ehull', 'E_sfrac_VBM']","old_E_pfrac_VBM, old_E_pfrac_CBM, old_max_Z4, old_ehull, E_sfrac_VBM",SVR_RBF,0.369427669621031,0.5211657588146098
5,"['old_E_pfrac_VBM', 'old_E_pfrac_CBM', 'old_max_Z4', 'old_ehull', 'E_sfrac_CBM']","old_E_pfrac_VBM, old_E_pfrac_CBM, old_max_Z4, old_ehull, E_sfrac_CBM",LR,0.04242325524502866,0.7044802842083522
5,"['old_E_pfrac_VBM', 'old_E_pfrac_CBM', 'old_max_Z4', 'old_ehull', 'E_sfrac_CBM']","old_E_pfrac_VBM, old_E_pfrac_CBM, old_max_Z4, old_ehull, E_sfrac_CBM",SVR_RBF,0.20788518916243903,0.553412450320474
5,"['old_E_pfrac_VBM', 'old_E_pfrac_CBM', 'old_max_Z4', 'E_sfrac_VBM', 'E_sfrac_CBM']","old_E_pfrac_VBM, old_E_pfrac_CBM, old_max_Z4, E_sfrac_VBM, E_sfrac_CBM",LR,0.3655874306288396,0.5963136487480307
5,"['old_E_pfrac_VBM', 'old_E_pfrac_CBM', 'old_max_Z4', 'E_sfrac_VBM', 'E_sfrac_CBM']","old_E_pfrac_VBM, old_E_pfrac_CBM, old_max_Z4, E_sfrac_VBM, E_sfrac_CBM",SVR_RBF,0.4094898867435751,0.4733509214499951
5,"['old_E_pfrac_VBM', 'old_E_pfrac_CBM', 'pmid_afs_gauss_std', 'old_kpath_angle_deg', 'old_ehull']","old_E_pfrac_VBM, old_E_pfrac_CBM, pmid_afs_gauss_std, old_kpath_angle_deg, old_ehull",LR,0.11689354104666749,0.6793393122847089
5,"['old_E_pfrac_VBM', 'old_E_pfrac_CBM', 'pmid_afs_gauss_std', 'old_kpath_angle_deg', 'old_ehull']","old_E_pfrac_VBM, old_E_pfrac_CBM, pmid_afs_gauss_std, old_kpath_angle_deg, old_ehull",SVR_RBF,0.5357910705379565,0.47212898755571575
5,"['old_E_pfrac_VBM', 'old_E_pfrac_CBM', 'pmid_afs_gauss_std', 'old_kpath_angle_deg', 'E_sfrac_VBM']","old_E_pfrac_VBM, old_E_pfrac_CBM, pmid_afs_gauss_std, old_kpath_angle_deg, E_sfrac_VBM",LR,0.4162840043162048,0.5801874539950039
5,"['old_E_pfrac_VBM', 'old_E_pfrac_CBM', 'pmid_afs_gauss_std', 'old_kpath_angle_deg', 'E_sfrac_VBM']","old_E_pfrac_VBM, old_E_pfrac_CBM, pmid_afs_gauss_std, old_kpath_angle_deg, E_sfrac_VBM",SVR_RBF,0.3161369124620311,0.5844091520816767
5,"['old_E_pfrac_VBM', 'old_E_pfrac_CBM', 'pmid_afs_gauss_std', 'old_kpath_angle_deg', 'E_sfrac_CBM']","old_E_pfrac_VBM, old_E_pfrac_CBM, pmid_afs_gauss_std, old_kpath_angle_deg, E_sfrac_CBM",LR,0.10814109456175702,0.6914199274844008
5,"['old_E_pfrac_VBM', 'old_E_pfrac_CBM', 'pmid_afs_gauss_std', 'old_kpath_angle_deg', 'E_sfrac_CBM']","old_E_pfrac_VBM, old_E_pfrac_CBM, pmid_afs_gauss_std, old_kpath_angle_deg, E_sfrac_CBM",SVR_RBF,0.3877117116791059,0.5075640555646732
5,"['old_E_pfrac_VBM', 'old_E_pfrac_CBM', 'pmid_afs_gauss_std', 'old_ehull', 'E_sfrac_VBM']","old_E_pfrac_VBM, old_E_pfrac_CBM, pmid_afs_gauss_std, old_ehull, E_sfrac_VBM",LR,0.38645067368707886,0.5832532352274883
5,"['old_E_pfrac_VBM', 'old_E_pfrac_CBM', 'pmid_afs_gauss_std', 'old_ehull', 'E_sfrac_VBM']","old_E_pfrac_VBM, old_E_pfrac_CBM, pmid_afs_gauss_std, old_ehull, E_sfrac_VBM",SVR_RBF,0.315211240777038,0.5303920374812866
5,"['old_E_pfrac_VBM', 'old_E_pfrac_CBM', 'pmid_afs_gauss_std', 'old_ehull', 'E_sfrac_CBM']","old_E_pfrac_VBM, old_E_pfrac_CBM, pmid_afs_gauss_std, old_ehull, E_sfrac_CBM",LR,0.10405480095138764,0.6793100219042224
5,"['old_E_pfrac_VBM', 'old_E_pfrac_CBM', 'pmid_afs_gauss_std', 'old_ehull', 'E_sfrac_CBM']","old_E_pfrac_VBM, old_E_pfrac_CBM, pmid_afs_gauss_std, old_ehull, E_sfrac_CBM",SVR_RBF,0.26627929156913954,0.5144855503040553
5,"['old_E_pfrac_VBM', 'old_E_pfrac_CBM', 'pmid_afs_gauss_std', 'E_sfrac_VBM', 'E_sfrac_CBM']","old_E_pfrac_VBM, old_E_pfrac_CBM, pmid_afs_gauss_std, E_sfrac_VBM, E_sfrac_CBM",LR,0.3834576221259032,0.5860343012498889
5,"['old_E_pfrac_VBM', 'old_E_pfrac_CBM', 'pmid_afs_gauss_std', 'E_sfrac_VBM', 'E_sfrac_CBM']","old_E_pfrac_VBM, old_E_pfrac_CBM, pmid_afs_gauss_std, E_sfrac_VBM, E_sfrac_CBM",SVR_RBF,0.42124661349338155,0.500596404476559
5,"['old_E_pfrac_VBM', 'old_E_pfrac_CBM', 'old_kpath_angle_deg', 'old_ehull', 'E_sfrac_VBM']","old_E_pfrac_VBM, old_E_pfrac_CBM, old_kpath_angle_deg, old_ehull, E_sfrac_VBM",LR,0.3839847672368365,0.5835390121802656
5,"['old_E_pfrac_VBM', 'old_E_pfrac_CBM', 'old_kpath_angle_deg', 'old_ehull', 'E_sfrac_VBM']","old_E_pfrac_VBM, old_E_pfrac_CBM, old_kpath_angle_deg, old_ehull, E_sfrac_VBM",SVR_RBF,0.4543733124651901,0.49587409583512687
5,"['old_E_pfrac_VBM', 'old_E_pfrac_CBM', 'old_kpath_angle_deg', 'old_ehull', 'E_sfrac_CBM']","old_E_pfrac_VBM, old_E_pfrac_CBM, old_kpath_angle_deg, old_ehull, E_sfrac_CBM",LR,0.12529603159082836,0.6732096727914557
5,"['old_E_pfrac_VBM', 'old_E_pfrac_CBM', 'old_kpath_angle_deg', 'old_ehull', 'E_sfrac_CBM']","old_E_pfrac_VBM, old_E_pfrac_CBM, old_kpath_angle_deg, old_ehull, E_sfrac_CBM",SVR_RBF,0.41110650633013557,0.5007260582177618
5,"['old_E_pfrac_VBM', 'old_E_pfrac_CBM', 'old_kpath_angle_deg', 'E_sfrac_VBM', 'E_sfrac_CBM']","old_E_pfrac_VBM, old_E_pfrac_CBM, old_kpath_angle_deg, E_sfrac_VBM, E_sfrac_CBM",LR,0.3899758576177247,0.5904368866464603
5,"['old_E_pfrac_VBM', 'old_E_pfrac_CBM', 'old_kpath_angle_deg', 'E_sfrac_VBM', 'E_sfrac_CBM']","old_E_pfrac_VBM, old_E_pfrac_CBM, old_kpath_angle_deg, E_sfrac_VBM, E_sfrac_CBM",SVR_RBF,0.43488549322423053,0.4950326645872008
5,"['old_E_pfrac_VBM', 'old_E_pfrac_CBM', 'old_ehull', 'E_sfrac_VBM', 'E_sfrac_CBM']","old_E_pfrac_VBM, old_E_pfrac_CBM, old_ehull, E_sfrac_VBM, E_sfrac_CBM",LR,0.31662417389816166,0.61154094612947
5,"['old_E_pfrac_VBM', 'old_E_pfrac_CBM', 'old_ehull', 'E_sfrac_VBM', 'E_sfrac_CBM']","old_E_pfrac_VBM, old_E_pfrac_CBM, old_ehull, E_sfrac_VBM, E_sfrac_CBM",SVR_RBF,0.4704327564511962,0.47085736317708626
5,"['old_E_pfrac_VBM', 'old_radius_mean', 'old_max_Z4', 'pmid_afs_gauss_std', 'old_kpath_angle_deg']","old_E_pfrac_VBM, old_radius_mean, old_max_Z4, pmid_afs_gauss_std, old_kpath_angle_deg",LR,0.05566177847100795,0.7085198021821248
5,"['old_E_pfrac_VBM', 'old_radius_mean', 'old_max_Z4', 'pmid_afs_gauss_std', 'old_kpath_angle_deg']","old_E_pfrac_VBM, old_radius_mean, old_max_Z4, pmid_afs_gauss_std, old_kpath_angle_deg",SVR_RBF,0.2815331172495876,0.5845801239285942
5,"['old_E_pfrac_VBM', 'old_radius_mean', 'old_max_Z4', 'pmid_afs_gauss_std', 'old_ehull']","old_E_pfrac_VBM, old_radius_mean, old_max_Z4, pmid_afs_gauss_std, old_ehull",LR,0.06088811267279082,0.6854873585948249
5,"['old_E_pfrac_VBM', 'old_radius_mean', 'old_max_Z4', 'pmid_afs_gauss_std', 'old_ehull']","old_E_pfrac_VBM, old_radius_mean, old_max_Z4, pmid_afs_gauss_std, old_ehull",SVR_RBF,0.25865381587078395,0.5923721618992894
5,"['old_E_pfrac_VBM', 'old_radius_mean', 'old_max_Z4', 'pmid_afs_gauss_std', 'E_sfrac_VBM']","old_E_pfrac_VBM, old_radius_mean, old_max_Z4, pmid_afs_gauss_std, E_sfrac_VBM",LR,0.3726389097197924,0.6145791062081262
5,"['old_E_pfrac_VBM', 'old_radius_mean', 'old_max_Z4', 'pmid_afs_gauss_std', 'E_sfrac_VBM']","old_E_pfrac_VBM, old_radius_mean, old_max_Z4, pmid_afs_gauss_std, E_sfrac_VBM",SVR_RBF,0.23740120219560712,0.5878316125326428
5,"['old_E_pfrac_VBM', 'old_radius_mean', 'old_max_Z4', 'pmid_afs_gauss_std', 'E_sfrac_CBM']","old_E_pfrac_VBM, old_radius_mean, old_max_Z4, pmid_afs_gauss_std, E_sfrac_CBM",LR,0.09297718249758058,0.6696005935308468
5,"['old_E_pfrac_VBM', 'old_radius_mean', 'old_max_Z4', 'pmid_afs_gauss_std', 'E_sfrac_CBM']","old_E_pfrac_VBM, old_radius_mean, old_max_Z4, pmid_afs_gauss_std, E_sfrac_CBM",SVR_RBF,0.30544806491178333,0.5208027523161028
5,"['old_E_pfrac_VBM', 'old_radius_mean', 'old_max_Z4', 'old_kpath_angle_deg', 'old_ehull']","old_E_pfrac_VBM, old_radius_mean, old_max_Z4, old_kpath_angle_deg, old_ehull",LR,0.0473235909760128,0.706167024855498
5,"['old_E_pfrac_VBM', 'old_radius_mean', 'old_max_Z4', 'old_kpath_angle_deg', 'old_ehull']","old_E_pfrac_VBM, old_radius_mean, old_max_Z4, old_kpath_angle_deg, old_ehull",SVR_RBF,0.317044401439291,0.5516642802595565
5,"['old_E_pfrac_VBM', 'old_radius_mean', 'old_max_Z4', 'old_kpath_angle_deg', 'E_sfrac_VBM']","old_E_pfrac_VBM, old_radius_mean, old_max_Z4, old_kpath_angle_deg, E_sfrac_VBM",LR,0.38070293925852505,0.6035929098867205
5,"['old_E_pfrac_VBM', 'old_radius_mean', 'old_max_Z4', 'old_kpath_angle_deg', 'E_sfrac_VBM']","old_E_pfrac_VBM, old_radius_mean, old_max_Z4, old_kpath_angle_deg, E_sfrac_VBM",SVR_RBF,0.30529096672827394,0.5789080706598337
5,"['old_E_pfrac_VBM', 'old_radius_mean', 'old_max_Z4', 'old_kpath_angle_deg', 'E_sfrac_CBM']","old_E_pfrac_VBM, old_radius_mean, old_max_Z4, old_kpath_angle_deg, E_sfrac_CBM",LR,0.08119875270726251,0.6851089535046949
5,"['old_E_pfrac_VBM', 'old_radius_mean', 'old_max_Z4', 'old_kpath_angle_deg', 'E_sfrac_CBM']","old_E_pfrac_VBM, old_radius_mean, old_max_Z4, old_kpath_angle_deg, E_sfrac_CBM",SVR_RBF,0.40878445820941145,0.4945538846597777
5,"['old_E_pfrac_VBM', 'old_radius_mean', 'old_max_Z4', 'old_ehull', 'E_sfrac_VBM']","old_E_pfrac_VBM, old_radius_mean, old_max_Z4, old_ehull, E_sfrac_VBM",LR,0.32448822280473955,0.6293244517546394
5,"['old_E_pfrac_VBM', 'old_radius_mean', 'old_max_Z4', 'old_ehull', 'E_sfrac_VBM']","old_E_pfrac_VBM, old_radius_mean, old_max_Z4, old_ehull, E_sfrac_VBM",SVR_RBF,0.32890672537939625,0.5871408538831424
5,"['old_E_pfrac_VBM', 'old_radius_mean', 'old_max_Z4', 'old_ehull', 'E_sfrac_CBM']","old_E_pfrac_VBM, old_radius_mean, old_max_Z4, old_ehull, E_sfrac_CBM",LR,0.03137130913767239,0.6867294900792607
5,"['old_E_pfrac_VBM', 'old_radius_mean', 'old_max_Z4', 'old_ehull', 'E_sfrac_CBM']","old_E_pfrac_VBM, old_radius_mean, old_max_Z4, old_ehull, E_sfrac_CBM",SVR_RBF,0.2701786458508041,0.5599640151514147
5,"['old_E_pfrac_VBM', 'old_radius_mean', 'old_max_Z4', 'E_sfrac_VBM', 'E_sfrac_CBM']","old_E_pfrac_VBM, old_radius_mean, old_max_Z4, E_sfrac_VBM, E_sfrac_CBM",LR,0.33061765840882873,0.6269943543744874
5,"['old_E_pfrac_VBM', 'old_radius_mean', 'old_max_Z4', 'E_sfrac_VBM', 'E_sfrac_CBM']","old_E_pfrac_VBM, old_radius_mean, old_max_Z4, E_sfrac_VBM, E_sfrac_CBM",SVR_RBF,0.37389430450853667,0.5142751077475926
5,"['old_E_pfrac_VBM', 'old_radius_mean', 'pmid_afs_gauss_std', 'old_kpath_angle_deg', 'old_ehull']","old_E_pfrac_VBM, old_radius_mean, pmid_afs_gauss_std, old_kpath_angle_deg, old_ehull",LR,0.11307073708390636,0.6642505925671173
5,"['old_E_pfrac_VBM', 'old_radius_mean', 'pmid_afs_gauss_std', 'old_kpath_angle_deg', 'old_ehull']","old_E_pfrac_VBM, old_radius_mean, pmid_afs_gauss_std, old_kpath_angle_deg, old_ehull",SVR_RBF,0.311986915774944,0.5229691881865619
5,"['old_E_pfrac_VBM', 'old_radius_mean', 'pmid_afs_gauss_std', 'old_kpath_angle_deg', 'E_sfrac_VBM']","old_E_pfrac_VBM, old_radius_mean, pmid_afs_gauss_std, old_kpath_angle_deg, E_sfrac_VBM",LR,0.39684099794993444,0.5977217786224175
5,"['old_E_pfrac_VBM', 'old_radius_mean', 'pmid_afs_gauss_std', 'old_kpath_angle_deg', 'E_sfrac_VBM']","old_E_pfrac_VBM, old_radius_mean, pmid_afs_gauss_std, old_kpath_angle_deg, E_sfrac_VBM",SVR_RBF,0.31976250843459786,0.5676578517842633
5,"['old_E_pfrac_VBM', 'old_radius_mean', 'pmid_afs_gauss_std', 'old_kpath_angle_deg', 'E_sfrac_CBM']","old_E_pfrac_VBM, old_radius_mean, pmid_afs_gauss_std, old_kpath_angle_deg, E_sfrac_CBM",LR,0.1270651233768687,0.6554517912026849
5,"['old_E_pfrac_VBM', 'old_radius_mean', 'pmid_afs_gauss_std', 'old_kpath_angle_deg', 'E_sfrac_CBM']","old_E_pfrac_VBM, old_radius_mean, pmid_afs_gauss_std, old_kpath_angle_deg, E_sfrac_CBM",SVR_RBF,0.41103088394382936,0.5129855132002209
5,"['old_E_pfrac_VBM', 'old_radius_mean', 'pmid_afs_gauss_std', 'old_ehull', 'E_sfrac_VBM']","old_E_pfrac_VBM, old_radius_mean, pmid_afs_gauss_std, old_ehull, E_sfrac_VBM",LR,0.359599179849191,0.6135461706487277
5,"['old_E_pfrac_VBM', 'old_radius_mean', 'pmid_afs_gauss_std', 'old_ehull', 'E_sfrac_VBM']","old_E_pfrac_VBM, old_radius_mean, pmid_afs_gauss_std, old_ehull, E_sfrac_VBM",SVR_RBF,0.3139659148960656,0.5651811114292169
5,"['old_E_pfrac_VBM', 'old_radius_mean', 'pmid_afs_gauss_std', 'old_ehull', 'E_sfrac_CBM']","old_E_pfrac_VBM, old_radius_mean, pmid_afs_gauss_std, old_ehull, E_sfrac_CBM",LR,0.12479563516682568,0.6626218492563034
5,"['old_E_pfrac_VBM', 'old_radius_mean', 'pmid_afs_gauss_std', 'old_ehull', 'E_sfrac_CBM']","old_E_pfrac_VBM, old_radius_mean, pmid_afs_gauss_std, old_ehull, E_sfrac_CBM",SVR_RBF,0.33902566575910076,0.5328382566468421
5,"['old_E_pfrac_VBM', 'old_radius_mean', 'pmid_afs_gauss_std', 'E_sfrac_VBM', 'E_sfrac_CBM']","old_E_pfrac_VBM, old_radius_mean, pmid_afs_gauss_std, E_sfrac_VBM, E_sfrac_CBM",LR,0.35352055164811624,0.6125557569283198
5,"['old_E_pfrac_VBM', 'old_radius_mean', 'pmid_afs_gauss_std', 'E_sfrac_VBM', 'E_sfrac_CBM']","old_E_pfrac_VBM, old_radius_mean, pmid_afs_gauss_std, E_sfrac_VBM, E_sfrac_CBM",SVR_RBF,0.3397568887213983,0.5258589487735746
5,"['old_E_pfrac_VBM', 'old_radius_mean', 'old_kpath_angle_deg', 'old_ehull', 'E_sfrac_VBM']","old_E_pfrac_VBM, old_radius_mean, old_kpath_angle_deg, old_ehull, E_sfrac_VBM",LR,0.3763755834985286,0.596890068646299
5,"['old_E_pfrac_VBM', 'old_radius_mean', 'old_kpath_angle_deg', 'old_ehull', 'E_sfrac_VBM']","old_E_pfrac_VBM, old_radius_mean, old_kpath_angle_deg, old_ehull, E_sfrac_VBM",SVR_RBF,0.3368257570971235,0.5646404747908612
5,"['old_E_pfrac_VBM', 'old_radius_mean', 'old_kpath_angle_deg', 'old_ehull', 'E_sfrac_CBM']","old_E_pfrac_VBM, old_radius_mean, old_kpath_angle_deg, old_ehull, E_sfrac_CBM",LR,0.1308015121940802,0.6597916155267143
5,"['old_E_pfrac_VBM', 'old_radius_mean', 'old_kpath_angle_deg', 'old_ehull', 'E_sfrac_CBM']","old_E_pfrac_VBM, old_radius_mean, old_kpath_angle_deg, old_ehull, E_sfrac_CBM",SVR_RBF,0.5105085019877207,0.48390737664477285
5,"['old_E_pfrac_VBM', 'old_radius_mean', 'old_kpath_angle_deg', 'E_sfrac_VBM', 'E_sfrac_CBM']","old_E_pfrac_VBM, old_radius_mean, old_kpath_angle_deg, E_sfrac_VBM, E_sfrac_CBM",LR,0.37854245957745025,0.6011345466470142
5,"['old_E_pfrac_VBM', 'old_radius_mean', 'old_kpath_angle_deg', 'E_sfrac_VBM', 'E_sfrac_CBM']","old_E_pfrac_VBM, old_radius_mean, old_kpath_angle_deg, E_sfrac_VBM, E_sfrac_CBM",SVR_RBF,0.33224869944514557,0.5418971887524048
5,"['old_E_pfrac_VBM', 'old_radius_mean', 'old_ehull', 'E_sfrac_VBM', 'E_sfrac_CBM']","old_E_pfrac_VBM, old_radius_mean, old_ehull, E_sfrac_VBM, E_sfrac_CBM",LR,0.30700322488933796,0.6243770132941355
5,"['old_E_pfrac_VBM', 'old_radius_mean', 'old_ehull', 'E_sfrac_VBM', 'E_sfrac_CBM']","old_E_pfrac_VBM, old_radius_mean, old_ehull, E_sfrac_VBM, E_sfrac_CBM",SVR_RBF,0.34008954566818816,0.5462148119101367
5,"['old_E_pfrac_VBM', 'old_max_Z4', 'pmid_afs_gauss_std', 'old_kpath_angle_deg', 'old_ehull']","old_E_pfrac_VBM, old_max_Z4, pmid_afs_gauss_std, old_kpath_angle_deg, old_ehull",LR,0.10819144420083104,0.6821761338880726
5,"['old_E_pfrac_VBM', 'old_max_Z4', 'pmid_afs_gauss_std', 'old_kpath_angle_deg', 'old_ehull']","old_E_pfrac_VBM, old_max_Z4, pmid_afs_gauss_std, old_kpath_angle_deg, old_ehull",SVR_RBF,0.018552605496449437,0.6648347873240398
5,"['old_E_pfrac_VBM', 'old_max_Z4', 'pmid_afs_gauss_std', 'old_kpath_angle_deg', 'E_sfrac_VBM']","old_E_pfrac_VBM, old_max_Z4, pmid_afs_gauss_std, old_kpath_angle_deg, E_sfrac_VBM",LR,0.40400420741771326,0.5968216301671236
5,"['old_E_pfrac_VBM', 'old_max_Z4', 'pmid_afs_gauss_std', 'old_kpath_angle_deg', 'E_sfrac_VBM']","old_E_pfrac_VBM, old_max_Z4, pmid_afs_gauss_std, old_kpath_angle_deg, E_sfrac_VBM",SVR_RBF,0.3110191132623831,0.5797710302847396
5,"['old_E_pfrac_VBM', 'old_max_Z4', 'pmid_afs_gauss_std', 'old_kpath_angle_deg', 'E_sfrac_CBM']","old_E_pfrac_VBM, old_max_Z4, pmid_afs_gauss_std, old_kpath_angle_deg, E_sfrac_CBM",LR,0.08975853984325644,0.6776228746500803
5,"['old_E_pfrac_VBM', 'old_max_Z4', 'pmid_afs_gauss_std', 'old_kpath_angle_deg', 'E_sfrac_CBM']","old_E_pfrac_VBM, old_max_Z4, pmid_afs_gauss_std, old_kpath_angle_deg, E_sfrac_CBM",SVR_RBF,0.3758249714528833,0.5212796977771962
5,"['old_E_pfrac_VBM', 'old_max_Z4', 'pmid_afs_gauss_std', 'old_ehull', 'E_sfrac_VBM']","old_E_pfrac_VBM, old_max_Z4, pmid_afs_gauss_std, old_ehull, E_sfrac_VBM",LR,0.3731362087448771,0.6139063325152336
5,"['old_E_pfrac_VBM', 'old_max_Z4', 'pmid_afs_gauss_std', 'old_ehull', 'E_sfrac_VBM']","old_E_pfrac_VBM, old_max_Z4, pmid_afs_gauss_std, old_ehull, E_sfrac_VBM",SVR_RBF,0.18743068043724898,0.6130306346574101
5,"['old_E_pfrac_VBM', 'old_max_Z4', 'pmid_afs_gauss_std', 'old_ehull', 'E_sfrac_CBM']","old_E_pfrac_VBM, old_max_Z4, pmid_afs_gauss_std, old_ehull, E_sfrac_CBM",LR,0.10714271302285538,0.6661197731597708
5,"['old_E_pfrac_VBM', 'old_max_Z4', 'pmid_afs_gauss_std', 'old_ehull', 'E_sfrac_CBM']","old_E_pfrac_VBM, old_max_Z4, pmid_afs_gauss_std, old_ehull, E_sfrac_CBM",SVR_RBF,0.07284737710916644,0.6055714927079604
5,"['old_E_pfrac_VBM', 'old_max_Z4', 'pmid_afs_gauss_std', 'E_sfrac_VBM', 'E_sfrac_CBM']","old_E_pfrac_VBM, old_max_Z4, pmid_afs_gauss_std, E_sfrac_VBM, E_sfrac_CBM",LR,0.3657442780996878,0.6144708643781921
5,"['old_E_pfrac_VBM', 'old_max_Z4', 'pmid_afs_gauss_std', 'E_sfrac_VBM', 'E_sfrac_CBM']","old_E_pfrac_VBM, old_max_Z4, pmid_afs_gauss_std, E_sfrac_VBM, E_sfrac_CBM",SVR_RBF,0.403078063439574,0.49225359030120924
5,"['old_E_pfrac_VBM', 'old_max_Z4', 'old_kpath_angle_deg', 'old_ehull', 'E_sfrac_VBM']","old_E_pfrac_VBM, old_max_Z4, old_kpath_angle_deg, old_ehull, E_sfrac_VBM",LR,0.38374373024442054,0.5960993859670282
5,"['old_E_pfrac_VBM', 'old_max_Z4', 'old_kpath_angle_deg', 'old_ehull', 'E_sfrac_VBM']","old_E_pfrac_VBM, old_max_Z4, old_kpath_angle_deg, old_ehull, E_sfrac_VBM",SVR_RBF,0.21166401769957488,0.5877259509020646
5,"['old_E_pfrac_VBM', 'old_max_Z4', 'old_kpath_angle_deg', 'old_ehull', 'E_sfrac_CBM']","old_E_pfrac_VBM, old_max_Z4, old_kpath_angle_deg, old_ehull, E_sfrac_CBM",LR,0.12621772889210647,0.668137016545343
5,"['old_E_pfrac_VBM', 'old_max_Z4', 'old_kpath_angle_deg', 'old_ehull', 'E_sfrac_CBM']","old_E_pfrac_VBM, old_max_Z4, old_kpath_angle_deg, old_ehull, E_sfrac_CBM",SVR_RBF,0.15096674484450012,0.5888226124098928
5,"['old_E_pfrac_VBM', 'old_max_Z4', 'old_kpath_angle_deg', 'E_sfrac_VBM', 'E_sfrac_CBM']","old_E_pfrac_VBM, old_max_Z4, old_kpath_angle_deg, E_sfrac_VBM, E_sfrac_CBM",LR,0.38562866416062114,0.6021838563370014
5,"['old_E_pfrac_VBM', 'old_max_Z4', 'old_kpath_angle_deg', 'E_sfrac_VBM', 'E_sfrac_CBM']","old_E_pfrac_VBM, old_max_Z4, old_kpath_angle_deg, E_sfrac_VBM, E_sfrac_CBM",SVR_RBF,0.2794584048046739,0.518225648627854
5,"['old_E_pfrac_VBM', 'old_max_Z4', 'old_ehull', 'E_sfrac_VBM', 'E_sfrac_CBM']","old_E_pfrac_VBM, old_max_Z4, old_ehull, E_sfrac_VBM, E_sfrac_CBM",LR,0.3245989373466527,0.6304195117709954
5,"['old_E_pfrac_VBM', 'old_max_Z4', 'old_ehull', 'E_sfrac_VBM', 'E_sfrac_CBM']","old_E_pfrac_VBM, old_max_Z4, old_ehull, E_sfrac_VBM, E_sfrac_CBM",SVR_RBF,0.35825097183172727,0.49709418858646426
5,"['old_E_pfrac_VBM', 'pmid_afs_gauss_std', 'old_kpath_angle_deg', 'old_ehull', 'E_sfrac_VBM']","old_E_pfrac_VBM, pmid_afs_gauss_std, old_kpath_angle_deg, old_ehull, E_sfrac_VBM",LR,0.4040303564839903,0.5910506811296954
5,"['old_E_pfrac_VBM', 'pmid_afs_gauss_std', 'old_kpath_angle_deg', 'old_ehull', 'E_sfrac_VBM']","old_E_pfrac_VBM, pmid_afs_gauss_std, old_kpath_angle_deg, old_ehull, E_sfrac_VBM",SVR_RBF,0.5005762931190536,0.4970716382976947
5,"['old_E_pfrac_VBM', 'pmid_afs_gauss_std', 'old_kpath_angle_deg', 'old_ehull', 'E_sfrac_CBM']","old_E_pfrac_VBM, pmid_afs_gauss_std, old_kpath_angle_deg, old_ehull, E_sfrac_CBM",LR,0.15541518026481038,0.6484794763929523
5,"['old_E_pfrac_VBM', 'pmid_afs_gauss_std', 'old_kpath_angle_deg', 'old_ehull', 'E_sfrac_CBM']","old_E_pfrac_VBM, pmid_afs_gauss_std, old_kpath_angle_deg, old_ehull, E_sfrac_CBM",SVR_RBF,0.5016445707591943,0.47476682680128696
5,"['old_E_pfrac_VBM', 'pmid_afs_gauss_std', 'old_kpath_angle_deg', 'E_sfrac_VBM', 'E_sfrac_CBM']","old_E_pfrac_VBM, pmid_afs_gauss_std, old_kpath_angle_deg, E_sfrac_VBM, E_sfrac_CBM",LR,0.3972913107000111,0.5961824014725949
5,"['old_E_pfrac_VBM', 'pmid_afs_gauss_std', 'old_kpath_angle_deg', 'E_sfrac_VBM', 'E_sfrac_CBM']","old_E_pfrac_VBM, pmid_afs_gauss_std, old_kpath_angle_deg, E_sfrac_VBM, E_sfrac_CBM",SVR_RBF,0.3854725685544177,0.5220644540528231
5,"['old_E_pfrac_VBM', 'pmid_afs_gauss_std', 'old_ehull', 'E_sfrac_VBM', 'E_sfrac_CBM']","old_E_pfrac_VBM, pmid_afs_gauss_std, old_ehull, E_sfrac_VBM, E_sfrac_CBM",LR,0.35242838334630966,0.6173638102645249
5,"['old_E_pfrac_VBM', 'pmid_afs_gauss_std', 'old_ehull', 'E_sfrac_VBM', 'E_sfrac_CBM']","old_E_pfrac_VBM, pmid_afs_gauss_std, old_ehull, E_sfrac_VBM, E_sfrac_CBM",SVR_RBF,0.29099515087164796,0.5383301763687596
5,"['old_E_pfrac_VBM', 'old_kpath_angle_deg', 'old_ehull', 'E_sfrac_VBM', 'E_sfrac_CBM']","old_E_pfrac_VBM, old_kpath_angle_deg, old_ehull, E_sfrac_VBM, E_sfrac_CBM",LR,0.3811328173285341,0.5968581942127653
5,"['old_E_pfrac_VBM', 'old_kpath_angle_deg', 'old_ehull', 'E_sfrac_VBM', 'E_sfrac_CBM']","old_E_pfrac_VBM, old_kpath_angle_deg, old_ehull, E_sfrac_VBM, E_sfrac_CBM",SVR_RBF,0.4867200905670196,0.46798235226867774
5,"['old_E_pfrac_CBM', 'old_radius_mean', 'old_max_Z4', 'pmid_afs_gauss_std', 'old_kpath_angle_deg']","old_E_pfrac_CBM, old_radius_mean, old_max_Z4, pmid_afs_gauss_std, old_kpath_angle_deg",LR,-0.03307622127459786,0.7567318932137944
5,"['old_E_pfrac_CBM', 'old_radius_mean', 'old_max_Z4', 'pmid_afs_gauss_std', 'old_kpath_angle_deg']","old_E_pfrac_CBM, old_radius_mean, old_max_Z4, pmid_afs_gauss_std, old_kpath_angle_deg",SVR_RBF,0.08055958231985638,0.7130596705951572
5,"['old_E_pfrac_CBM', 'old_radius_mean', 'old_max_Z4', 'pmid_afs_gauss_std', 'old_ehull']","old_E_pfrac_CBM, old_radius_mean, old_max_Z4, pmid_afs_gauss_std, old_ehull",LR,0.009683851125387166,0.7039744063868143
5,"['old_E_pfrac_CBM', 'old_radius_mean', 'old_max_Z4', 'pmid_afs_gauss_std', 'old_ehull']","old_E_pfrac_CBM, old_radius_mean, old_max_Z4, pmid_afs_gauss_std, old_ehull",SVR_RBF,0.2120231843117215,0.5836237237283014
5,"['old_E_pfrac_CBM', 'old_radius_mean', 'old_max_Z4', 'pmid_afs_gauss_std', 'E_sfrac_VBM']","old_E_pfrac_CBM, old_radius_mean, old_max_Z4, pmid_afs_gauss_std, E_sfrac_VBM",LR,0.34544216425825636,0.6043387199219504
5,"['old_E_pfrac_CBM', 'old_radius_mean', 'old_max_Z4', 'pmid_afs_gauss_std', 'E_sfrac_VBM']","old_E_pfrac_CBM, old_radius_mean, old_max_Z4, pmid_afs_gauss_std, E_sfrac_VBM",SVR_RBF,0.19640106846378413,0.606865975259236
5,"['old_E_pfrac_CBM', 'old_radius_mean', 'old_max_Z4', 'pmid_afs_gauss_std', 'E_sfrac_CBM']","old_E_pfrac_CBM, old_radius_mean, old_max_Z4, pmid_afs_gauss_std, E_sfrac_CBM",LR,-0.009841225636533668,0.7002581120331768
5,"['old_E_pfrac_CBM', 'old_radius_mean', 'old_max_Z4', 'pmid_afs_gauss_std', 'E_sfrac_CBM']","old_E_pfrac_CBM, old_radius_mean, old_max_Z4, pmid_afs_gauss_std, E_sfrac_CBM",SVR_RBF,0.22195500490041753,0.535573816957036
5,"['old_E_pfrac_CBM', 'old_radius_mean', 'old_max_Z4', 'old_kpath_angle_deg', 'old_ehull']","old_E_pfrac_CBM, old_radius_mean, old_max_Z4, old_kpath_angle_deg, old_ehull",LR,0.05178847142002607,0.7000482538624604
5,"['old_E_pfrac_CBM', 'old_radius_mean', 'old_max_Z4', 'old_kpath_angle_deg', 'old_ehull']","old_E_pfrac_CBM, old_radius_mean, old_max_Z4, old_kpath_angle_deg, old_ehull",SVR_RBF,0.23423872190312822,0.5897091168817167
5,"['old_E_pfrac_CBM', 'old_radius_mean', 'old_max_Z4', 'old_kpath_angle_deg', 'E_sfrac_VBM']","old_E_pfrac_CBM, old_radius_mean, old_max_Z4, old_kpath_angle_deg, E_sfrac_VBM",LR,0.3411894867496612,0.6033733534520154
5,"['old_E_pfrac_CBM', 'old_radius_mean', 'old_max_Z4', 'old_kpath_angle_deg', 'E_sfrac_VBM']","old_E_pfrac_CBM, old_radius_mean, old_max_Z4, old_kpath_angle_deg, E_sfrac_VBM",SVR_RBF,0.29637700994489646,0.594131545755987
5,"['old_E_pfrac_CBM', 'old_radius_mean', 'old_max_Z4', 'old_kpath_angle_deg', 'E_sfrac_CBM']","old_E_pfrac_CBM, old_radius_mean, old_max_Z4, old_kpath_angle_deg, E_sfrac_CBM",LR,0.012655452683107415,0.7120560767623247
5,"['old_E_pfrac_CBM', 'old_radius_mean', 'old_max_Z4', 'old_kpath_angle_deg', 'E_sfrac_CBM']","old_E_pfrac_CBM, old_radius_mean, old_max_Z4, old_kpath_angle_deg, E_sfrac_CBM",SVR_RBF,0.4041743014120651,0.5014806827869994
5,"['old_E_pfrac_CBM', 'old_radius_mean', 'old_max_Z4', 'old_ehull', 'E_sfrac_VBM']","old_E_pfrac_CBM, old_radius_mean, old_max_Z4, old_ehull, E_sfrac_VBM",LR,0.3228329255558825,0.591201100891135
5,"['old_E_pfrac_CBM', 'old_radius_mean', 'old_max_Z4', 'old_ehull', 'E_sfrac_VBM']","old_E_pfrac_CBM, old_radius_mean, old_max_Z4, old_ehull, E_sfrac_VBM",SVR_RBF,0.36063008807355723,0.5581610702104529
5,"['old_E_pfrac_CBM', 'old_radius_mean', 'old_max_Z4', 'old_ehull', 'E_sfrac_CBM']","old_E_pfrac_CBM, old_radius_mean, old_max_Z4, old_ehull, E_sfrac_CBM",LR,0.017866553325426637,0.677006914132189
5,"['old_E_pfrac_CBM', 'old_radius_mean', 'old_max_Z4', 'old_ehull', 'E_sfrac_CBM']","old_E_pfrac_CBM, old_radius_mean, old_max_Z4, old_ehull, E_sfrac_CBM",SVR_RBF,0.19706764588735448,0.5635700307625456
5,"['old_E_pfrac_CBM', 'old_radius_mean', 'old_max_Z4', 'E_sfrac_VBM', 'E_sfrac_CBM']","old_E_pfrac_CBM, old_radius_mean, old_max_Z4, E_sfrac_VBM, E_sfrac_CBM",LR,0.3254713665699127,0.6004987098191508
5,"['old_E_pfrac_CBM', 'old_radius_mean', 'old_max_Z4', 'E_sfrac_VBM', 'E_sfrac_CBM']","old_E_pfrac_CBM, old_radius_mean, old_max_Z4, E_sfrac_VBM, E_sfrac_CBM",SVR_RBF,0.3396009307145179,0.5288537764863614
5,"['old_E_pfrac_CBM', 'old_radius_mean', 'pmid_afs_gauss_std', 'old_kpath_angle_deg', 'old_ehull']","old_E_pfrac_CBM, old_radius_mean, pmid_afs_gauss_std, old_kpath_angle_deg, old_ehull",LR,0.057021119072813375,0.680641489955584
5,"['old_E_pfrac_CBM', 'old_radius_mean', 'pmid_afs_gauss_std', 'old_kpath_angle_deg', 'old_ehull']","old_E_pfrac_CBM, old_radius_mean, pmid_afs_gauss_std, old_kpath_angle_deg, old_ehull",SVR_RBF,0.23725516245687672,0.5279461733458654
5,"['old_E_pfrac_CBM', 'old_radius_mean', 'pmid_afs_gauss_std', 'old_kpath_angle_deg', 'E_sfrac_VBM']","old_E_pfrac_CBM, old_radius_mean, pmid_afs_gauss_std, old_kpath_angle_deg, E_sfrac_VBM",LR,0.30890066404331273,0.62164073002362
5,"['old_E_pfrac_CBM', 'old_radius_mean', 'pmid_afs_gauss_std', 'old_kpath_angle_deg', 'E_sfrac_VBM']","old_E_pfrac_CBM, old_radius_mean, pmid_afs_gauss_std, old_kpath_angle_deg, E_sfrac_VBM",SVR_RBF,0.3436849138683402,0.5628281644759211
5,"['old_E_pfrac_CBM', 'old_radius_mean', 'pmid_afs_gauss_std', 'old_kpath_angle_deg', 'E_sfrac_CBM']","old_E_pfrac_CBM, old_radius_mean, pmid_afs_gauss_std, old_kpath_angle_deg, E_sfrac_CBM",LR,0.017820735985235814,0.700870708040545
5,"['old_E_pfrac_CBM', 'old_radius_mean', 'pmid_afs_gauss_std', 'old_kpath_angle_deg', 'E_sfrac_CBM']","old_E_pfrac_CBM, old_radius_mean, pmid_afs_gauss_std, old_kpath_angle_deg, E_sfrac_CBM",SVR_RBF,0.31987333657807604,0.5333313051267248
5,"['old_E_pfrac_CBM', 'old_radius_mean', 'pmid_afs_gauss_std', 'old_ehull', 'E_sfrac_VBM']","old_E_pfrac_CBM, old_radius_mean, pmid_afs_gauss_std, old_ehull, E_sfrac_VBM",LR,0.3145450451789956,0.602305026751904
5,"['old_E_pfrac_CBM', 'old_radius_mean', 'pmid_afs_gauss_std', 'old_ehull', 'E_sfrac_VBM']","old_E_pfrac_CBM, old_radius_mean, pmid_afs_gauss_std, old_ehull, E_sfrac_VBM",SVR_RBF,0.3248393311400558,0.551998130390498
5,"['old_E_pfrac_CBM', 'old_radius_mean', 'pmid_afs_gauss_std', 'old_ehull', 'E_sfrac_CBM']","old_E_pfrac_CBM, old_radius_mean, pmid_afs_gauss_std, old_ehull, E_sfrac_CBM",LR,0.07056367692843968,0.6451622556903086
5,"['old_E_pfrac_CBM', 'old_radius_mean', 'pmid_afs_gauss_std', 'old_ehull', 'E_sfrac_CBM']","old_E_pfrac_CBM, old_radius_mean, pmid_afs_gauss_std, old_ehull, E_sfrac_CBM",SVR_RBF,0.24052500141626731,0.5509823456664795
5,"['old_E_pfrac_CBM', 'old_radius_mean', 'pmid_afs_gauss_std', 'E_sfrac_VBM', 'E_sfrac_CBM']","old_E_pfrac_CBM, old_radius_mean, pmid_afs_gauss_std, E_sfrac_VBM, E_sfrac_CBM",LR,0.2900915143987022,0.6216106829783049
5,"['old_E_pfrac_CBM', 'old_radius_mean', 'pmid_afs_gauss_std', 'E_sfrac_VBM', 'E_sfrac_CBM']","old_E_pfrac_CBM, old_radius_mean, pmid_afs_gauss_std, E_sfrac_VBM, E_sfrac_CBM",SVR_RBF,0.32996810554460343,0.5276222484316413
5,"['old_E_pfrac_CBM', 'old_radius_mean', 'old_kpath_angle_deg', 'old_ehull', 'E_sfrac_VBM']","old_E_pfrac_CBM, old_radius_mean, old_kpath_angle_deg, old_ehull, E_sfrac_VBM",LR,0.33481378203288314,0.5979973315586105
5,"['old_E_pfrac_CBM', 'old_radius_mean', 'old_kpath_angle_deg', 'old_ehull', 'E_sfrac_VBM']","old_E_pfrac_CBM, old_radius_mean, old_kpath_angle_deg, old_ehull, E_sfrac_VBM",SVR_RBF,0.2817751046569723,0.5840832707616709
5,"['old_E_pfrac_CBM', 'old_radius_mean', 'old_kpath_angle_deg', 'old_ehull', 'E_sfrac_CBM']","old_E_pfrac_CBM, old_radius_mean, old_kpath_angle_deg, old_ehull, E_sfrac_CBM",LR,0.10344464449046442,0.6558654050434529
5,"['old_E_pfrac_CBM', 'old_radius_mean', 'old_kpath_angle_deg', 'old_ehull', 'E_sfrac_CBM']","old_E_pfrac_CBM, old_radius_mean, old_kpath_angle_deg, old_ehull, E_sfrac_CBM",SVR_RBF,0.37508259975597946,0.5186548226932679
5,"['old_E_pfrac_CBM', 'old_radius_mean', 'old_kpath_angle_deg', 'E_sfrac_VBM', 'E_sfrac_CBM']","old_E_pfrac_CBM, old_radius_mean, old_kpath_angle_deg, E_sfrac_VBM, E_sfrac_CBM",LR,0.3105360965338455,0.6251125006371737
5,"['old_E_pfrac_CBM', 'old_radius_mean', 'old_kpath_angle_deg', 'E_sfrac_VBM', 'E_sfrac_CBM']","old_E_pfrac_CBM, old_radius_mean, old_kpath_angle_deg, E_sfrac_VBM, E_sfrac_CBM",SVR_RBF,0.3016878013619053,0.5557103757282221
5,"['old_E_pfrac_CBM', 'old_radius_mean', 'old_ehull', 'E_sfrac_VBM', 'E_sfrac_CBM']","old_E_pfrac_CBM, old_radius_mean, old_ehull, E_sfrac_VBM, E_sfrac_CBM",LR,0.28012392670997677,0.6128279466930383
5,"['old_E_pfrac_CBM', 'old_radius_mean', 'old_ehull', 'E_sfrac_VBM', 'E_sfrac_CBM']","old_E_pfrac_CBM, old_radius_mean, old_ehull, E_sfrac_VBM, E_sfrac_CBM",SVR_RBF,0.36266772911360146,0.5323627242293888
5,"['old_E_pfrac_CBM', 'old_max_Z4', 'pmid_afs_gauss_std', 'old_kpath_angle_deg', 'old_ehull']","old_E_pfrac_CBM, old_max_Z4, pmid_afs_gauss_std, old_kpath_angle_deg, old_ehull",LR,0.06036296769767069,0.696353835384288
5,"['old_E_pfrac_CBM', 'old_max_Z4', 'pmid_afs_gauss_std', 'old_kpath_angle_deg', 'old_ehull']","old_E_pfrac_CBM, old_max_Z4, pmid_afs_gauss_std, old_kpath_angle_deg, old_ehull",SVR_RBF,0.18155476028326845,0.6095806786248336
5,"['old_E_pfrac_CBM', 'old_max_Z4', 'pmid_afs_gauss_std', 'old_kpath_angle_deg', 'E_sfrac_VBM']","old_E_pfrac_CBM, old_max_Z4, pmid_afs_gauss_std, old_kpath_angle_deg, E_sfrac_VBM",LR,0.350945967645379,0.6071321316654752
5,"['old_E_pfrac_CBM', 'old_max_Z4', 'pmid_afs_gauss_std', 'old_kpath_angle_deg', 'E_sfrac_VBM']","old_E_pfrac_CBM, old_max_Z4, pmid_afs_gauss_std, old_kpath_angle_deg, E_sfrac_VBM",SVR_RBF,0.17330001966636255,0.6220600383407096
5,"['old_E_pfrac_CBM', 'old_max_Z4', 'pmid_afs_gauss_std', 'old_kpath_angle_deg', 'E_sfrac_CBM']","old_E_pfrac_CBM, old_max_Z4, pmid_afs_gauss_std, old_kpath_angle_deg, E_sfrac_CBM",LR,-0.03875640695586946,0.7353045561191155
5,"['old_E_pfrac_CBM', 'old_max_Z4', 'pmid_afs_gauss_std', 'old_kpath_angle_deg', 'E_sfrac_CBM']","old_E_pfrac_CBM, old_max_Z4, pmid_afs_gauss_std, old_kpath_angle_deg, E_sfrac_CBM",SVR_RBF,0.43421099528350837,0.4769932185186893
5,"['old_E_pfrac_CBM', 'old_max_Z4', 'pmid_afs_gauss_std', 'old_ehull', 'E_sfrac_VBM']","old_E_pfrac_CBM, old_max_Z4, pmid_afs_gauss_std, old_ehull, E_sfrac_VBM",LR,0.3661178899688795,0.5798729203367853
5,"['old_E_pfrac_CBM', 'old_max_Z4', 'pmid_afs_gauss_std', 'old_ehull', 'E_sfrac_VBM']","old_E_pfrac_CBM, old_max_Z4, pmid_afs_gauss_std, old_ehull, E_sfrac_VBM",SVR_RBF,0.18811011793695342,0.5914356302833718
5,"['old_E_pfrac_CBM', 'old_max_Z4', 'pmid_afs_gauss_std', 'old_ehull', 'E_sfrac_CBM']","old_E_pfrac_CBM, old_max_Z4, pmid_afs_gauss_std, old_ehull, E_sfrac_CBM",LR,0.040087154178970796,0.6611392906471704
5,"['old_E_pfrac_CBM', 'old_max_Z4', 'pmid_afs_gauss_std', 'old_ehull', 'E_sfrac_CBM']","old_E_pfrac_CBM, old_max_Z4, pmid_afs_gauss_std, old_ehull, E_sfrac_CBM",SVR_RBF,-0.026511893485818838,0.6393193258366733
5,"['old_E_pfrac_CBM', 'old_max_Z4', 'pmid_afs_gauss_std', 'E_sfrac_VBM', 'E_sfrac_CBM']","old_E_pfrac_CBM, old_max_Z4, pmid_afs_gauss_std, E_sfrac_VBM, E_sfrac_CBM",LR,0.34754989356390664,0.6080086872612922
5,"['old_E_pfrac_CBM', 'old_max_Z4', 'pmid_afs_gauss_std', 'E_sfrac_VBM', 'E_sfrac_CBM']","old_E_pfrac_CBM, old_max_Z4, pmid_afs_gauss_std, E_sfrac_VBM, E_sfrac_CBM",SVR_RBF,0.36020107770872556,0.5147548782335175
5,"['old_E_pfrac_CBM', 'old_max_Z4', 'old_kpath_angle_deg', 'old_ehull', 'E_sfrac_VBM']","old_E_pfrac_CBM, old_max_Z4, old_kpath_angle_deg, old_ehull, E_sfrac_VBM",LR,0.36396307215162305,0.5790048221564124
5,"['old_E_pfrac_CBM', 'old_max_Z4', 'old_kpath_angle_deg', 'old_ehull', 'E_sfrac_VBM']","old_E_pfrac_CBM, old_max_Z4, old_kpath_angle_deg, old_ehull, E_sfrac_VBM",SVR_RBF,0.12933715494553655,0.6047863523600601
5,"['old_E_pfrac_CBM', 'old_max_Z4', 'old_kpath_angle_deg', 'old_ehull', 'E_sfrac_CBM']","old_E_pfrac_CBM, old_max_Z4, old_kpath_angle_deg, old_ehull, E_sfrac_CBM",LR,0.09870037602112025,0.6668445175972797
5,"['old_E_pfrac_CBM', 'old_max_Z4', 'old_kpath_angle_deg', 'old_ehull', 'E_sfrac_CBM']","old_E_pfrac_CBM, old_max_Z4, old_kpath_angle_deg, old_ehull, E_sfrac_CBM",SVR_RBF,0.07681148877424349,0.6047520670331026
5,"['old_E_pfrac_CBM', 'old_max_Z4', 'old_kpath_angle_deg', 'E_sfrac_VBM', 'E_sfrac_CBM']","old_E_pfrac_CBM, old_max_Z4, old_kpath_angle_deg, E_sfrac_VBM, E_sfrac_CBM",LR,0.347706732329067,0.6009403337594275
5,"['old_E_pfrac_CBM', 'old_max_Z4', 'old_kpath_angle_deg', 'E_sfrac_VBM', 'E_sfrac_CBM']","old_E_pfrac_CBM, old_max_Z4, old_kpath_angle_deg, E_sfrac_VBM, E_sfrac_CBM",SVR_RBF,0.3544283204920522,0.474346983098817
5,"['old_E_pfrac_CBM', 'old_max_Z4', 'old_ehull', 'E_sfrac_VBM', 'E_sfrac_CBM']","old_E_pfrac_CBM, old_max_Z4, old_ehull, E_sfrac_VBM, E_sfrac_CBM",LR,0.3304236972330371,0.5909643423102097
5,"['old_E_pfrac_CBM', 'old_max_Z4', 'old_ehull', 'E_sfrac_VBM', 'E_sfrac_CBM']","old_E_pfrac_CBM, old_max_Z4, old_ehull, E_sfrac_VBM, E_sfrac_CBM",SVR_RBF,0.3151382711582952,0.5178250309699657
5,"['old_E_pfrac_CBM', 'pmid_afs_gauss_std', 'old_kpath_angle_deg', 'old_ehull', 'E_sfrac_VBM']","old_E_pfrac_CBM, pmid_afs_gauss_std, old_kpath_angle_deg, old_ehull, E_sfrac_VBM",LR,0.3555055455616368,0.5933660138750241
5,"['old_E_pfrac_CBM', 'pmid_afs_gauss_std', 'old_kpath_angle_deg', 'old_ehull', 'E_sfrac_VBM']","old_E_pfrac_CBM, pmid_afs_gauss_std, old_kpath_angle_deg, old_ehull, E_sfrac_VBM",SVR_RBF,0.49257318708439024,0.48894339618377625
5,"['old_E_pfrac_CBM', 'pmid_afs_gauss_std', 'old_kpath_angle_deg', 'old_ehull', 'E_sfrac_CBM']","old_E_pfrac_CBM, pmid_afs_gauss_std, old_kpath_angle_deg, old_ehull, E_sfrac_CBM",LR,0.07896063003988918,0.6600622447356391
5,"['old_E_pfrac_CBM', 'pmid_afs_gauss_std', 'old_kpath_angle_deg', 'old_ehull', 'E_sfrac_CBM']","old_E_pfrac_CBM, pmid_afs_gauss_std, old_kpath_angle_deg, old_ehull, E_sfrac_CBM",SVR_RBF,0.5738849395106798,0.45261403867246086
5,"['old_E_pfrac_CBM', 'pmid_afs_gauss_std', 'old_kpath_angle_deg', 'E_sfrac_VBM', 'E_sfrac_CBM']","old_E_pfrac_CBM, pmid_afs_gauss_std, old_kpath_angle_deg, E_sfrac_VBM, E_sfrac_CBM",LR,0.317195595097271,0.6240864217362574
5,"['old_E_pfrac_CBM', 'pmid_afs_gauss_std', 'old_kpath_angle_deg', 'E_sfrac_VBM', 'E_sfrac_CBM']","old_E_pfrac_CBM, pmid_afs_gauss_std, old_kpath_angle_deg, E_sfrac_VBM, E_sfrac_CBM",SVR_RBF,0.42731870404034444,0.4930446881676767
5,"['old_E_pfrac_CBM', 'pmid_afs_gauss_std', 'old_ehull', 'E_sfrac_VBM', 'E_sfrac_CBM']","old_E_pfrac_CBM, pmid_afs_gauss_std, old_ehull, E_sfrac_VBM, E_sfrac_CBM",LR,0.31799117365593466,0.6032026830156642
5,"['old_E_pfrac_CBM', 'pmid_afs_gauss_std', 'old_ehull', 'E_sfrac_VBM', 'E_sfrac_CBM']","old_E_pfrac_CBM, pmid_afs_gauss_std, old_ehull, E_sfrac_VBM, E_sfrac_CBM",SVR_RBF,0.36833537389474436,0.5053266060796293
5,"['old_E_pfrac_CBM', 'old_kpath_angle_deg', 'old_ehull', 'E_sfrac_VBM', 'E_sfrac_CBM']","old_E_pfrac_CBM, old_kpath_angle_deg, old_ehull, E_sfrac_VBM, E_sfrac_CBM",LR,0.34479072903713415,0.5967724842642514
5,"['old_E_pfrac_CBM', 'old_kpath_angle_deg', 'old_ehull', 'E_sfrac_VBM', 'E_sfrac_CBM']","old_E_pfrac_CBM, old_kpath_angle_deg, old_ehull, E_sfrac_VBM, E_sfrac_CBM",SVR_RBF,0.37252421471076336,0.5192691179481453
5,"['old_radius_mean', 'old_max_Z4', 'pmid_afs_gauss_std', 'old_kpath_angle_deg', 'old_ehull']","old_radius_mean, old_max_Z4, pmid_afs_gauss_std, old_kpath_angle_deg, old_ehull",LR,0.07748342274224607,0.687500494709487
5,"['old_radius_mean', 'old_max_Z4', 'pmid_afs_gauss_std', 'old_kpath_angle_deg', 'old_ehull']","old_radius_mean, old_max_Z4, pmid_afs_gauss_std, old_kpath_angle_deg, old_ehull",SVR_RBF,0.013048233829532241,0.6792044909477685
5,"['old_radius_mean', 'old_max_Z4', 'pmid_afs_gauss_std', 'old_kpath_angle_deg', 'E_sfrac_VBM']","old_radius_mean, old_max_Z4, pmid_afs_gauss_std, old_kpath_angle_deg, E_sfrac_VBM",LR,0.18438210940033462,0.6696403567631487
5,"['old_radius_mean', 'old_max_Z4', 'pmid_afs_gauss_std', 'old_kpath_angle_deg', 'E_sfrac_VBM']","old_radius_mean, old_max_Z4, pmid_afs_gauss_std, old_kpath_angle_deg, E_sfrac_VBM",SVR_RBF,0.11007254963756619,0.6756453200487792
5,"['old_radius_mean', 'old_max_Z4', 'pmid_afs_gauss_std', 'old_kpath_angle_deg', 'E_sfrac_CBM']","old_radius_mean, old_max_Z4, pmid_afs_gauss_std, old_kpath_angle_deg, E_sfrac_CBM",LR,0.02489392747345709,0.7181839986678616
5,"['old_radius_mean', 'old_max_Z4', 'pmid_afs_gauss_std', 'old_kpath_angle_deg', 'E_sfrac_CBM']","old_radius_mean, old_max_Z4, pmid_afs_gauss_std, old_kpath_angle_deg, E_sfrac_CBM",SVR_RBF,0.27061664979203526,0.5586258138232367
5,"['old_radius_mean', 'old_max_Z4', 'pmid_afs_gauss_std', 'old_ehull', 'E_sfrac_VBM']","old_radius_mean, old_max_Z4, pmid_afs_gauss_std, old_ehull, E_sfrac_VBM",LR,0.17538064894876826,0.6487407788194368
5,"['old_radius_mean', 'old_max_Z4', 'pmid_afs_gauss_std', 'old_ehull', 'E_sfrac_VBM']","old_radius_mean, old_max_Z4, pmid_afs_gauss_std, old_ehull, E_sfrac_VBM",SVR_RBF,0.21584308922200224,0.6190363281531899
5,"['old_radius_mean', 'old_max_Z4', 'pmid_afs_gauss_std', 'old_ehull', 'E_sfrac_CBM']","old_radius_mean, old_max_Z4, pmid_afs_gauss_std, old_ehull, E_sfrac_CBM",LR,0.052470086643425895,0.6725231559207114
5,"['old_radius_mean', 'old_max_Z4', 'pmid_afs_gauss_std', 'old_ehull', 'E_sfrac_CBM']","old_radius_mean, old_max_Z4, pmid_afs_gauss_std, old_ehull, E_sfrac_CBM",SVR_RBF,-0.07571830095074361,0.6748664278141442
5,"['old_radius_mean', 'old_max_Z4', 'pmid_afs_gauss_std', 'E_sfrac_VBM', 'E_sfrac_CBM']","old_radius_mean, old_max_Z4, pmid_afs_gauss_std, E_sfrac_VBM, E_sfrac_CBM",LR,0.1586542585812547,0.6758647720702257
5,"['old_radius_mean', 'old_max_Z4', 'pmid_afs_gauss_std', 'E_sfrac_VBM', 'E_sfrac_CBM']","old_radius_mean, old_max_Z4, pmid_afs_gauss_std, E_sfrac_VBM, E_sfrac_CBM",SVR_RBF,0.26648551502553264,0.55043240477776
5,"['old_radius_mean', 'old_max_Z4', 'old_kpath_angle_deg', 'old_ehull', 'E_sfrac_VBM']","old_radius_mean, old_max_Z4, old_kpath_angle_deg, old_ehull, E_sfrac_VBM",LR,0.21018241232971313,0.6330286610809163
5,"['old_radius_mean', 'old_max_Z4', 'old_kpath_angle_deg', 'old_ehull', 'E_sfrac_VBM']","old_radius_mean, old_max_Z4, old_kpath_angle_deg, old_ehull, E_sfrac_VBM",SVR_RBF,0.21666229110080237,0.6433649009112351
5,"['old_radius_mean', 'old_max_Z4', 'old_kpath_angle_deg', 'old_ehull', 'E_sfrac_CBM']","old_radius_mean, old_max_Z4, old_kpath_angle_deg, old_ehull, E_sfrac_CBM",LR,0.11139833270418054,0.6539987454959896
5,"['old_radius_mean', 'old_max_Z4', 'old_kpath_angle_deg', 'old_ehull', 'E_sfrac_CBM']","old_radius_mean, old_max_Z4, old_kpath_angle_deg, old_ehull, E_sfrac_CBM",SVR_RBF,0.09610036798544119,0.6642430533118705
5,"['old_radius_mean', 'old_max_Z4', 'old_kpath_angle_deg', 'E_sfrac_VBM', 'E_sfrac_CBM']","old_radius_mean, old_max_Z4, old_kpath_angle_deg, E_sfrac_VBM, E_sfrac_CBM",LR,0.1518659768573173,0.6839896226123304
5,"['old_radius_mean', 'old_max_Z4', 'old_kpath_angle_deg', 'E_sfrac_VBM', 'E_sfrac_CBM']","old_radius_mean, old_max_Z4, old_kpath_angle_deg, E_sfrac_VBM, E_sfrac_CBM",SVR_RBF,0.2912289457436621,0.5816830556048929
5,"['old_radius_mean', 'old_max_Z4', 'old_ehull', 'E_sfrac_VBM', 'E_sfrac_CBM']","old_radius_mean, old_max_Z4, old_ehull, E_sfrac_VBM, E_sfrac_CBM",LR,0.1603593893886366,0.6538127989033147
5,"['old_radius_mean', 'old_max_Z4', 'old_ehull', 'E_sfrac_VBM', 'E_sfrac_CBM']","old_radius_mean, old_max_Z4, old_ehull, E_sfrac_VBM, E_sfrac_CBM",SVR_RBF,0.20891709197066655,0.610900623036087
5,"['old_radius_mean', 'pmid_afs_gauss_std', 'old_kpath_angle_deg', 'old_ehull', 'E_sfrac_VBM']","old_radius_mean, pmid_afs_gauss_std, old_kpath_angle_deg, old_ehull, E_sfrac_VBM",LR,0.21265444968685354,0.6310708331816061
5,"['old_radius_mean', 'pmid_afs_gauss_std', 'old_kpath_angle_deg', 'old_ehull', 'E_sfrac_VBM']","old_radius_mean, pmid_afs_gauss_std, old_kpath_angle_deg, old_ehull, E_sfrac_VBM",SVR_RBF,0.38672487806198796,0.546745594603749
5,"['old_radius_mean', 'pmid_afs_gauss_std', 'old_kpath_angle_deg', 'old_ehull', 'E_sfrac_CBM']","old_radius_mean, pmid_afs_gauss_std, old_kpath_angle_deg, old_ehull, E_sfrac_CBM",LR,0.10118075020576112,0.6516144835167561
5,"['old_radius_mean', 'pmid_afs_gauss_std', 'old_kpath_angle_deg', 'old_ehull', 'E_sfrac_CBM']","old_radius_mean, pmid_afs_gauss_std, old_kpath_angle_deg, old_ehull, E_sfrac_CBM",SVR_RBF,0.3228875330670692,0.5648205183233566
5,"['old_radius_mean', 'pmid_afs_gauss_std', 'old_kpath_angle_deg', 'E_sfrac_VBM', 'E_sfrac_CBM']","old_radius_mean, pmid_afs_gauss_std, old_kpath_angle_deg, E_sfrac_VBM, E_sfrac_CBM",LR,0.1812837221977166,0.6711248214821464
5,"['old_radius_mean', 'pmid_afs_gauss_std', 'old_kpath_angle_deg', 'E_sfrac_VBM', 'E_sfrac_CBM']","old_radius_mean, pmid_afs_gauss_std, old_kpath_angle_deg, E_sfrac_VBM, E_sfrac_CBM",SVR_RBF,0.3011327919443232,0.5837595847611957
5,"['old_radius_mean', 'pmid_afs_gauss_std', 'old_ehull', 'E_sfrac_VBM', 'E_sfrac_CBM']","old_radius_mean, pmid_afs_gauss_std, old_ehull, E_sfrac_VBM, E_sfrac_CBM",LR,0.15955076981212368,0.6536429987976085
5,"['old_radius_mean', 'pmid_afs_gauss_std', 'old_ehull', 'E_sfrac_VBM', 'E_sfrac_CBM']","old_radius_mean, pmid_afs_gauss_std, old_ehull, E_sfrac_VBM, E_sfrac_CBM",SVR_RBF,0.18286415970338543,0.5998837714057654
5,"['old_radius_mean', 'old_kpath_angle_deg', 'old_ehull', 'E_sfrac_VBM', 'E_sfrac_CBM']","old_radius_mean, old_kpath_angle_deg, old_ehull, E_sfrac_VBM, E_sfrac_CBM",LR,0.19475543673833895,0.6372623080577576
5,"['old_radius_mean', 'old_kpath_angle_deg', 'old_ehull', 'E_sfrac_VBM', 'E_sfrac_CBM']","old_radius_mean, old_kpath_angle_deg, old_ehull, E_sfrac_VBM, E_sfrac_CBM",SVR_RBF,0.3671543324337917,0.5666689866676449
5,"['old_max_Z4', 'pmid_afs_gauss_std', 'old_kpath_angle_deg', 'old_ehull', 'E_sfrac_VBM']","old_max_Z4, pmid_afs_gauss_std, old_kpath_angle_deg, old_ehull, E_sfrac_VBM",LR,0.2345748616275538,0.6251624170369944
5,"['old_max_Z4', 'pmid_afs_gauss_std', 'old_kpath_angle_deg', 'old_ehull', 'E_sfrac_VBM']","old_max_Z4, pmid_afs_gauss_std, old_kpath_angle_deg, old_ehull, E_sfrac_VBM",SVR_RBF,0.17958111897298779,0.6127448058807636
5,"['old_max_Z4', 'pmid_afs_gauss_std', 'old_kpath_angle_deg', 'old_ehull', 'E_sfrac_CBM']","old_max_Z4, pmid_afs_gauss_std, old_kpath_angle_deg, old_ehull, E_sfrac_CBM",LR,0.11015156780318525,0.6595929737064004
5,"['old_max_Z4', 'pmid_afs_gauss_std', 'old_kpath_angle_deg', 'old_ehull', 'E_sfrac_CBM']","old_max_Z4, pmid_afs_gauss_std, old_kpath_angle_deg, old_ehull, E_sfrac_CBM",SVR_RBF,0.13014551647699124,0.6204813246490659
5,"['old_max_Z4', 'pmid_afs_gauss_std', 'old_kpath_angle_deg', 'E_sfrac_VBM', 'E_sfrac_CBM']","old_max_Z4, pmid_afs_gauss_std, old_kpath_angle_deg, E_sfrac_VBM, E_sfrac_CBM",LR,0.20145428815594313,0.6650942762971704
5,"['old_max_Z4', 'pmid_afs_gauss_std', 'old_kpath_angle_deg', 'E_sfrac_VBM', 'E_sfrac_CBM']","old_max_Z4, pmid_afs_gauss_std, old_kpath_angle_deg, E_sfrac_VBM, E_sfrac_CBM",SVR_RBF,0.37451739703528086,0.5207397700746251
5,"['old_max_Z4', 'pmid_afs_gauss_std', 'old_ehull', 'E_sfrac_VBM', 'E_sfrac_CBM']","old_max_Z4, pmid_afs_gauss_std, old_ehull, E_sfrac_VBM, E_sfrac_CBM",LR,0.18256581888205947,0.6495245896670112
5,"['old_max_Z4', 'pmid_afs_gauss_std', 'old_ehull', 'E_sfrac_VBM', 'E_sfrac_CBM']","old_max_Z4, pmid_afs_gauss_std, old_ehull, E_sfrac_VBM, E_sfrac_CBM",SVR_RBF,0.23106647449734918,0.5687743724474061
5,"['old_max_Z4', 'old_kpath_angle_deg', 'old_ehull', 'E_sfrac_VBM', 'E_sfrac_CBM']","old_max_Z4, old_kpath_angle_deg, old_ehull, E_sfrac_VBM, E_sfrac_CBM",LR,0.2176446970342334,0.6320152113637234
5,"['old_max_Z4', 'old_kpath_angle_deg', 'old_ehull', 'E_sfrac_VBM', 'E_sfrac_CBM']","old_max_Z4, old_kpath_angle_deg, old_ehull, E_sfrac_VBM, E_sfrac_CBM",SVR_RBF,0.1498072030741645,0.6079328770976111
5,"['pmid_afs_gauss_std', 'old_kpath_angle_deg', 'old_ehull', 'E_sfrac_VBM', 'E_sfrac_CBM']","pmid_afs_gauss_std, old_kpath_angle_deg, old_ehull, E_sfrac_VBM, E_sfrac_CBM",LR,0.2264271558245039,0.6288722957024542
5,"['pmid_afs_gauss_std', 'old_kpath_angle_deg', 'old_ehull', 'E_sfrac_VBM', 'E_sfrac_CBM']","pmid_afs_gauss_std, old_kpath_angle_deg, old_ehull, E_sfrac_VBM, E_sfrac_CBM",SVR_RBF,0.478347766939615,0.5015649455717821
6,"['old_E_pfrac_VBM', 'old_E_pfrac_CBM', 'old_radius_mean', 'old_max_Z4', 'pmid_afs_gauss_std', 'old_kpath_angle_deg']","old_E_pfrac_VBM, old_E_pfrac_CBM, old_radius_mean, old_max_Z4, pmid_afs_gauss_std, old_kpath_angle_deg",LR,0.07906058800463567,0.7056426071535126
6,"['old_E_pfrac_VBM', 'old_E_pfrac_CBM', 'old_radius_mean', 'old_max_Z4', 'pmid_afs_gauss_std', 'old_kpath_angle_deg']","old_E_pfrac_VBM, old_E_pfrac_CBM, old_radius_mean, old_max_Z4, pmid_afs_gauss_std, old_kpath_angle_deg",SVR_RBF,0.42321865064175423,0.5485404364714659
6,"['old_E_pfrac_VBM', 'old_E_pfrac_CBM', 'old_radius_mean', 'old_max_Z4', 'pmid_afs_gauss_std', 'old_ehull']","old_E_pfrac_VBM, old_E_pfrac_CBM, old_radius_mean, old_max_Z4, pmid_afs_gauss_std, old_ehull",LR,0.05425177544243931,0.7064912673675202
6,"['old_E_pfrac_VBM', 'old_E_pfrac_CBM', 'old_radius_mean', 'old_max_Z4', 'pmid_afs_gauss_std', 'old_ehull']","old_E_pfrac_VBM, old_E_pfrac_CBM, old_radius_mean, old_max_Z4, pmid_afs_gauss_std, old_ehull",SVR_RBF,0.324502312442132,0.5544399638752111
6,"['old_E_pfrac_VBM', 'old_E_pfrac_CBM', 'old_radius_mean', 'old_max_Z4', 'pmid_afs_gauss_std', 'E_sfrac_VBM']","old_E_pfrac_VBM, old_E_pfrac_CBM, old_radius_mean, old_max_Z4, pmid_afs_gauss_std, E_sfrac_VBM",LR,0.4006647724696879,0.5851930430444658
6,"['old_E_pfrac_VBM', 'old_E_pfrac_CBM', 'old_radius_mean', 'old_max_Z4', 'pmid_afs_gauss_std', 'E_sfrac_VBM']","old_E_pfrac_VBM, old_E_pfrac_CBM, old_radius_mean, old_max_Z4, pmid_afs_gauss_std, E_sfrac_VBM",SVR_RBF,0.2830432992739378,0.5716725875698524
6,"['old_E_pfrac_VBM', 'old_E_pfrac_CBM', 'old_radius_mean', 'old_max_Z4', 'pmid_afs_gauss_std', 'E_sfrac_CBM']","old_E_pfrac_VBM, old_E_pfrac_CBM, old_radius_mean, old_max_Z4, pmid_afs_gauss_std, E_sfrac_CBM",LR,0.07236601924745112,0.6916399464905221
6,"['old_E_pfrac_VBM', 'old_E_pfrac_CBM', 'old_radius_mean', 'old_max_Z4', 'pmid_afs_gauss_std', 'E_sfrac_CBM']","old_E_pfrac_VBM, old_E_pfrac_CBM, old_radius_mean, old_max_Z4, pmid_afs_gauss_std, E_sfrac_CBM",SVR_RBF,0.3232155725667697,0.5093600485870398
6,"['old_E_pfrac_VBM', 'old_E_pfrac_CBM', 'old_radius_mean', 'old_max_Z4', 'old_kpath_angle_deg', 'old_ehull']","old_E_pfrac_VBM, old_E_pfrac_CBM, old_radius_mean, old_max_Z4, old_kpath_angle_deg, old_ehull",LR,0.08595357619030386,0.6968677690269363
6,"['old_E_pfrac_VBM', 'old_E_pfrac_CBM', 'old_radius_mean', 'old_max_Z4', 'old_kpath_angle_deg', 'old_ehull']","old_E_pfrac_VBM, old_E_pfrac_CBM, old_radius_mean, old_max_Z4, old_kpath_angle_deg, old_ehull",SVR_RBF,0.4005990032799942,0.5027483790205292
6,"['old_E_pfrac_VBM', 'old_E_pfrac_CBM', 'old_radius_mean', 'old_max_Z4', 'old_kpath_angle_deg', 'E_sfrac_VBM']","old_E_pfrac_VBM, old_E_pfrac_CBM, old_radius_mean, old_max_Z4, old_kpath_angle_deg, E_sfrac_VBM",LR,0.3780817419086132,0.5931670903357779
6,"['old_E_pfrac_VBM', 'old_E_pfrac_CBM', 'old_radius_mean', 'old_max_Z4', 'old_kpath_angle_deg', 'E_sfrac_VBM']","old_E_pfrac_VBM, old_E_pfrac_CBM, old_radius_mean, old_max_Z4, old_kpath_angle_deg, E_sfrac_VBM",SVR_RBF,0.32763722121733785,0.5773454010702195
6,"['old_E_pfrac_VBM', 'old_E_pfrac_CBM', 'old_radius_mean', 'old_max_Z4', 'old_kpath_angle_deg', 'E_sfrac_CBM']","old_E_pfrac_VBM, old_E_pfrac_CBM, old_radius_mean, old_max_Z4, old_kpath_angle_deg, E_sfrac_CBM",LR,0.0939056221241813,0.7026098816912413
6,"['old_E_pfrac_VBM', 'old_E_pfrac_CBM', 'old_radius_mean', 'old_max_Z4', 'old_kpath_angle_deg', 'E_sfrac_CBM']","old_E_pfrac_VBM, old_E_pfrac_CBM, old_radius_mean, old_max_Z4, old_kpath_angle_deg, E_sfrac_CBM",SVR_RBF,0.4278345207351427,0.4815811121159643
6,"['old_E_pfrac_VBM', 'old_E_pfrac_CBM', 'old_radius_mean', 'old_max_Z4', 'old_ehull', 'E_sfrac_VBM']","old_E_pfrac_VBM, old_E_pfrac_CBM, old_radius_mean, old_max_Z4, old_ehull, E_sfrac_VBM",LR,0.32598560739371707,0.6083538065740183
6,"['old_E_pfrac_VBM', 'old_E_pfrac_CBM', 'old_radius_mean', 'old_max_Z4', 'old_ehull', 'E_sfrac_VBM']","old_E_pfrac_VBM, old_E_pfrac_CBM, old_radius_mean, old_max_Z4, old_ehull, E_sfrac_VBM",SVR_RBF,0.3790932061299199,0.5526941578493144
6,"['old_E_pfrac_VBM', 'old_E_pfrac_CBM', 'old_radius_mean', 'old_max_Z4', 'old_ehull', 'E_sfrac_CBM']","old_E_pfrac_VBM, old_E_pfrac_CBM, old_radius_mean, old_max_Z4, old_ehull, E_sfrac_CBM",LR,0.016550173234261112,0.7072892176724408
6,"['old_E_pfrac_VBM', 'old_E_pfrac_CBM', 'old_radius_mean', 'old_max_Z4', 'old_ehull', 'E_sfrac_CBM']","old_E_pfrac_VBM, old_E_pfrac_CBM, old_radius_mean, old_max_Z4, old_ehull, E_sfrac_CBM",SVR_RBF,0.28581383136424154,0.5430982232804185
6,"['old_E_pfrac_VBM', 'old_E_pfrac_CBM', 'old_radius_mean', 'old_max_Z4', 'E_sfrac_VBM', 'E_sfrac_CBM']","old_E_pfrac_VBM, old_E_pfrac_CBM, old_radius_mean, old_max_Z4, E_sfrac_VBM, E_sfrac_CBM",LR,0.34259596706046935,0.6056793893016685
6,"['old_E_pfrac_VBM', 'old_E_pfrac_CBM', 'old_radius_mean', 'old_max_Z4', 'E_sfrac_VBM', 'E_sfrac_CBM']","old_E_pfrac_VBM, old_E_pfrac_CBM, old_radius_mean, old_max_Z4, E_sfrac_VBM, E_sfrac_CBM",SVR_RBF,0.37862497642215165,0.5094123136096705
6,"['old_E_pfrac_VBM', 'old_E_pfrac_CBM', 'old_radius_mean', 'pmid_afs_gauss_std', 'old_kpath_angle_deg', 'old_ehull']","old_E_pfrac_VBM, old_E_pfrac_CBM, old_radius_mean, pmid_afs_gauss_std, old_kpath_angle_deg, old_ehull",LR,0.10597310028573081,0.6714175140813864
6,"['old_E_pfrac_VBM', 'old_E_pfrac_CBM', 'old_radius_mean', 'pmid_afs_gauss_std', 'old_kpath_angle_deg', 'old_ehull']","old_E_pfrac_VBM, old_E_pfrac_CBM, old_radius_mean, pmid_afs_gauss_std, old_kpath_angle_deg, old_ehull",SVR_RBF,0.4275248424173268,0.49082493114528436
6,"['old_E_pfrac_VBM', 'old_E_pfrac_CBM', 'old_radius_mean', 'pmid_afs_gauss_std', 'old_kpath_angle_deg', 'E_sfrac_VBM']","old_E_pfrac_VBM, old_E_pfrac_CBM, old_radius_mean, pmid_afs_gauss_std, old_kpath_angle_deg, E_sfrac_VBM",LR,0.3955118627201877,0.5892274748318195
6,"['old_E_pfrac_VBM', 'old_E_pfrac_CBM', 'old_radius_mean', 'pmid_afs_gauss_std', 'old_kpath_angle_deg', 'E_sfrac_VBM']","old_E_pfrac_VBM, old_E_pfrac_CBM, old_radius_mean, pmid_afs_gauss_std, old_kpath_angle_deg, E_sfrac_VBM",SVR_RBF,0.32990308817474,0.5714573996895853
6,"['old_E_pfrac_VBM', 'old_E_pfrac_CBM', 'old_radius_mean', 'pmid_afs_gauss_std', 'old_kpath_angle_deg', 'E_sfrac_CBM']","old_E_pfrac_VBM, old_E_pfrac_CBM, old_radius_mean, pmid_afs_gauss_std, old_kpath_angle_deg, E_sfrac_CBM",LR,0.11226938195139746,0.6767074575058534
6,"['old_E_pfrac_VBM', 'old_E_pfrac_CBM', 'old_radius_mean', 'pmid_afs_gauss_std', 'old_kpath_angle_deg', 'E_sfrac_CBM']","old_E_pfrac_VBM, old_E_pfrac_CBM, old_radius_mean, pmid_afs_gauss_std, old_kpath_angle_deg, E_sfrac_CBM",SVR_RBF,0.3587507787938343,0.5275417834732199
6,"['old_E_pfrac_VBM', 'old_E_pfrac_CBM', 'old_radius_mean', 'pmid_afs_gauss_std', 'old_ehull', 'E_sfrac_VBM']","old_E_pfrac_VBM, old_E_pfrac_CBM, old_radius_mean, pmid_afs_gauss_std, old_ehull, E_sfrac_VBM",LR,0.362761164878902,0.5929138714206782
6,"['old_E_pfrac_VBM', 'old_E_pfrac_CBM', 'old_radius_mean', 'pmid_afs_gauss_std', 'old_ehull', 'E_sfrac_VBM']","old_E_pfrac_VBM, old_E_pfrac_CBM, old_radius_mean, pmid_afs_gauss_std, old_ehull, E_sfrac_VBM",SVR_RBF,0.353886183168868,0.5328924001538948
6,"['old_E_pfrac_VBM', 'old_E_pfrac_CBM', 'old_radius_mean', 'pmid_afs_gauss_std', 'old_ehull', 'E_sfrac_CBM']","old_E_pfrac_VBM, old_E_pfrac_CBM, old_radius_mean, pmid_afs_gauss_std, old_ehull, E_sfrac_CBM",LR,0.10175455243607545,0.667691345849181
6,"['old_E_pfrac_VBM', 'old_E_pfrac_CBM', 'old_radius_mean', 'pmid_afs_gauss_std', 'old_ehull', 'E_sfrac_CBM']","old_E_pfrac_VBM, old_E_pfrac_CBM, old_radius_mean, pmid_afs_gauss_std, old_ehull, E_sfrac_CBM",SVR_RBF,0.3343902989329779,0.5194737656012326
6,"['old_E_pfrac_VBM', 'old_E_pfrac_CBM', 'old_radius_mean', 'pmid_afs_gauss_std', 'E_sfrac_VBM', 'E_sfrac_CBM']","old_E_pfrac_VBM, old_E_pfrac_CBM, old_radius_mean, pmid_afs_gauss_std, E_sfrac_VBM, E_sfrac_CBM",LR,0.36027274827030675,0.5954704692555248
6,"['old_E_pfrac_VBM', 'old_E_pfrac_CBM', 'old_radius_mean', 'pmid_afs_gauss_std', 'E_sfrac_VBM', 'E_sfrac_CBM']","old_E_pfrac_VBM, old_E_pfrac_CBM, old_radius_mean, pmid_afs_gauss_std, E_sfrac_VBM, E_sfrac_CBM",SVR_RBF,0.3638135376145121,0.5184943524988876
6,"['old_E_pfrac_VBM', 'old_E_pfrac_CBM', 'old_radius_mean', 'old_kpath_angle_deg', 'old_ehull', 'E_sfrac_VBM']","old_E_pfrac_VBM, old_E_pfrac_CBM, old_radius_mean, old_kpath_angle_deg, old_ehull, E_sfrac_VBM",LR,0.36396164990696134,0.5921817786291899
6,"['old_E_pfrac_VBM', 'old_E_pfrac_CBM', 'old_radius_mean', 'old_kpath_angle_deg', 'old_ehull', 'E_sfrac_VBM']","old_E_pfrac_VBM, old_E_pfrac_CBM, old_radius_mean, old_kpath_angle_deg, old_ehull, E_sfrac_VBM",SVR_RBF,0.30784795369358053,0.5645398998658737
6,"['old_E_pfrac_VBM', 'old_E_pfrac_CBM', 'old_radius_mean', 'old_kpath_angle_deg', 'old_ehull', 'E_sfrac_CBM']","old_E_pfrac_VBM, old_E_pfrac_CBM, old_radius_mean, old_kpath_angle_deg, old_ehull, E_sfrac_CBM",LR,0.11884431145252805,0.6708140886918508
6,"['old_E_pfrac_VBM', 'old_E_pfrac_CBM', 'old_radius_mean', 'old_kpath_angle_deg', 'old_ehull', 'E_sfrac_CBM']","old_E_pfrac_VBM, old_E_pfrac_CBM, old_radius_mean, old_kpath_angle_deg, old_ehull, E_sfrac_CBM",SVR_RBF,0.4636542428489938,0.48666154419084734
6,"['old_E_pfrac_VBM', 'old_E_pfrac_CBM', 'old_radius_mean', 'old_kpath_angle_deg', 'E_sfrac_VBM', 'E_sfrac_CBM']","old_E_pfrac_VBM, old_E_pfrac_CBM, old_radius_mean, old_kpath_angle_deg, E_sfrac_VBM, E_sfrac_CBM",LR,0.3704028013689934,0.5988495063662341
6,"['old_E_pfrac_VBM', 'old_E_pfrac_CBM', 'old_radius_mean', 'old_kpath_angle_deg', 'E_sfrac_VBM', 'E_sfrac_CBM']","old_E_pfrac_VBM, old_E_pfrac_CBM, old_radius_mean, old_kpath_angle_deg, E_sfrac_VBM, E_sfrac_CBM",SVR_RBF,0.3101288094576692,0.5526895129720658
6,"['old_E_pfrac_VBM', 'old_E_pfrac_CBM', 'old_radius_mean', 'old_ehull', 'E_sfrac_VBM', 'E_sfrac_CBM']","old_E_pfrac_VBM, old_E_pfrac_CBM, old_radius_mean, old_ehull, E_sfrac_VBM, E_sfrac_CBM",LR,0.2943293054504872,0.6195378176286215
6,"['old_E_pfrac_VBM', 'old_E_pfrac_CBM', 'old_radius_mean', 'old_ehull', 'E_sfrac_VBM', 'E_sfrac_CBM']","old_E_pfrac_VBM, old_E_pfrac_CBM, old_radius_mean, old_ehull, E_sfrac_VBM, E_sfrac_CBM",SVR_RBF,0.3532253567081828,0.5422445725027122
6,"['old_E_pfrac_VBM', 'old_E_pfrac_CBM', 'old_max_Z4', 'pmid_afs_gauss_std', 'old_kpath_angle_deg', 'old_ehull']","old_E_pfrac_VBM, old_E_pfrac_CBM, old_max_Z4, pmid_afs_gauss_std, old_kpath_angle_deg, old_ehull",LR,0.13513184120322763,0.6775555444287116
6,"['old_E_pfrac_VBM', 'old_E_pfrac_CBM', 'old_max_Z4', 'pmid_afs_gauss_std', 'old_kpath_angle_deg', 'old_ehull']","old_E_pfrac_VBM, old_E_pfrac_CBM, old_max_Z4, pmid_afs_gauss_std, old_kpath_angle_deg, old_ehull",SVR_RBF,0.329191590717573,0.5656642004374239
6,"['old_E_pfrac_VBM', 'old_E_pfrac_CBM', 'old_max_Z4', 'pmid_afs_gauss_std', 'old_kpath_angle_deg', 'E_sfrac_VBM']","old_E_pfrac_VBM, old_E_pfrac_CBM, old_max_Z4, pmid_afs_gauss_std, old_kpath_angle_deg, E_sfrac_VBM",LR,0.4182356051444819,0.5813989788220805
6,"['old_E_pfrac_VBM', 'old_E_pfrac_CBM', 'old_max_Z4', 'pmid_afs_gauss_std', 'old_kpath_angle_deg', 'E_sfrac_VBM']","old_E_pfrac_VBM, old_E_pfrac_CBM, old_max_Z4, pmid_afs_gauss_std, old_kpath_angle_deg, E_sfrac_VBM",SVR_RBF,0.3265138787247388,0.5701561618602746
6,"['old_E_pfrac_VBM', 'old_E_pfrac_CBM', 'old_max_Z4', 'pmid_afs_gauss_std', 'old_kpath_angle_deg', 'E_sfrac_CBM']","old_E_pfrac_VBM, old_E_pfrac_CBM, old_max_Z4, pmid_afs_gauss_std, old_kpath_angle_deg, E_sfrac_CBM",LR,0.11268753305180423,0.6896759899099515
6,"['old_E_pfrac_VBM', 'old_E_pfrac_CBM', 'old_max_Z4', 'pmid_afs_gauss_std', 'old_kpath_angle_deg', 'E_sfrac_CBM']","old_E_pfrac_VBM, old_E_pfrac_CBM, old_max_Z4, pmid_afs_gauss_std, old_kpath_angle_deg, E_sfrac_CBM",SVR_RBF,0.4761272084826702,0.4772280801975612
6,"['old_E_pfrac_VBM', 'old_E_pfrac_CBM', 'old_max_Z4', 'pmid_afs_gauss_std', 'old_ehull', 'E_sfrac_VBM']","old_E_pfrac_VBM, old_E_pfrac_CBM, old_max_Z4, pmid_afs_gauss_std, old_ehull, E_sfrac_VBM",LR,0.400336709731794,0.5808255501803877
6,"['old_E_pfrac_VBM', 'old_E_pfrac_CBM', 'old_max_Z4', 'pmid_afs_gauss_std', 'old_ehull', 'E_sfrac_VBM']","old_E_pfrac_VBM, old_E_pfrac_CBM, old_max_Z4, pmid_afs_gauss_std, old_ehull, E_sfrac_VBM",SVR_RBF,0.24337254004004916,0.582061537878136
6,"['old_E_pfrac_VBM', 'old_E_pfrac_CBM', 'old_max_Z4', 'pmid_afs_gauss_std', 'old_ehull', 'E_sfrac_CBM']","old_E_pfrac_VBM, old_E_pfrac_CBM, old_max_Z4, pmid_afs_gauss_std, old_ehull, E_sfrac_CBM",LR,0.09274572217999266,0.6842118969119947
6,"['old_E_pfrac_VBM', 'old_E_pfrac_CBM', 'old_max_Z4', 'pmid_afs_gauss_std', 'old_ehull', 'E_sfrac_CBM']","old_E_pfrac_VBM, old_E_pfrac_CBM, old_max_Z4, pmid_afs_gauss_std, old_ehull, E_sfrac_CBM",SVR_RBF,0.08064888728169295,0.6072957134243411
6,"['old_E_pfrac_VBM', 'old_E_pfrac_CBM', 'old_max_Z4', 'pmid_afs_gauss_std', 'E_sfrac_VBM', 'E_sfrac_CBM']","old_E_pfrac_VBM, old_E_pfrac_CBM, old_max_Z4, pmid_afs_gauss_std, E_sfrac_VBM, E_sfrac_CBM",LR,0.39960910663647065,0.5844849026788459
6,"['old_E_pfrac_VBM', 'old_E_pfrac_CBM', 'old_max_Z4', 'pmid_afs_gauss_std', 'E_sfrac_VBM', 'E_sfrac_CBM']","old_E_pfrac_VBM, old_E_pfrac_CBM, old_max_Z4, pmid_afs_gauss_std, E_sfrac_VBM, E_sfrac_CBM",SVR_RBF,0.4164966106642406,0.4835521630709167
6,"['old_E_pfrac_VBM', 'old_E_pfrac_CBM', 'old_max_Z4', 'old_kpath_angle_deg', 'old_ehull', 'E_sfrac_VBM']","old_E_pfrac_VBM, old_E_pfrac_CBM, old_max_Z4, old_kpath_angle_deg, old_ehull, E_sfrac_VBM",LR,0.3780102204672675,0.5849490926994064
6,"['old_E_pfrac_VBM', 'old_E_pfrac_CBM', 'old_max_Z4', 'old_kpath_angle_deg', 'old_ehull', 'E_sfrac_VBM']","old_E_pfrac_VBM, old_E_pfrac_CBM, old_max_Z4, old_kpath_angle_deg, old_ehull, E_sfrac_VBM",SVR_RBF,0.26962706966305183,0.5602189826370738
6,"['old_E_pfrac_VBM', 'old_E_pfrac_CBM', 'old_max_Z4', 'old_kpath_angle_deg', 'old_ehull', 'E_sfrac_CBM']","old_E_pfrac_VBM, old_E_pfrac_CBM, old_max_Z4, old_kpath_angle_deg, old_ehull, E_sfrac_CBM",LR,0.14247850815574825,0.6753851295859346
6,"['old_E_pfrac_VBM', 'old_E_pfrac_CBM', 'old_max_Z4', 'old_kpath_angle_deg', 'old_ehull', 'E_sfrac_CBM']","old_E_pfrac_VBM, old_E_pfrac_CBM, old_max_Z4, old_kpath_angle_deg, old_ehull, E_sfrac_CBM",SVR_RBF,0.23615340773135085,0.5566522382486252
6,"['old_E_pfrac_VBM', 'old_E_pfrac_CBM', 'old_max_Z4', 'old_kpath_angle_deg', 'E_sfrac_VBM', 'E_sfrac_CBM']","old_E_pfrac_VBM, old_E_pfrac_CBM, old_max_Z4, old_kpath_angle_deg, E_sfrac_VBM, E_sfrac_CBM",LR,0.3862897116298556,0.590866889032693
6,"['old_E_pfrac_VBM', 'old_E_pfrac_CBM', 'old_max_Z4', 'old_kpath_angle_deg', 'E_sfrac_VBM', 'E_sfrac_CBM']","old_E_pfrac_VBM, old_E_pfrac_CBM, old_max_Z4, old_kpath_angle_deg, E_sfrac_VBM, E_sfrac_CBM",SVR_RBF,0.3813727325776364,0.4713808146456576
6,"['old_E_pfrac_VBM', 'old_E_pfrac_CBM', 'old_max_Z4', 'old_ehull', 'E_sfrac_VBM', 'E_sfrac_CBM']","old_E_pfrac_VBM, old_E_pfrac_CBM, old_max_Z4, old_ehull, E_sfrac_VBM, E_sfrac_CBM",LR,0.3311071416178325,0.6066573209698105
6,"['old_E_pfrac_VBM', 'old_E_pfrac_CBM', 'old_max_Z4', 'old_ehull', 'E_sfrac_VBM', 'E_sfrac_CBM']","old_E_pfrac_VBM, old_E_pfrac_CBM, old_max_Z4, old_ehull, E_sfrac_VBM, E_sfrac_CBM",SVR_RBF,0.338915611937733,0.5091146077973006
6,"['old_E_pfrac_VBM', 'old_E_pfrac_CBM', 'pmid_afs_gauss_std', 'old_kpath_angle_deg', 'old_ehull', 'E_sfrac_VBM']","old_E_pfrac_VBM, old_E_pfrac_CBM, pmid_afs_gauss_std, old_kpath_angle_deg, old_ehull, E_sfrac_VBM",LR,0.40499156821367255,0.5773751989640339
6,"['old_E_pfrac_VBM', 'old_E_pfrac_CBM', 'pmid_afs_gauss_std', 'old_kpath_angle_deg', 'old_ehull', 'E_sfrac_VBM']","old_E_pfrac_VBM, old_E_pfrac_CBM, pmid_afs_gauss_std, old_kpath_angle_deg, old_ehull, E_sfrac_VBM",SVR_RBF,0.5112522133325621,0.4823928742407074
6,"['old_E_pfrac_VBM', 'old_E_pfrac_CBM', 'pmid_afs_gauss_std', 'old_kpath_angle_deg', 'old_ehull', 'E_sfrac_CBM']","old_E_pfrac_VBM, old_E_pfrac_CBM, pmid_afs_gauss_std, old_kpath_angle_deg, old_ehull, E_sfrac_CBM",LR,0.1419064460818632,0.6612416960845975
6,"['old_E_pfrac_VBM', 'old_E_pfrac_CBM', 'pmid_afs_gauss_std', 'old_kpath_angle_deg', 'old_ehull', 'E_sfrac_CBM']","old_E_pfrac_VBM, old_E_pfrac_CBM, pmid_afs_gauss_std, old_kpath_angle_deg, old_ehull, E_sfrac_CBM",SVR_RBF,0.5442767855708789,0.4510870811101583
6,"['old_E_pfrac_VBM', 'old_E_pfrac_CBM', 'pmid_afs_gauss_std', 'old_kpath_angle_deg', 'E_sfrac_VBM', 'E_sfrac_CBM']","old_E_pfrac_VBM, old_E_pfrac_CBM, pmid_afs_gauss_std, old_kpath_angle_deg, E_sfrac_VBM, E_sfrac_CBM",LR,0.39879145393482285,0.5869121604271417
6,"['old_E_pfrac_VBM', 'old_E_pfrac_CBM', 'pmid_afs_gauss_std', 'old_kpath_angle_deg', 'E_sfrac_VBM', 'E_sfrac_CBM']","old_E_pfrac_VBM, old_E_pfrac_CBM, pmid_afs_gauss_std, old_kpath_angle_deg, E_sfrac_VBM, E_sfrac_CBM",SVR_RBF,0.4204478588465391,0.49790050092975685
6,"['old_E_pfrac_VBM', 'old_E_pfrac_CBM', 'pmid_afs_gauss_std', 'old_ehull', 'E_sfrac_VBM', 'E_sfrac_CBM']","old_E_pfrac_VBM, old_E_pfrac_CBM, pmid_afs_gauss_std, old_ehull, E_sfrac_VBM, E_sfrac_CBM",LR,0.35964879556631135,0.5935840600266432
6,"['old_E_pfrac_VBM', 'old_E_pfrac_CBM', 'pmid_afs_gauss_std', 'old_ehull', 'E_sfrac_VBM', 'E_sfrac_CBM']","old_E_pfrac_VBM, old_E_pfrac_CBM, pmid_afs_gauss_std, old_ehull, E_sfrac_VBM, E_sfrac_CBM",SVR_RBF,0.3354921466048789,0.5162749799236629
6,"['old_E_pfrac_VBM', 'old_E_pfrac_CBM', 'old_kpath_angle_deg', 'old_ehull', 'E_sfrac_VBM', 'E_sfrac_CBM']","old_E_pfrac_VBM, old_E_pfrac_CBM, old_kpath_angle_deg, old_ehull, E_sfrac_VBM, E_sfrac_CBM",LR,0.37013095510139504,0.59159469366374
6,"['old_E_pfrac_VBM', 'old_E_pfrac_CBM', 'old_kpath_angle_deg', 'old_ehull', 'E_sfrac_VBM', 'E_sfrac_CBM']","old_E_pfrac_VBM, old_E_pfrac_CBM, old_kpath_angle_deg, old_ehull, E_sfrac_VBM, E_sfrac_CBM",SVR_RBF,0.4682380238624576,0.46673066822954223
6,"['old_E_pfrac_VBM', 'old_radius_mean', 'old_max_Z4', 'pmid_afs_gauss_std', 'old_kpath_angle_deg', 'old_ehull']","old_E_pfrac_VBM, old_radius_mean, old_max_Z4, pmid_afs_gauss_std, old_kpath_angle_deg, old_ehull",LR,0.10397733794151931,0.67077156436384
6,"['old_E_pfrac_VBM', 'old_radius_mean', 'old_max_Z4', 'pmid_afs_gauss_std', 'old_kpath_angle_deg', 'old_ehull']","old_E_pfrac_VBM, old_radius_mean, old_max_Z4, pmid_afs_gauss_std, old_kpath_angle_deg, old_ehull",SVR_RBF,0.22747878760956253,0.5735566116118909
6,"['old_E_pfrac_VBM', 'old_radius_mean', 'old_max_Z4', 'pmid_afs_gauss_std', 'old_kpath_angle_deg', 'E_sfrac_VBM']","old_E_pfrac_VBM, old_radius_mean, old_max_Z4, pmid_afs_gauss_std, old_kpath_angle_deg, E_sfrac_VBM",LR,0.38532438997744256,0.6050681284605045
6,"['old_E_pfrac_VBM', 'old_radius_mean', 'old_max_Z4', 'pmid_afs_gauss_std', 'old_kpath_angle_deg', 'E_sfrac_VBM']","old_E_pfrac_VBM, old_radius_mean, old_max_Z4, pmid_afs_gauss_std, old_kpath_angle_deg, E_sfrac_VBM",SVR_RBF,0.24384297307940206,0.591154285259543
6,"['old_E_pfrac_VBM', 'old_radius_mean', 'old_max_Z4', 'pmid_afs_gauss_std', 'old_kpath_angle_deg', 'E_sfrac_CBM']","old_E_pfrac_VBM, old_radius_mean, old_max_Z4, pmid_afs_gauss_std, old_kpath_angle_deg, E_sfrac_CBM",LR,0.109861375932776,0.6629038970037774
6,"['old_E_pfrac_VBM', 'old_radius_mean', 'old_max_Z4', 'pmid_afs_gauss_std', 'old_kpath_angle_deg', 'E_sfrac_CBM']","old_E_pfrac_VBM, old_radius_mean, old_max_Z4, pmid_afs_gauss_std, old_kpath_angle_deg, E_sfrac_CBM",SVR_RBF,0.4104913526236822,0.4936636908102343
6,"['old_E_pfrac_VBM', 'old_radius_mean', 'old_max_Z4', 'pmid_afs_gauss_std', 'old_ehull', 'E_sfrac_VBM']","old_E_pfrac_VBM, old_radius_mean, old_max_Z4, pmid_afs_gauss_std, old_ehull, E_sfrac_VBM",LR,0.35272906723574027,0.6218100720289358
6,"['old_E_pfrac_VBM', 'old_radius_mean', 'old_max_Z4', 'pmid_afs_gauss_std', 'old_ehull', 'E_sfrac_VBM']","old_E_pfrac_VBM, old_radius_mean, old_max_Z4, pmid_afs_gauss_std, old_ehull, E_sfrac_VBM",SVR_RBF,0.31791723699090046,0.568328614905267
6,"['old_E_pfrac_VBM', 'old_radius_mean', 'old_max_Z4', 'pmid_afs_gauss_std', 'old_ehull', 'E_sfrac_CBM']","old_E_pfrac_VBM, old_radius_mean, old_max_Z4, pmid_afs_gauss_std, old_ehull, E_sfrac_CBM",LR,0.10384557955865137,0.6707583591278993
6,"['old_E_pfrac_VBM', 'old_radius_mean', 'old_max_Z4', 'pmid_afs_gauss_std', 'old_ehull', 'E_sfrac_CBM']","old_E_pfrac_VBM, old_radius_mean, old_max_Z4, pmid_afs_gauss_std, old_ehull, E_sfrac_CBM",SVR_RBF,0.223621581203564,0.5659537343523678
6,"['old_E_pfrac_VBM', 'old_radius_mean', 'old_max_Z4', 'pmid_afs_gauss_std', 'E_sfrac_VBM', 'E_sfrac_CBM']","old_E_pfrac_VBM, old_radius_mean, old_max_Z4, pmid_afs_gauss_std, E_sfrac_VBM, E_sfrac_CBM",LR,0.3471139817279325,0.6212664835618348
6,"['old_E_pfrac_VBM', 'old_radius_mean', 'old_max_Z4', 'pmid_afs_gauss_std', 'E_sfrac_VBM', 'E_sfrac_CBM']","old_E_pfrac_VBM, old_radius_mean, old_max_Z4, pmid_afs_gauss_std, E_sfrac_VBM, E_sfrac_CBM",SVR_RBF,0.3217572892372683,0.5147032419464524
6,"['old_E_pfrac_VBM', 'old_radius_mean', 'old_max_Z4', 'old_kpath_angle_deg', 'old_ehull', 'E_sfrac_VBM']","old_E_pfrac_VBM, old_radius_mean, old_max_Z4, old_kpath_angle_deg, old_ehull, E_sfrac_VBM",LR,0.36371159750269977,0.6039841200629927
6,"['old_E_pfrac_VBM', 'old_radius_mean', 'old_max_Z4', 'old_kpath_angle_deg', 'old_ehull', 'E_sfrac_VBM']","old_E_pfrac_VBM, old_radius_mean, old_max_Z4, old_kpath_angle_deg, old_ehull, E_sfrac_VBM",SVR_RBF,0.32287912743042835,0.5740170814683104
6,"['old_E_pfrac_VBM', 'old_radius_mean', 'old_max_Z4', 'old_kpath_angle_deg', 'old_ehull', 'E_sfrac_CBM']","old_E_pfrac_VBM, old_radius_mean, old_max_Z4, old_kpath_angle_deg, old_ehull, E_sfrac_CBM",LR,0.12136093798396175,0.666055519326296
6,"['old_E_pfrac_VBM', 'old_radius_mean', 'old_max_Z4', 'old_kpath_angle_deg', 'old_ehull', 'E_sfrac_CBM']","old_E_pfrac_VBM, old_radius_mean, old_max_Z4, old_kpath_angle_deg, old_ehull, E_sfrac_CBM",SVR_RBF,0.36358880320405873,0.5184634729021668
6,"['old_E_pfrac_VBM', 'old_radius_mean', 'old_max_Z4', 'old_kpath_angle_deg', 'E_sfrac_VBM', 'E_sfrac_CBM']","old_E_pfrac_VBM, old_radius_mean, old_max_Z4, old_kpath_angle_deg, E_sfrac_VBM, E_sfrac_CBM",LR,0.36737183350693003,0.6083742741459727
6,"['old_E_pfrac_VBM', 'old_radius_mean', 'old_max_Z4', 'old_kpath_angle_deg', 'E_sfrac_VBM', 'E_sfrac_CBM']","old_E_pfrac_VBM, old_radius_mean, old_max_Z4, old_kpath_angle_deg, E_sfrac_VBM, E_sfrac_CBM",SVR_RBF,0.342711410294263,0.52113188675153
6,"['old_E_pfrac_VBM', 'old_radius_mean', 'old_max_Z4', 'old_ehull', 'E_sfrac_VBM', 'E_sfrac_CBM']","old_E_pfrac_VBM, old_radius_mean, old_max_Z4, old_ehull, E_sfrac_VBM, E_sfrac_CBM",LR,0.30429320937937376,0.6364867758792894
6,"['old_E_pfrac_VBM', 'old_radius_mean', 'old_max_Z4', 'old_ehull', 'E_sfrac_VBM', 'E_sfrac_CBM']","old_E_pfrac_VBM, old_radius_mean, old_max_Z4, old_ehull, E_sfrac_VBM, E_sfrac_CBM",SVR_RBF,0.24034980677101192,0.586296759598714
6,"['old_E_pfrac_VBM', 'old_radius_mean', 'pmid_afs_gauss_std', 'old_kpath_angle_deg', 'old_ehull', 'E_sfrac_VBM']","old_E_pfrac_VBM, old_radius_mean, pmid_afs_gauss_std, old_kpath_angle_deg, old_ehull, E_sfrac_VBM",LR,0.3853381882048732,0.5994429108633894
6,"['old_E_pfrac_VBM', 'old_radius_mean', 'pmid_afs_gauss_std', 'old_kpath_angle_deg', 'old_ehull', 'E_sfrac_VBM']","old_E_pfrac_VBM, old_radius_mean, pmid_afs_gauss_std, old_kpath_angle_deg, old_ehull, E_sfrac_VBM",SVR_RBF,0.4333465743219074,0.5237667089928061
6,"['old_E_pfrac_VBM', 'old_radius_mean', 'pmid_afs_gauss_std', 'old_kpath_angle_deg', 'old_ehull', 'E_sfrac_CBM']","old_E_pfrac_VBM, old_radius_mean, pmid_afs_gauss_std, old_kpath_angle_deg, old_ehull, E_sfrac_CBM",LR,0.16578047524198003,0.6372584260699198
6,"['old_E_pfrac_VBM', 'old_radius_mean', 'pmid_afs_gauss_std', 'old_kpath_angle_deg', 'old_ehull', 'E_sfrac_CBM']","old_E_pfrac_VBM, old_radius_mean, pmid_afs_gauss_std, old_kpath_angle_deg, old_ehull, E_sfrac_CBM",SVR_RBF,0.5455901208575451,0.46700205197206257
6,"['old_E_pfrac_VBM', 'old_radius_mean', 'pmid_afs_gauss_std', 'old_kpath_angle_deg', 'E_sfrac_VBM', 'E_sfrac_CBM']","old_E_pfrac_VBM, old_radius_mean, pmid_afs_gauss_std, old_kpath_angle_deg, E_sfrac_VBM, E_sfrac_CBM",LR,0.37906235120946585,0.6042193829710644
6,"['old_E_pfrac_VBM', 'old_radius_mean', 'pmid_afs_gauss_std', 'old_kpath_angle_deg', 'E_sfrac_VBM', 'E_sfrac_CBM']","old_E_pfrac_VBM, old_radius_mean, pmid_afs_gauss_std, old_kpath_angle_deg, E_sfrac_VBM, E_sfrac_CBM",SVR_RBF,0.37341613702346876,0.5288625083049092
6,"['old_E_pfrac_VBM', 'old_radius_mean', 'pmid_afs_gauss_std', 'old_ehull', 'E_sfrac_VBM', 'E_sfrac_CBM']","old_E_pfrac_VBM, old_radius_mean, pmid_afs_gauss_std, old_ehull, E_sfrac_VBM, E_sfrac_CBM",LR,0.3320940145527739,0.6221860107182435
6,"['old_E_pfrac_VBM', 'old_radius_mean', 'pmid_afs_gauss_std', 'old_ehull', 'E_sfrac_VBM', 'E_sfrac_CBM']","old_E_pfrac_VBM, old_radius_mean, pmid_afs_gauss_std, old_ehull, E_sfrac_VBM, E_sfrac_CBM",SVR_RBF,0.23158762793050935,0.5732040928801514
6,"['old_E_pfrac_VBM', 'old_radius_mean', 'old_kpath_angle_deg', 'old_ehull', 'E_sfrac_VBM', 'E_sfrac_CBM']","old_E_pfrac_VBM, old_radius_mean, old_kpath_angle_deg, old_ehull, E_sfrac_VBM, E_sfrac_CBM",LR,0.362395752975992,0.6040297345207363
6,"['old_E_pfrac_VBM', 'old_radius_mean', 'old_kpath_angle_deg', 'old_ehull', 'E_sfrac_VBM', 'E_sfrac_CBM']","old_E_pfrac_VBM, old_radius_mean, old_kpath_angle_deg, old_ehull, E_sfrac_VBM, E_sfrac_CBM",SVR_RBF,0.44696479221805574,0.504317823629367
6,"['old_E_pfrac_VBM', 'old_max_Z4', 'pmid_afs_gauss_std', 'old_kpath_angle_deg', 'old_ehull', 'E_sfrac_VBM']","old_E_pfrac_VBM, old_max_Z4, pmid_afs_gauss_std, old_kpath_angle_deg, old_ehull, E_sfrac_VBM",LR,0.3916010477045535,0.5973373340611373
6,"['old_E_pfrac_VBM', 'old_max_Z4', 'pmid_afs_gauss_std', 'old_kpath_angle_deg', 'old_ehull', 'E_sfrac_VBM']","old_E_pfrac_VBM, old_max_Z4, pmid_afs_gauss_std, old_kpath_angle_deg, old_ehull, E_sfrac_VBM",SVR_RBF,0.26436586463637757,0.5770749585633957
6,"['old_E_pfrac_VBM', 'old_max_Z4', 'pmid_afs_gauss_std', 'old_kpath_angle_deg', 'old_ehull', 'E_sfrac_CBM']","old_E_pfrac_VBM, old_max_Z4, pmid_afs_gauss_std, old_kpath_angle_deg, old_ehull, E_sfrac_CBM",LR,0.15681680982494717,0.650066557708183
6,"['old_E_pfrac_VBM', 'old_max_Z4', 'pmid_afs_gauss_std', 'old_kpath_angle_deg', 'old_ehull', 'E_sfrac_CBM']","old_E_pfrac_VBM, old_max_Z4, pmid_afs_gauss_std, old_kpath_angle_deg, old_ehull, E_sfrac_CBM",SVR_RBF,0.30291355364505534,0.5416271107288808
6,"['old_E_pfrac_VBM', 'old_max_Z4', 'pmid_afs_gauss_std', 'old_kpath_angle_deg', 'E_sfrac_VBM', 'E_sfrac_CBM']","old_E_pfrac_VBM, old_max_Z4, pmid_afs_gauss_std, old_kpath_angle_deg, E_sfrac_VBM, E_sfrac_CBM",LR,0.38569804468511326,0.6029855045865624
6,"['old_E_pfrac_VBM', 'old_max_Z4', 'pmid_afs_gauss_std', 'old_kpath_angle_deg', 'E_sfrac_VBM', 'E_sfrac_CBM']","old_E_pfrac_VBM, old_max_Z4, pmid_afs_gauss_std, old_kpath_angle_deg, E_sfrac_VBM, E_sfrac_CBM",SVR_RBF,0.36925619658245934,0.5015434839994181
6,"['old_E_pfrac_VBM', 'old_max_Z4', 'pmid_afs_gauss_std', 'old_ehull', 'E_sfrac_VBM', 'E_sfrac_CBM']","old_E_pfrac_VBM, old_max_Z4, pmid_afs_gauss_std, old_ehull, E_sfrac_VBM, E_sfrac_CBM",LR,0.34705946710360436,0.6225460679191941
6,"['old_E_pfrac_VBM', 'old_max_Z4', 'pmid_afs_gauss_std', 'old_ehull', 'E_sfrac_VBM', 'E_sfrac_CBM']","old_E_pfrac_VBM, old_max_Z4, pmid_afs_gauss_std, old_ehull, E_sfrac_VBM, E_sfrac_CBM",SVR_RBF,0.1923425553108783,0.5720160207012747
6,"['old_E_pfrac_VBM', 'old_max_Z4', 'old_kpath_angle_deg', 'old_ehull', 'E_sfrac_VBM', 'E_sfrac_CBM']","old_E_pfrac_VBM, old_max_Z4, old_kpath_angle_deg, old_ehull, E_sfrac_VBM, E_sfrac_CBM",LR,0.36960941082951904,0.6033078554918904
6,"['old_E_pfrac_VBM', 'old_max_Z4', 'old_kpath_angle_deg', 'old_ehull', 'E_sfrac_VBM', 'E_sfrac_CBM']","old_E_pfrac_VBM, old_max_Z4, old_kpath_angle_deg, old_ehull, E_sfrac_VBM, E_sfrac_CBM",SVR_RBF,0.23462187799180534,0.5542987204440365
6,"['old_E_pfrac_VBM', 'pmid_afs_gauss_std', 'old_kpath_angle_deg', 'old_ehull', 'E_sfrac_VBM', 'E_sfrac_CBM']","old_E_pfrac_VBM, pmid_afs_gauss_std, old_kpath_angle_deg, old_ehull, E_sfrac_VBM, E_sfrac_CBM",LR,0.38530964870425766,0.5992694727404602
6,"['old_E_pfrac_VBM', 'pmid_afs_gauss_std', 'old_kpath_angle_deg', 'old_ehull', 'E_sfrac_VBM', 'E_sfrac_CBM']","old_E_pfrac_VBM, pmid_afs_gauss_std, old_kpath_angle_deg, old_ehull, E_sfrac_VBM, E_sfrac_CBM",SVR_RBF,0.5041087913165325,0.4792331204205067
6,"['old_E_pfrac_CBM', 'old_radius_mean', 'old_max_Z4', 'pmid_afs_gauss_std', 'old_kpath_angle_deg', 'old_ehull']","old_E_pfrac_CBM, old_radius_mean, old_max_Z4, pmid_afs_gauss_std, old_kpath_angle_deg, old_ehull",LR,0.043666790179543336,0.6951443830867385
6,"['old_E_pfrac_CBM', 'old_radius_mean', 'old_max_Z4', 'pmid_afs_gauss_std', 'old_kpath_angle_deg', 'old_ehull']","old_E_pfrac_CBM, old_radius_mean, old_max_Z4, pmid_afs_gauss_std, old_kpath_angle_deg, old_ehull",SVR_RBF,0.21820413634954694,0.5797244909911962
6,"['old_E_pfrac_CBM', 'old_radius_mean', 'old_max_Z4', 'pmid_afs_gauss_std', 'old_kpath_angle_deg', 'E_sfrac_VBM']","old_E_pfrac_CBM, old_radius_mean, old_max_Z4, pmid_afs_gauss_std, old_kpath_angle_deg, E_sfrac_VBM",LR,0.33239698970145337,0.6136318365223821
6,"['old_E_pfrac_CBM', 'old_radius_mean', 'old_max_Z4', 'pmid_afs_gauss_std', 'old_kpath_angle_deg', 'E_sfrac_VBM']","old_E_pfrac_CBM, old_radius_mean, old_max_Z4, pmid_afs_gauss_std, old_kpath_angle_deg, E_sfrac_VBM",SVR_RBF,0.19166783103400475,0.6145466087770127
6,"['old_E_pfrac_CBM', 'old_radius_mean', 'old_max_Z4', 'pmid_afs_gauss_std', 'old_kpath_angle_deg', 'E_sfrac_CBM']","old_E_pfrac_CBM, old_radius_mean, old_max_Z4, pmid_afs_gauss_std, old_kpath_angle_deg, E_sfrac_CBM",LR,-0.01240306668755431,0.7136381118154153
6,"['old_E_pfrac_CBM', 'old_radius_mean', 'old_max_Z4', 'pmid_afs_gauss_std', 'old_kpath_angle_deg', 'E_sfrac_CBM']","old_E_pfrac_CBM, old_radius_mean, old_max_Z4, pmid_afs_gauss_std, old_kpath_angle_deg, E_sfrac_CBM",SVR_RBF,0.383054016458114,0.4916670538289412
6,"['old_E_pfrac_CBM', 'old_radius_mean', 'old_max_Z4', 'pmid_afs_gauss_std', 'old_ehull', 'E_sfrac_VBM']","old_E_pfrac_CBM, old_radius_mean, old_max_Z4, pmid_afs_gauss_std, old_ehull, E_sfrac_VBM",LR,0.3415561277091508,0.5905820449631297
6,"['old_E_pfrac_CBM', 'old_radius_mean', 'old_max_Z4', 'pmid_afs_gauss_std', 'old_ehull', 'E_sfrac_VBM']","old_E_pfrac_CBM, old_radius_mean, old_max_Z4, pmid_afs_gauss_std, old_ehull, E_sfrac_VBM",SVR_RBF,0.3525384084675226,0.5409782612201895
6,"['old_E_pfrac_CBM', 'old_radius_mean', 'old_max_Z4', 'pmid_afs_gauss_std', 'old_ehull', 'E_sfrac_CBM']","old_E_pfrac_CBM, old_radius_mean, old_max_Z4, pmid_afs_gauss_std, old_ehull, E_sfrac_CBM",LR,0.042001747551884905,0.6575408525314033
6,"['old_E_pfrac_CBM', 'old_radius_mean', 'old_max_Z4', 'pmid_afs_gauss_std', 'old_ehull', 'E_sfrac_CBM']","old_E_pfrac_CBM, old_radius_mean, old_max_Z4, pmid_afs_gauss_std, old_ehull, E_sfrac_CBM",SVR_RBF,0.15635099074770253,0.5802942904739194
6,"['old_E_pfrac_CBM', 'old_radius_mean', 'old_max_Z4', 'pmid_afs_gauss_std', 'E_sfrac_VBM', 'E_sfrac_CBM']","old_E_pfrac_CBM, old_radius_mean, old_max_Z4, pmid_afs_gauss_std, E_sfrac_VBM, E_sfrac_CBM",LR,0.32544611619835806,0.6141094316595243
6,"['old_E_pfrac_CBM', 'old_radius_mean', 'old_max_Z4', 'pmid_afs_gauss_std', 'E_sfrac_VBM', 'E_sfrac_CBM']","old_E_pfrac_CBM, old_radius_mean, old_max_Z4, pmid_afs_gauss_std, E_sfrac_VBM, E_sfrac_CBM",SVR_RBF,0.30948446253827955,0.5253254104021959
6,"['old_E_pfrac_CBM', 'old_radius_mean', 'old_max_Z4', 'old_kpath_angle_deg', 'old_ehull', 'E_sfrac_VBM']","old_E_pfrac_CBM, old_radius_mean, old_max_Z4, old_kpath_angle_deg, old_ehull, E_sfrac_VBM",LR,0.33806437195067485,0.5882534402288432
6,"['old_E_pfrac_CBM', 'old_radius_mean', 'old_max_Z4', 'old_kpath_angle_deg', 'old_ehull', 'E_sfrac_VBM']","old_E_pfrac_CBM, old_radius_mean, old_max_Z4, old_kpath_angle_deg, old_ehull, E_sfrac_VBM",SVR_RBF,0.2882974315417792,0.574766847251358
6,"['old_E_pfrac_CBM', 'old_radius_mean', 'old_max_Z4', 'old_kpath_angle_deg', 'old_ehull', 'E_sfrac_CBM']","old_E_pfrac_CBM, old_radius_mean, old_max_Z4, old_kpath_angle_deg, old_ehull, E_sfrac_CBM",LR,0.09011535740647802,0.6646706899322999
6,"['old_E_pfrac_CBM', 'old_radius_mean', 'old_max_Z4', 'old_kpath_angle_deg', 'old_ehull', 'E_sfrac_CBM']","old_E_pfrac_CBM, old_radius_mean, old_max_Z4, old_kpath_angle_deg, old_ehull, E_sfrac_CBM",SVR_RBF,0.2509220491524826,0.5693380546878363
6,"['old_E_pfrac_CBM', 'old_radius_mean', 'old_max_Z4', 'old_kpath_angle_deg', 'E_sfrac_VBM', 'E_sfrac_CBM']","old_E_pfrac_CBM, old_radius_mean, old_max_Z4, old_kpath_angle_deg, E_sfrac_VBM, E_sfrac_CBM",LR,0.32592007955728053,0.6100505167561562
6,"['old_E_pfrac_CBM', 'old_radius_mean', 'old_max_Z4', 'old_kpath_angle_deg', 'E_sfrac_VBM', 'E_sfrac_CBM']","old_E_pfrac_CBM, old_radius_mean, old_max_Z4, old_kpath_angle_deg, E_sfrac_VBM, E_sfrac_CBM",SVR_RBF,0.33851799354056655,0.5363213346471751
6,"['old_E_pfrac_CBM', 'old_radius_mean', 'old_max_Z4', 'old_ehull', 'E_sfrac_VBM', 'E_sfrac_CBM']","old_E_pfrac_CBM, old_radius_mean, old_max_Z4, old_ehull, E_sfrac_VBM, E_sfrac_CBM",LR,0.3017799401779878,0.602288240659981
6,"['old_E_pfrac_CBM', 'old_radius_mean', 'old_max_Z4', 'old_ehull', 'E_sfrac_VBM', 'E_sfrac_CBM']","old_E_pfrac_CBM, old_radius_mean, old_max_Z4, old_ehull, E_sfrac_VBM, E_sfrac_CBM",SVR_RBF,0.2785198190852134,0.5686169331551443
6,"['old_E_pfrac_CBM', 'old_radius_mean', 'pmid_afs_gauss_std', 'old_kpath_angle_deg', 'old_ehull', 'E_sfrac_VBM']","old_E_pfrac_CBM, old_radius_mean, pmid_afs_gauss_std, old_kpath_angle_deg, old_ehull, E_sfrac_VBM",LR,0.3269312510470924,0.6043757778049004
6,"['old_E_pfrac_CBM', 'old_radius_mean', 'pmid_afs_gauss_std', 'old_kpath_angle_deg', 'old_ehull', 'E_sfrac_VBM']","old_E_pfrac_CBM, old_radius_mean, pmid_afs_gauss_std, old_kpath_angle_deg, old_ehull, E_sfrac_VBM",SVR_RBF,0.4474725141852971,0.49971213942902093
6,"['old_E_pfrac_CBM', 'old_radius_mean', 'pmid_afs_gauss_std', 'old_kpath_angle_deg', 'old_ehull', 'E_sfrac_CBM']","old_E_pfrac_CBM, old_radius_mean, pmid_afs_gauss_std, old_kpath_angle_deg, old_ehull, E_sfrac_CBM",LR,0.10089687354964605,0.642749037842243
6,"['old_E_pfrac_CBM', 'old_radius_mean', 'pmid_afs_gauss_std', 'old_kpath_angle_deg', 'old_ehull', 'E_sfrac_CBM']","old_E_pfrac_CBM, old_radius_mean, pmid_afs_gauss_std, old_kpath_angle_deg, old_ehull, E_sfrac_CBM",SVR_RBF,0.5037005148486091,0.4636805113326764
6,"['old_E_pfrac_CBM', 'old_radius_mean', 'pmid_afs_gauss_std', 'old_kpath_angle_deg', 'E_sfrac_VBM', 'E_sfrac_CBM']","old_E_pfrac_CBM, old_radius_mean, pmid_afs_gauss_std, old_kpath_angle_deg, E_sfrac_VBM, E_sfrac_CBM",LR,0.28951985833661975,0.6325562162760391
6,"['old_E_pfrac_CBM', 'old_radius_mean', 'pmid_afs_gauss_std', 'old_kpath_angle_deg', 'E_sfrac_VBM', 'E_sfrac_CBM']","old_E_pfrac_CBM, old_radius_mean, pmid_afs_gauss_std, old_kpath_angle_deg, E_sfrac_VBM, E_sfrac_CBM",SVR_RBF,0.334505009844169,0.529370567453782
6,"['old_E_pfrac_CBM', 'old_radius_mean', 'pmid_afs_gauss_std', 'old_ehull', 'E_sfrac_VBM', 'E_sfrac_CBM']","old_E_pfrac_CBM, old_radius_mean, pmid_afs_gauss_std, old_ehull, E_sfrac_VBM, E_sfrac_CBM",LR,0.28475385401860165,0.6147262025601613
6,"['old_E_pfrac_CBM', 'old_radius_mean', 'pmid_afs_gauss_std', 'old_ehull', 'E_sfrac_VBM', 'E_sfrac_CBM']","old_E_pfrac_CBM, old_radius_mean, pmid_afs_gauss_std, old_ehull, E_sfrac_VBM, E_sfrac_CBM",SVR_RBF,0.28070259065096803,0.5552548009891949
6,"['old_E_pfrac_CBM', 'old_radius_mean', 'old_kpath_angle_deg', 'old_ehull', 'E_sfrac_VBM', 'E_sfrac_CBM']","old_E_pfrac_CBM, old_radius_mean, old_kpath_angle_deg, old_ehull, E_sfrac_VBM, E_sfrac_CBM",LR,0.3169453366745181,0.6081510663980966
6,"['old_E_pfrac_CBM', 'old_radius_mean', 'old_kpath_angle_deg', 'old_ehull', 'E_sfrac_VBM', 'E_sfrac_CBM']","old_E_pfrac_CBM, old_radius_mean, old_kpath_angle_deg, old_ehull, E_sfrac_VBM, E_sfrac_CBM",SVR_RBF,0.3712417481091792,0.5269224481228161
6,"['old_E_pfrac_CBM', 'old_max_Z4', 'pmid_afs_gauss_std', 'old_kpath_angle_deg', 'old_ehull', 'E_sfrac_VBM']","old_E_pfrac_CBM, old_max_Z4, pmid_afs_gauss_std, old_kpath_angle_deg, old_ehull, E_sfrac_VBM",LR,0.36276139339431523,0.5864379913050932
6,"['old_E_pfrac_CBM', 'old_max_Z4', 'pmid_afs_gauss_std', 'old_kpath_angle_deg', 'old_ehull', 'E_sfrac_VBM']","old_E_pfrac_CBM, old_max_Z4, pmid_afs_gauss_std, old_kpath_angle_deg, old_ehull, E_sfrac_VBM",SVR_RBF,0.2836311615272693,0.5516260531967877
6,"['old_E_pfrac_CBM', 'old_max_Z4', 'pmid_afs_gauss_std', 'old_kpath_angle_deg', 'old_ehull', 'E_sfrac_CBM']","old_E_pfrac_CBM, old_max_Z4, pmid_afs_gauss_std, old_kpath_angle_deg, old_ehull, E_sfrac_CBM",LR,0.07981610862808874,0.667742966836241
6,"['old_E_pfrac_CBM', 'old_max_Z4', 'pmid_afs_gauss_std', 'old_kpath_angle_deg', 'old_ehull', 'E_sfrac_CBM']","old_E_pfrac_CBM, old_max_Z4, pmid_afs_gauss_std, old_kpath_angle_deg, old_ehull, E_sfrac_CBM",SVR_RBF,0.33580066091590266,0.5261878873772359
6,"['old_E_pfrac_CBM', 'old_max_Z4', 'pmid_afs_gauss_std', 'old_kpath_angle_deg', 'E_sfrac_VBM', 'E_sfrac_CBM']","old_E_pfrac_CBM, old_max_Z4, pmid_afs_gauss_std, old_kpath_angle_deg, E_sfrac_VBM, E_sfrac_CBM",LR,0.3343853139535008,0.6168717091003654
6,"['old_E_pfrac_CBM', 'old_max_Z4', 'pmid_afs_gauss_std', 'old_kpath_angle_deg', 'E_sfrac_VBM', 'E_sfrac_CBM']","old_E_pfrac_CBM, old_max_Z4, pmid_afs_gauss_std, old_kpath_angle_deg, E_sfrac_VBM, E_sfrac_CBM",SVR_RBF,0.41727057609979956,0.4628753571594689
6,"['old_E_pfrac_CBM', 'old_max_Z4', 'pmid_afs_gauss_std', 'old_ehull', 'E_sfrac_VBM', 'E_sfrac_CBM']","old_E_pfrac_CBM, old_max_Z4, pmid_afs_gauss_std, old_ehull, E_sfrac_VBM, E_sfrac_CBM",LR,0.3409889668706736,0.5934220182908093
6,"['old_E_pfrac_CBM', 'old_max_Z4', 'pmid_afs_gauss_std', 'old_ehull', 'E_sfrac_VBM', 'E_sfrac_CBM']","old_E_pfrac_CBM, old_max_Z4, pmid_afs_gauss_std, old_ehull, E_sfrac_VBM, E_sfrac_CBM",SVR_RBF,0.21838496486320313,0.5648837225961922
6,"['old_E_pfrac_CBM', 'old_max_Z4', 'old_kpath_angle_deg', 'old_ehull', 'E_sfrac_VBM', 'E_sfrac_CBM']","old_E_pfrac_CBM, old_max_Z4, old_kpath_angle_deg, old_ehull, E_sfrac_VBM, E_sfrac_CBM",LR,0.34734831947711253,0.588148984539591
6,"['old_E_pfrac_CBM', 'old_max_Z4', 'old_kpath_angle_deg', 'old_ehull', 'E_sfrac_VBM', 'E_sfrac_CBM']","old_E_pfrac_CBM, old_max_Z4, old_kpath_angle_deg, old_ehull, E_sfrac_VBM, E_sfrac_CBM",SVR_RBF,0.19910119361827217,0.5614861425540217
6,"['old_E_pfrac_CBM', 'pmid_afs_gauss_std', 'old_kpath_angle_deg', 'old_ehull', 'E_sfrac_VBM', 'E_sfrac_CBM']","old_E_pfrac_CBM, pmid_afs_gauss_std, old_kpath_angle_deg, old_ehull, E_sfrac_VBM, E_sfrac_CBM",LR,0.3339366648303923,0.6051140056978069
6,"['old_E_pfrac_CBM', 'pmid_afs_gauss_std', 'old_kpath_angle_deg', 'old_ehull', 'E_sfrac_VBM', 'E_sfrac_CBM']","old_E_pfrac_CBM, pmid_afs_gauss_std, old_kpath_angle_deg, old_ehull, E_sfrac_VBM, E_sfrac_CBM",SVR_RBF,0.5159396043418862,0.46276614253332016
6,"['old_radius_mean', 'old_max_Z4', 'pmid_afs_gauss_std', 'old_kpath_angle_deg', 'old_ehull', 'E_sfrac_VBM']","old_radius_mean, old_max_Z4, pmid_afs_gauss_std, old_kpath_angle_deg, old_ehull, E_sfrac_VBM",LR,0.19812559213435676,0.6374536797733935
6,"['old_radius_mean', 'old_max_Z4', 'pmid_afs_gauss_std', 'old_kpath_angle_deg', 'old_ehull', 'E_sfrac_VBM']","old_radius_mean, old_max_Z4, pmid_afs_gauss_std, old_kpath_angle_deg, old_ehull, E_sfrac_VBM",SVR_RBF,0.22685784767415518,0.6092400107020124
6,"['old_radius_mean', 'old_max_Z4', 'pmid_afs_gauss_std', 'old_kpath_angle_deg', 'old_ehull', 'E_sfrac_CBM']","old_radius_mean, old_max_Z4, pmid_afs_gauss_std, old_kpath_angle_deg, old_ehull, E_sfrac_CBM",LR,0.09942943898657386,0.6583758048531864
6,"['old_radius_mean', 'old_max_Z4', 'pmid_afs_gauss_std', 'old_kpath_angle_deg', 'old_ehull', 'E_sfrac_CBM']","old_radius_mean, old_max_Z4, pmid_afs_gauss_std, old_kpath_angle_deg, old_ehull, E_sfrac_CBM",SVR_RBF,0.09902493645256416,0.6448511636511368
6,"['old_radius_mean', 'old_max_Z4', 'pmid_afs_gauss_std', 'old_kpath_angle_deg', 'E_sfrac_VBM', 'E_sfrac_CBM']","old_radius_mean, old_max_Z4, pmid_afs_gauss_std, old_kpath_angle_deg, E_sfrac_VBM, E_sfrac_CBM",LR,0.16371642322574165,0.6786235399344267
6,"['old_radius_mean', 'old_max_Z4', 'pmid_afs_gauss_std', 'old_kpath_angle_deg', 'E_sfrac_VBM', 'E_sfrac_CBM']","old_radius_mean, old_max_Z4, pmid_afs_gauss_std, old_kpath_angle_deg, E_sfrac_VBM, E_sfrac_CBM",SVR_RBF,0.274655175406361,0.5612670260525658
6,"['old_radius_mean', 'old_max_Z4', 'pmid_afs_gauss_std', 'old_ehull', 'E_sfrac_VBM', 'E_sfrac_CBM']","old_radius_mean, old_max_Z4, pmid_afs_gauss_std, old_ehull, E_sfrac_VBM, E_sfrac_CBM",LR,0.14124115028865136,0.6617432504163384
6,"['old_radius_mean', 'old_max_Z4', 'pmid_afs_gauss_std', 'old_ehull', 'E_sfrac_VBM', 'E_sfrac_CBM']","old_radius_mean, old_max_Z4, pmid_afs_gauss_std, old_ehull, E_sfrac_VBM, E_sfrac_CBM",SVR_RBF,0.14245320217942914,0.635911349406607
6,"['old_radius_mean', 'old_max_Z4', 'old_kpath_angle_deg', 'old_ehull', 'E_sfrac_VBM', 'E_sfrac_CBM']","old_radius_mean, old_max_Z4, old_kpath_angle_deg, old_ehull, E_sfrac_VBM, E_sfrac_CBM",LR,0.18125930056996575,0.6446802077774879
6,"['old_radius_mean', 'old_max_Z4', 'old_kpath_angle_deg', 'old_ehull', 'E_sfrac_VBM', 'E_sfrac_CBM']","old_radius_mean, old_max_Z4, old_kpath_angle_deg, old_ehull, E_sfrac_VBM, E_sfrac_CBM",SVR_RBF,0.2538281437189175,0.6098043375985495
6,"['old_radius_mean', 'pmid_afs_gauss_std', 'old_kpath_angle_deg', 'old_ehull', 'E_sfrac_VBM', 'E_sfrac_CBM']","old_radius_mean, pmid_afs_gauss_std, old_kpath_angle_deg, old_ehull, E_sfrac_VBM, E_sfrac_CBM",LR,0.1873355475343016,0.641710028764387
6,"['old_radius_mean', 'pmid_afs_gauss_std', 'old_kpath_angle_deg', 'old_ehull', 'E_sfrac_VBM', 'E_sfrac_CBM']","old_radius_mean, pmid_afs_gauss_std, old_kpath_angle_deg, old_ehull, E_sfrac_VBM, E_sfrac_CBM",SVR_RBF,0.39400342146087297,0.552792902593298
6,"['old_max_Z4', 'pmid_afs_gauss_std', 'old_kpath_angle_deg', 'old_ehull', 'E_sfrac_VBM', 'E_sfrac_CBM']","old_max_Z4, pmid_afs_gauss_std, old_kpath_angle_deg, old_ehull, E_sfrac_VBM, E_sfrac_CBM",LR,0.21136118308271334,0.6358047079740169
6,"['old_max_Z4', 'pmid_afs_gauss_std', 'old_kpath_angle_deg', 'old_ehull', 'E_sfrac_VBM', 'E_sfrac_CBM']","old_max_Z4, pmid_afs_gauss_std, old_kpath_angle_deg, old_ehull, E_sfrac_VBM, E_sfrac_CBM",SVR_RBF,0.21483077822475727,0.5784830222858695
