n_features,features,features_str,loo_r2,loo_mae,best_params,kernel,C,gamma,epsilon
5,"['old_E_pfrac_VBM', 'old_E_pfrac_CBM', 'old_radius_mean', 'old_max_Z4', 'pmid_afs_gauss_std']","old_E_pfrac_VBM, old_E_pfrac_CBM, old_radius_mean, old_max_Z4, pmid_afs_gauss_std",0.4764529614872981,0.5088801467865154,"{'svr__C': 1000.0, 'svr__epsilon': 0.2, 'svr__gamma': 0.01, 'svr__kernel': 'rbf'}",rbf,1000.0,0.01,0.2
5,"['old_E_pfrac_VBM', 'old_E_pfrac_CBM', 'old_radius_mean', 'old_max_Z4', 'old_kpath_angle_deg']","old_E_pfrac_VBM, old_E_pfrac_CBM, old_radius_mean, old_max_Z4, old_kpath_angle_deg",0.49405912865768054,0.49335197372157413,"{'svr__C': 1000.0, 'svr__epsilon': 0.2, 'svr__gamma': 0.01, 'svr__kernel': 'rbf'}",rbf,1000.0,0.01,0.2
5,"['old_E_pfrac_VBM', 'old_E_pfrac_CBM', 'old_radius_mean', 'old_max_Z4', 'old_ehull']","old_E_pfrac_VBM, old_E_pfrac_CBM, old_radius_mean, old_max_Z4, old_ehull",0.15031250228449156,0.6221476125297934,"{'svr__C': 100.0, 'svr__epsilon': 0.01, 'svr__gamma': 0.01, 'svr__kernel': 'rbf'}",rbf,100.0,0.01,0.01
5,"['old_E_pfrac_VBM', 'old_E_pfrac_CBM', 'old_radius_mean', 'old_max_Z4', 'E_sfrac_VBM']","old_E_pfrac_VBM, old_E_pfrac_CBM, old_radius_mean, old_max_Z4, E_sfrac_VBM",0.3796179987466691,0.5476210930978126,"{'svr__C': 100.0, 'svr__epsilon': 0.1, 'svr__gamma': 'auto', 'svr__kernel': 'rbf'}",rbf,100.0,auto,0.1
5,"['old_E_pfrac_VBM', 'old_E_pfrac_CBM', 'old_radius_mean', 'old_max_Z4', 'E_sfrac_CBM']","old_E_pfrac_VBM, old_E_pfrac_CBM, old_radius_mean, old_max_Z4, E_sfrac_CBM",0.3674211347847901,0.4906139587873318,"{'svr__C': 100.0, 'svr__epsilon': 0.1, 'svr__gamma': 0.1, 'svr__kernel': 'rbf'}",rbf,100.0,0.1,0.1
5,"['old_E_pfrac_VBM', 'old_E_pfrac_CBM', 'old_radius_mean', 'pmid_afs_gauss_std', 'old_kpath_angle_deg']","old_E_pfrac_VBM, old_E_pfrac_CBM, old_radius_mean, pmid_afs_gauss_std, old_kpath_angle_deg",0.18599062155762192,0.6222941788847461,"{'svr__C': 100.0, 'svr__epsilon': 0.2, 'svr__gamma': 'auto', 'svr__kernel': 'rbf'}",rbf,100.0,auto,0.2
5,"['old_E_pfrac_VBM', 'old_E_pfrac_CBM', 'old_radius_mean', 'pmid_afs_gauss_std', 'old_ehull']","old_E_pfrac_VBM, old_E_pfrac_CBM, old_radius_mean, pmid_afs_gauss_std, old_ehull",0.49350374165009625,0.4949826807248562,"{'svr__C': 1000.0, 'svr__epsilon': 0.2, 'svr__gamma': 0.01, 'svr__kernel': 'rbf'}",rbf,1000.0,0.01,0.2
5,"['old_E_pfrac_VBM', 'old_E_pfrac_CBM', 'old_radius_mean', 'pmid_afs_gauss_std', 'E_sfrac_VBM']","old_E_pfrac_VBM, old_E_pfrac_CBM, old_radius_mean, pmid_afs_gauss_std, E_sfrac_VBM",0.4757967949368749,0.5215196999732057,"{'svr__C': 100.0, 'svr__epsilon': 0.2, 'svr__gamma': 0.01, 'svr__kernel': 'rbf'}",rbf,100.0,0.01,0.2
5,"['old_E_pfrac_VBM', 'old_E_pfrac_CBM', 'old_radius_mean', 'pmid_afs_gauss_std', 'E_sfrac_CBM']","old_E_pfrac_VBM, old_E_pfrac_CBM, old_radius_mean, pmid_afs_gauss_std, E_sfrac_CBM",0.3259127704883322,0.5071421344043963,"{'svr__C': 1000.0, 'svr__epsilon': 0.2, 'svr__gamma': 0.01, 'svr__kernel': 'rbf'}",rbf,1000.0,0.01,0.2
5,"['old_E_pfrac_VBM', 'old_E_pfrac_CBM', 'old_radius_mean', 'old_kpath_angle_deg', 'old_ehull']","old_E_pfrac_VBM, old_E_pfrac_CBM, old_radius_mean, old_kpath_angle_deg, old_ehull",0.511942725238649,0.47422405761962383,"{'svr__C': 1000.0, 'svr__epsilon': 0.2, 'svr__gamma': 0.01, 'svr__kernel': 'rbf'}",rbf,1000.0,0.01,0.2
5,"['old_E_pfrac_VBM', 'old_E_pfrac_CBM', 'old_radius_mean', 'old_kpath_angle_deg', 'E_sfrac_VBM']","old_E_pfrac_VBM, old_E_pfrac_CBM, old_radius_mean, old_kpath_angle_deg, E_sfrac_VBM",0.3942091000214819,0.583809853794387,"{'svr__C': 100.0, 'svr__epsilon': 0.2, 'svr__gamma': 0.01, 'svr__kernel': 'rbf'}",rbf,100.0,0.01,0.2
5,"['old_E_pfrac_VBM', 'old_E_pfrac_CBM', 'old_radius_mean', 'old_kpath_angle_deg', 'E_sfrac_CBM']","old_E_pfrac_VBM, old_E_pfrac_CBM, old_radius_mean, old_kpath_angle_deg, E_sfrac_CBM",0.32408397758308105,0.5574594820570262,"{'svr__C': 1000.0, 'svr__epsilon': 0.2, 'svr__gamma': 0.01, 'svr__kernel': 'rbf'}",rbf,1000.0,0.01,0.2
5,"['old_E_pfrac_VBM', 'old_E_pfrac_CBM', 'old_radius_mean', 'old_ehull', 'E_sfrac_VBM']","old_E_pfrac_VBM, old_E_pfrac_CBM, old_radius_mean, old_ehull, E_sfrac_VBM",0.5462447727216488,0.48790367762148346,"{'svr__C': 100.0, 'svr__epsilon': 0.2, 'svr__gamma': 0.01, 'svr__kernel': 'rbf'}",rbf,100.0,0.01,0.2
5,"['old_E_pfrac_VBM', 'old_E_pfrac_CBM', 'old_radius_mean', 'old_ehull', 'E_sfrac_CBM']","old_E_pfrac_VBM, old_E_pfrac_CBM, old_radius_mean, old_ehull, E_sfrac_CBM",0.5032819586423767,0.46708966761481835,"{'svr__C': 1000.0, 'svr__epsilon': 0.1, 'svr__gamma': 0.01, 'svr__kernel': 'rbf'}",rbf,1000.0,0.01,0.1
5,"['old_E_pfrac_VBM', 'old_E_pfrac_CBM', 'old_radius_mean', 'E_sfrac_VBM', 'E_sfrac_CBM']","old_E_pfrac_VBM, old_E_pfrac_CBM, old_radius_mean, E_sfrac_VBM, E_sfrac_CBM",0.1469637555732286,0.5644663075859695,"{'svr__C': 10.0, 'svr__epsilon': 0.1, 'svr__gamma': 1.0, 'svr__kernel': 'rbf'}",rbf,10.0,1.0,0.1
5,"['old_E_pfrac_VBM', 'old_E_pfrac_CBM', 'old_max_Z4', 'pmid_afs_gauss_std', 'old_kpath_angle_deg']","old_E_pfrac_VBM, old_E_pfrac_CBM, old_max_Z4, pmid_afs_gauss_std, old_kpath_angle_deg",0.44615302927416467,0.5371764996202693,"{'svr__C': 10.0, 'svr__epsilon': 0.2, 'svr__gamma': 'scale', 'svr__kernel': 'rbf'}",rbf,10.0,scale,0.2
5,"['old_E_pfrac_VBM', 'old_E_pfrac_CBM', 'old_max_Z4', 'pmid_afs_gauss_std', 'old_ehull']","old_E_pfrac_VBM, old_E_pfrac_CBM, old_max_Z4, pmid_afs_gauss_std, old_ehull",0.2373874363856917,0.5962196826255974,"{'svr__C': 100.0, 'svr__epsilon': 0.01, 'svr__gamma': 0.01, 'svr__kernel': 'rbf'}",rbf,100.0,0.01,0.01
5,"['old_E_pfrac_VBM', 'old_E_pfrac_CBM', 'old_max_Z4', 'pmid_afs_gauss_std', 'E_sfrac_VBM']","old_E_pfrac_VBM, old_E_pfrac_CBM, old_max_Z4, pmid_afs_gauss_std, E_sfrac_VBM",0.3380335265736435,0.5952995800577184,"{'svr__C': 1000.0, 'svr__epsilon': 0.2, 'svr__gamma': 'scale', 'svr__kernel': 'linear'}",linear,1000.0,scale,0.2
5,"['old_E_pfrac_VBM', 'old_E_pfrac_CBM', 'old_max_Z4', 'pmid_afs_gauss_std', 'E_sfrac_CBM']","old_E_pfrac_VBM, old_E_pfrac_CBM, old_max_Z4, pmid_afs_gauss_std, E_sfrac_CBM",0.17404705655624197,0.5522770691205799,"{'svr__C': 1.0, 'svr__epsilon': 0.2, 'svr__gamma': 1.0, 'svr__kernel': 'rbf'}",rbf,1.0,1.0,0.2
5,"['old_E_pfrac_VBM', 'old_E_pfrac_CBM', 'old_max_Z4', 'old_kpath_angle_deg', 'old_ehull']","old_E_pfrac_VBM, old_E_pfrac_CBM, old_max_Z4, old_kpath_angle_deg, old_ehull",0.024712852664283802,0.6366328395443729,"{'svr__C': 100.0, 'svr__epsilon': 0.01, 'svr__gamma': 0.01, 'svr__kernel': 'rbf'}",rbf,100.0,0.01,0.01
5,"['old_E_pfrac_VBM', 'old_E_pfrac_CBM', 'old_max_Z4', 'old_kpath_angle_deg', 'E_sfrac_VBM']","old_E_pfrac_VBM, old_E_pfrac_CBM, old_max_Z4, old_kpath_angle_deg, E_sfrac_VBM",0.2508956845551247,0.6275632138072561,"{'svr__C': 100.0, 'svr__epsilon': 0.2, 'svr__gamma': 0.01, 'svr__kernel': 'rbf'}",rbf,100.0,0.01,0.2
5,"['old_E_pfrac_VBM', 'old_E_pfrac_CBM', 'old_max_Z4', 'old_kpath_angle_deg', 'E_sfrac_CBM']","old_E_pfrac_VBM, old_E_pfrac_CBM, old_max_Z4, old_kpath_angle_deg, E_sfrac_CBM",0.365548897296915,0.5228157841614576,"{'svr__C': 10.0, 'svr__epsilon': 0.01, 'svr__gamma': 'auto', 'svr__kernel': 'rbf'}",rbf,10.0,auto,0.01
5,"['old_E_pfrac_VBM', 'old_E_pfrac_CBM', 'old_max_Z4', 'old_ehull', 'E_sfrac_VBM']","old_E_pfrac_VBM, old_E_pfrac_CBM, old_max_Z4, old_ehull, E_sfrac_VBM",0.2518128645011989,0.5840578446367777,"{'svr__C': 10.0, 'svr__epsilon': 0.2, 'svr__gamma': 'scale', 'svr__kernel': 'rbf'}",rbf,10.0,scale,0.2
5,"['old_E_pfrac_VBM', 'old_E_pfrac_CBM', 'old_max_Z4', 'old_ehull', 'E_sfrac_CBM']","old_E_pfrac_VBM, old_E_pfrac_CBM, old_max_Z4, old_ehull, E_sfrac_CBM",0.31406717951885466,0.5200343444322489,"{'svr__C': 10.0, 'svr__epsilon': 0.2, 'svr__gamma': 1.0, 'svr__kernel': 'rbf'}",rbf,10.0,1.0,0.2
5,"['old_E_pfrac_VBM', 'old_E_pfrac_CBM', 'old_max_Z4', 'E_sfrac_VBM', 'E_sfrac_CBM']","old_E_pfrac_VBM, old_E_pfrac_CBM, old_max_Z4, E_sfrac_VBM, E_sfrac_CBM",0.25724980244278073,0.5278314098477993,"{'svr__C': 10.0, 'svr__epsilon': 0.01, 'svr__gamma': 1.0, 'svr__kernel': 'rbf'}",rbf,10.0,1.0,0.01
5,"['old_E_pfrac_VBM', 'old_E_pfrac_CBM', 'pmid_afs_gauss_std', 'old_kpath_angle_deg', 'old_ehull']","old_E_pfrac_VBM, old_E_pfrac_CBM, pmid_afs_gauss_std, old_kpath_angle_deg, old_ehull",0.3114496410244545,0.563237698416597,"{'svr__C': 10.0, 'svr__epsilon': 0.01, 'svr__gamma': 1.0, 'svr__kernel': 'rbf'}",rbf,10.0,1.0,0.01
5,"['old_E_pfrac_VBM', 'old_E_pfrac_CBM', 'pmid_afs_gauss_std', 'old_kpath_angle_deg', 'E_sfrac_VBM']","old_E_pfrac_VBM, old_E_pfrac_CBM, pmid_afs_gauss_std, old_kpath_angle_deg, E_sfrac_VBM",0.3023352476803164,0.5905671249175319,"{'svr__C': 1000.0, 'svr__epsilon': 0.2, 'svr__gamma': 0.01, 'svr__kernel': 'rbf'}",rbf,1000.0,0.01,0.2
5,"['old_E_pfrac_VBM', 'old_E_pfrac_CBM', 'pmid_afs_gauss_std', 'old_kpath_angle_deg', 'E_sfrac_CBM']","old_E_pfrac_VBM, old_E_pfrac_CBM, pmid_afs_gauss_std, old_kpath_angle_deg, E_sfrac_CBM",0.34234346092001655,0.5293113114279072,"{'svr__C': 1000.0, 'svr__epsilon': 0.01, 'svr__gamma': 0.01, 'svr__kernel': 'rbf'}",rbf,1000.0,0.01,0.01
5,"['old_E_pfrac_VBM', 'old_E_pfrac_CBM', 'pmid_afs_gauss_std', 'old_ehull', 'E_sfrac_VBM']","old_E_pfrac_VBM, old_E_pfrac_CBM, pmid_afs_gauss_std, old_ehull, E_sfrac_VBM",0.3088904368893719,0.5921162068420271,"{'svr__C': 100.0, 'svr__epsilon': 0.2, 'svr__gamma': 0.01, 'svr__kernel': 'rbf'}",rbf,100.0,0.01,0.2
5,"['old_E_pfrac_VBM', 'old_E_pfrac_CBM', 'pmid_afs_gauss_std', 'old_ehull', 'E_sfrac_CBM']","old_E_pfrac_VBM, old_E_pfrac_CBM, pmid_afs_gauss_std, old_ehull, E_sfrac_CBM",0.4532454267975674,0.48307608345844094,"{'svr__C': 1000.0, 'svr__epsilon': 0.2, 'svr__gamma': 0.01, 'svr__kernel': 'rbf'}",rbf,1000.0,0.01,0.2
5,"['old_E_pfrac_VBM', 'old_E_pfrac_CBM', 'pmid_afs_gauss_std', 'E_sfrac_VBM', 'E_sfrac_CBM']","old_E_pfrac_VBM, old_E_pfrac_CBM, pmid_afs_gauss_std, E_sfrac_VBM, E_sfrac_CBM",0.2957783035239476,0.540066315126239,"{'svr__C': 10.0, 'svr__epsilon': 0.2, 'svr__gamma': 'auto', 'svr__kernel': 'rbf'}",rbf,10.0,auto,0.2
5,"['old_E_pfrac_VBM', 'old_E_pfrac_CBM', 'old_kpath_angle_deg', 'old_ehull', 'E_sfrac_VBM']","old_E_pfrac_VBM, old_E_pfrac_CBM, old_kpath_angle_deg, old_ehull, E_sfrac_VBM",0.2826610809267701,0.5280029999352713,"{'svr__C': 1000.0, 'svr__epsilon': 0.01, 'svr__gamma': 0.01, 'svr__kernel': 'rbf'}",rbf,1000.0,0.01,0.01
5,"['old_E_pfrac_VBM', 'old_E_pfrac_CBM', 'old_kpath_angle_deg', 'old_ehull', 'E_sfrac_CBM']","old_E_pfrac_VBM, old_E_pfrac_CBM, old_kpath_angle_deg, old_ehull, E_sfrac_CBM",0.4732928797451976,0.49287193067408724,"{'svr__C': 1000.0, 'svr__epsilon': 0.01, 'svr__gamma': 0.01, 'svr__kernel': 'rbf'}",rbf,1000.0,0.01,0.01
5,"['old_E_pfrac_VBM', 'old_E_pfrac_CBM', 'old_kpath_angle_deg', 'E_sfrac_VBM', 'E_sfrac_CBM']","old_E_pfrac_VBM, old_E_pfrac_CBM, old_kpath_angle_deg, E_sfrac_VBM, E_sfrac_CBM",0.2773694009338571,0.568676201320284,"{'svr__C': 10.0, 'svr__epsilon': 0.1, 'svr__gamma': 1.0, 'svr__kernel': 'rbf'}",rbf,10.0,1.0,0.1
5,"['old_E_pfrac_VBM', 'old_E_pfrac_CBM', 'old_ehull', 'E_sfrac_VBM', 'E_sfrac_CBM']","old_E_pfrac_VBM, old_E_pfrac_CBM, old_ehull, E_sfrac_VBM, E_sfrac_CBM",0.2773503759830126,0.5449580753123442,"{'svr__C': 10.0, 'svr__epsilon': 0.1, 'svr__gamma': 'auto', 'svr__kernel': 'rbf'}",rbf,10.0,auto,0.1
5,"['old_E_pfrac_VBM', 'old_radius_mean', 'old_max_Z4', 'pmid_afs_gauss_std', 'old_kpath_angle_deg']","old_E_pfrac_VBM, old_radius_mean, old_max_Z4, pmid_afs_gauss_std, old_kpath_angle_deg",0.14013530493952409,0.6428410005809789,"{'svr__C': 100.0, 'svr__epsilon': 0.2, 'svr__gamma': 0.01, 'svr__kernel': 'rbf'}",rbf,100.0,0.01,0.2
5,"['old_E_pfrac_VBM', 'old_radius_mean', 'old_max_Z4', 'pmid_afs_gauss_std', 'old_ehull']","old_E_pfrac_VBM, old_radius_mean, old_max_Z4, pmid_afs_gauss_std, old_ehull",0.26217971596818335,0.580728995017864,"{'svr__C': 100.0, 'svr__epsilon': 0.01, 'svr__gamma': 0.01, 'svr__kernel': 'rbf'}",rbf,100.0,0.01,0.01
5,"['old_E_pfrac_VBM', 'old_radius_mean', 'old_max_Z4', 'pmid_afs_gauss_std', 'E_sfrac_VBM']","old_E_pfrac_VBM, old_radius_mean, old_max_Z4, pmid_afs_gauss_std, E_sfrac_VBM",0.41051410023220025,0.5622073970397583,"{'svr__C': 100.0, 'svr__epsilon': 0.2, 'svr__gamma': 0.01, 'svr__kernel': 'rbf'}",rbf,100.0,0.01,0.2
5,"['old_E_pfrac_VBM', 'old_radius_mean', 'old_max_Z4', 'pmid_afs_gauss_std', 'E_sfrac_CBM']","old_E_pfrac_VBM, old_radius_mean, old_max_Z4, pmid_afs_gauss_std, E_sfrac_CBM",0.24967987640073241,0.5692863342594042,"{'svr__C': 1.0, 'svr__epsilon': 0.2, 'svr__gamma': 1.0, 'svr__kernel': 'rbf'}",rbf,1.0,1.0,0.2
5,"['old_E_pfrac_VBM', 'old_radius_mean', 'old_max_Z4', 'old_kpath_angle_deg', 'old_ehull']","old_E_pfrac_VBM, old_radius_mean, old_max_Z4, old_kpath_angle_deg, old_ehull",0.24599958369682984,0.5489272339270228,"{'svr__C': 100.0, 'svr__epsilon': 0.01, 'svr__gamma': 0.01, 'svr__kernel': 'rbf'}",rbf,100.0,0.01,0.01
5,"['old_E_pfrac_VBM', 'old_radius_mean', 'old_max_Z4', 'old_kpath_angle_deg', 'E_sfrac_VBM']","old_E_pfrac_VBM, old_radius_mean, old_max_Z4, old_kpath_angle_deg, E_sfrac_VBM",0.22250770626772276,0.6771500584048129,"{'svr__C': 1000.0, 'svr__epsilon': 0.2, 'svr__gamma': 0.001, 'svr__kernel': 'rbf'}",rbf,1000.0,0.001,0.2
5,"['old_E_pfrac_VBM', 'old_radius_mean', 'old_max_Z4', 'old_kpath_angle_deg', 'E_sfrac_CBM']","old_E_pfrac_VBM, old_radius_mean, old_max_Z4, old_kpath_angle_deg, E_sfrac_CBM",0.20450834802815432,0.5925378888196562,"{'svr__C': 1.0, 'svr__epsilon': 0.1, 'svr__gamma': 1.0, 'svr__kernel': 'rbf'}",rbf,1.0,1.0,0.1
5,"['old_E_pfrac_VBM', 'old_radius_mean', 'old_max_Z4', 'old_ehull', 'E_sfrac_VBM']","old_E_pfrac_VBM, old_radius_mean, old_max_Z4, old_ehull, E_sfrac_VBM",0.4597522237432681,0.5236874665353348,"{'svr__C': 100.0, 'svr__epsilon': 0.2, 'svr__gamma': 0.01, 'svr__kernel': 'rbf'}",rbf,100.0,0.01,0.2
5,"['old_E_pfrac_VBM', 'old_radius_mean', 'old_max_Z4', 'old_ehull', 'E_sfrac_CBM']","old_E_pfrac_VBM, old_radius_mean, old_max_Z4, old_ehull, E_sfrac_CBM",-0.17807273876854857,0.679240763545868,"{'svr__C': 1.0, 'svr__epsilon': 0.2, 'svr__gamma': 1.0, 'svr__kernel': 'rbf'}",rbf,1.0,1.0,0.2
5,"['old_E_pfrac_VBM', 'old_radius_mean', 'old_max_Z4', 'E_sfrac_VBM', 'E_sfrac_CBM']","old_E_pfrac_VBM, old_radius_mean, old_max_Z4, E_sfrac_VBM, E_sfrac_CBM",0.2729395472723408,0.5362588507459352,"{'svr__C': 10.0, 'svr__epsilon': 0.2, 'svr__gamma': 'scale', 'svr__kernel': 'rbf'}",rbf,10.0,scale,0.2
5,"['old_E_pfrac_VBM', 'old_radius_mean', 'pmid_afs_gauss_std', 'old_kpath_angle_deg', 'old_ehull']","old_E_pfrac_VBM, old_radius_mean, pmid_afs_gauss_std, old_kpath_angle_deg, old_ehull",0.2236868034811108,0.5637660975211265,"{'svr__C': 100.0, 'svr__epsilon': 0.01, 'svr__gamma': 0.01, 'svr__kernel': 'rbf'}",rbf,100.0,0.01,0.01
5,"['old_E_pfrac_VBM', 'old_radius_mean', 'pmid_afs_gauss_std', 'old_kpath_angle_deg', 'E_sfrac_VBM']","old_E_pfrac_VBM, old_radius_mean, pmid_afs_gauss_std, old_kpath_angle_deg, E_sfrac_VBM",0.38369694605977367,0.5856517906092242,"{'svr__C': 1.0, 'svr__epsilon': 0.2, 'svr__gamma': 0.1, 'svr__kernel': 'rbf'}",rbf,1.0,0.1,0.2
5,"['old_E_pfrac_VBM', 'old_radius_mean', 'pmid_afs_gauss_std', 'old_kpath_angle_deg', 'E_sfrac_CBM']","old_E_pfrac_VBM, old_radius_mean, pmid_afs_gauss_std, old_kpath_angle_deg, E_sfrac_CBM",0.1182263262055735,0.634745692308613,"{'svr__C': 100.0, 'svr__epsilon': 0.1, 'svr__gamma': 0.1, 'svr__kernel': 'rbf'}",rbf,100.0,0.1,0.1
5,"['old_E_pfrac_VBM', 'old_radius_mean', 'pmid_afs_gauss_std', 'old_ehull', 'E_sfrac_VBM']","old_E_pfrac_VBM, old_radius_mean, pmid_afs_gauss_std, old_ehull, E_sfrac_VBM",0.5312178189650403,0.49631629129586324,"{'svr__C': 100.0, 'svr__epsilon': 0.1, 'svr__gamma': 0.01, 'svr__kernel': 'rbf'}",rbf,100.0,0.01,0.1
5,"['old_E_pfrac_VBM', 'old_radius_mean', 'pmid_afs_gauss_std', 'old_ehull', 'E_sfrac_CBM']","old_E_pfrac_VBM, old_radius_mean, pmid_afs_gauss_std, old_ehull, E_sfrac_CBM",0.3294417998378866,0.5425476816058851,"{'svr__C': 100.0, 'svr__epsilon': 0.2, 'svr__gamma': 0.01, 'svr__kernel': 'rbf'}",rbf,100.0,0.01,0.2
5,"['old_E_pfrac_VBM', 'old_radius_mean', 'pmid_afs_gauss_std', 'E_sfrac_VBM', 'E_sfrac_CBM']","old_E_pfrac_VBM, old_radius_mean, pmid_afs_gauss_std, E_sfrac_VBM, E_sfrac_CBM",0.36269806099533675,0.5588255685012335,"{'svr__C': 100.0, 'svr__epsilon': 0.2, 'svr__gamma': 0.01, 'svr__kernel': 'rbf'}",rbf,100.0,0.01,0.2
5,"['old_E_pfrac_VBM', 'old_radius_mean', 'old_kpath_angle_deg', 'old_ehull', 'E_sfrac_VBM']","old_E_pfrac_VBM, old_radius_mean, old_kpath_angle_deg, old_ehull, E_sfrac_VBM",0.4439073596181956,0.5504491606917797,"{'svr__C': 100.0, 'svr__epsilon': 0.1, 'svr__gamma': 0.01, 'svr__kernel': 'rbf'}",rbf,100.0,0.01,0.1
5,"['old_E_pfrac_VBM', 'old_radius_mean', 'old_kpath_angle_deg', 'old_ehull', 'E_sfrac_CBM']","old_E_pfrac_VBM, old_radius_mean, old_kpath_angle_deg, old_ehull, E_sfrac_CBM",0.44027939908528746,0.4908094214975994,"{'svr__C': 1000.0, 'svr__epsilon': 0.2, 'svr__gamma': 0.01, 'svr__kernel': 'rbf'}",rbf,1000.0,0.01,0.2
5,"['old_E_pfrac_VBM', 'old_radius_mean', 'old_kpath_angle_deg', 'E_sfrac_VBM', 'E_sfrac_CBM']","old_E_pfrac_VBM, old_radius_mean, old_kpath_angle_deg, E_sfrac_VBM, E_sfrac_CBM",0.36869255752941654,0.555673954578553,"{'svr__C': 10.0, 'svr__epsilon': 0.2, 'svr__gamma': 'scale', 'svr__kernel': 'rbf'}",rbf,10.0,scale,0.2
5,"['old_E_pfrac_VBM', 'old_radius_mean', 'old_ehull', 'E_sfrac_VBM', 'E_sfrac_CBM']","old_E_pfrac_VBM, old_radius_mean, old_ehull, E_sfrac_VBM, E_sfrac_CBM",0.4717105318150945,0.5150028490936039,"{'svr__C': 100.0, 'svr__epsilon': 0.1, 'svr__gamma': 0.01, 'svr__kernel': 'rbf'}",rbf,100.0,0.01,0.1
5,"['old_E_pfrac_VBM', 'old_max_Z4', 'pmid_afs_gauss_std', 'old_kpath_angle_deg', 'old_ehull']","old_E_pfrac_VBM, old_max_Z4, pmid_afs_gauss_std, old_kpath_angle_deg, old_ehull",0.19111787406932068,0.5873901335305178,"{'svr__C': 1000.0, 'svr__epsilon': 0.2, 'svr__gamma': 1.0, 'svr__kernel': 'rbf'}",rbf,1000.0,1.0,0.2
5,"['old_E_pfrac_VBM', 'old_max_Z4', 'pmid_afs_gauss_std', 'old_kpath_angle_deg', 'E_sfrac_VBM']","old_E_pfrac_VBM, old_max_Z4, pmid_afs_gauss_std, old_kpath_angle_deg, E_sfrac_VBM",0.19557079298179036,0.6648783909226301,"{'svr__C': 1.0, 'svr__epsilon': 0.2, 'svr__gamma': 'auto', 'svr__kernel': 'rbf'}",rbf,1.0,auto,0.2
5,"['old_E_pfrac_VBM', 'old_max_Z4', 'pmid_afs_gauss_std', 'old_kpath_angle_deg', 'E_sfrac_CBM']","old_E_pfrac_VBM, old_max_Z4, pmid_afs_gauss_std, old_kpath_angle_deg, E_sfrac_CBM",0.0617352300177314,0.5612056700946667,"{'svr__C': 1.0, 'svr__epsilon': 0.1, 'svr__gamma': 1.0, 'svr__kernel': 'rbf'}",rbf,1.0,1.0,0.1
5,"['old_E_pfrac_VBM', 'old_max_Z4', 'pmid_afs_gauss_std', 'old_ehull', 'E_sfrac_VBM']","old_E_pfrac_VBM, old_max_Z4, pmid_afs_gauss_std, old_ehull, E_sfrac_VBM",0.17543653821112748,0.6618313744019179,"{'svr__C': 1.0, 'svr__epsilon': 0.2, 'svr__gamma': 0.1, 'svr__kernel': 'rbf'}",rbf,1.0,0.1,0.2
5,"['old_E_pfrac_VBM', 'old_max_Z4', 'pmid_afs_gauss_std', 'old_ehull', 'E_sfrac_CBM']","old_E_pfrac_VBM, old_max_Z4, pmid_afs_gauss_std, old_ehull, E_sfrac_CBM",0.2535572948731477,0.5394406493044813,"{'svr__C': 1.0, 'svr__epsilon': 0.2, 'svr__gamma': 1.0, 'svr__kernel': 'rbf'}",rbf,1.0,1.0,0.2
5,"['old_E_pfrac_VBM', 'old_max_Z4', 'pmid_afs_gauss_std', 'E_sfrac_VBM', 'E_sfrac_CBM']","old_E_pfrac_VBM, old_max_Z4, pmid_afs_gauss_std, E_sfrac_VBM, E_sfrac_CBM",0.30489056845915485,0.5298307107031418,"{'svr__C': 1.0, 'svr__epsilon': 0.2, 'svr__gamma': 1.0, 'svr__kernel': 'rbf'}",rbf,1.0,1.0,0.2
5,"['old_E_pfrac_VBM', 'old_max_Z4', 'old_kpath_angle_deg', 'old_ehull', 'E_sfrac_VBM']","old_E_pfrac_VBM, old_max_Z4, old_kpath_angle_deg, old_ehull, E_sfrac_VBM",0.15322844185324658,0.6443744888181214,"{'svr__C': 100.0, 'svr__epsilon': 0.2, 'svr__gamma': 0.01, 'svr__kernel': 'rbf'}",rbf,100.0,0.01,0.2
5,"['old_E_pfrac_VBM', 'old_max_Z4', 'old_kpath_angle_deg', 'old_ehull', 'E_sfrac_CBM']","old_E_pfrac_VBM, old_max_Z4, old_kpath_angle_deg, old_ehull, E_sfrac_CBM",0.38805410080499636,0.5563117811621319,"{'svr__C': 1000.0, 'svr__epsilon': 0.01, 'svr__gamma': 0.01, 'svr__kernel': 'rbf'}",rbf,1000.0,0.01,0.01
5,"['old_E_pfrac_VBM', 'old_max_Z4', 'old_kpath_angle_deg', 'E_sfrac_VBM', 'E_sfrac_CBM']","old_E_pfrac_VBM, old_max_Z4, old_kpath_angle_deg, E_sfrac_VBM, E_sfrac_CBM",0.24705130176069612,0.5504049576506879,"{'svr__C': 1.0, 'svr__epsilon': 0.01, 'svr__gamma': 1.0, 'svr__kernel': 'rbf'}",rbf,1.0,1.0,0.01
5,"['old_E_pfrac_VBM', 'old_max_Z4', 'old_ehull', 'E_sfrac_VBM', 'E_sfrac_CBM']","old_E_pfrac_VBM, old_max_Z4, old_ehull, E_sfrac_VBM, E_sfrac_CBM",0.24914828133973455,0.5369080896146383,"{'svr__C': 10.0, 'svr__epsilon': 0.2, 'svr__gamma': 'auto', 'svr__kernel': 'rbf'}",rbf,10.0,auto,0.2
5,"['old_E_pfrac_VBM', 'pmid_afs_gauss_std', 'old_kpath_angle_deg', 'old_ehull', 'E_sfrac_VBM']","old_E_pfrac_VBM, pmid_afs_gauss_std, old_kpath_angle_deg, old_ehull, E_sfrac_VBM",0.26521117909523373,0.5948711946747742,"{'svr__C': 1000.0, 'svr__epsilon': 0.01, 'svr__gamma': 0.01, 'svr__kernel': 'rbf'}",rbf,1000.0,0.01,0.01
5,"['old_E_pfrac_VBM', 'pmid_afs_gauss_std', 'old_kpath_angle_deg', 'old_ehull', 'E_sfrac_CBM']","old_E_pfrac_VBM, pmid_afs_gauss_std, old_kpath_angle_deg, old_ehull, E_sfrac_CBM",0.2577069753467969,0.5939441992802824,"{'svr__C': 10.0, 'svr__epsilon': 0.2, 'svr__gamma': 0.1, 'svr__kernel': 'rbf'}",rbf,10.0,0.1,0.2
5,"['old_E_pfrac_VBM', 'pmid_afs_gauss_std', 'old_kpath_angle_deg', 'E_sfrac_VBM', 'E_sfrac_CBM']","old_E_pfrac_VBM, pmid_afs_gauss_std, old_kpath_angle_deg, E_sfrac_VBM, E_sfrac_CBM",0.32590905168614037,0.5479203908981992,"{'svr__C': 10.0, 'svr__epsilon': 0.2, 'svr__gamma': 'auto', 'svr__kernel': 'rbf'}",rbf,10.0,auto,0.2
5,"['old_E_pfrac_VBM', 'pmid_afs_gauss_std', 'old_ehull', 'E_sfrac_VBM', 'E_sfrac_CBM']","old_E_pfrac_VBM, pmid_afs_gauss_std, old_ehull, E_sfrac_VBM, E_sfrac_CBM",0.28214140222683104,0.5967344457350113,"{'svr__C': 100.0, 'svr__epsilon': 0.2, 'svr__gamma': 0.01, 'svr__kernel': 'rbf'}",rbf,100.0,0.01,0.2
5,"['old_E_pfrac_VBM', 'old_kpath_angle_deg', 'old_ehull', 'E_sfrac_VBM', 'E_sfrac_CBM']","old_E_pfrac_VBM, old_kpath_angle_deg, old_ehull, E_sfrac_VBM, E_sfrac_CBM",0.26089788303649697,0.5559921017514521,"{'svr__C': 100.0, 'svr__epsilon': 0.2, 'svr__gamma': 1.0, 'svr__kernel': 'rbf'}",rbf,100.0,1.0,0.2
5,"['old_E_pfrac_CBM', 'old_radius_mean', 'old_max_Z4', 'pmid_afs_gauss_std', 'old_kpath_angle_deg']","old_E_pfrac_CBM, old_radius_mean, old_max_Z4, pmid_afs_gauss_std, old_kpath_angle_deg",0.16644751570715044,0.6323360440025478,"{'svr__C': 100.0, 'svr__epsilon': 0.2, 'svr__gamma': 0.01, 'svr__kernel': 'rbf'}",rbf,100.0,0.01,0.2
5,"['old_E_pfrac_CBM', 'old_radius_mean', 'old_max_Z4', 'pmid_afs_gauss_std', 'old_ehull']","old_E_pfrac_CBM, old_radius_mean, old_max_Z4, pmid_afs_gauss_std, old_ehull",0.21464361464830128,0.5961490268538077,"{'svr__C': 100.0, 'svr__epsilon': 0.01, 'svr__gamma': 0.01, 'svr__kernel': 'rbf'}",rbf,100.0,0.01,0.01
5,"['old_E_pfrac_CBM', 'old_radius_mean', 'old_max_Z4', 'pmid_afs_gauss_std', 'E_sfrac_VBM']","old_E_pfrac_CBM, old_radius_mean, old_max_Z4, pmid_afs_gauss_std, E_sfrac_VBM",0.37042587208478883,0.5658903561463319,"{'svr__C': 100.0, 'svr__epsilon': 0.01, 'svr__gamma': 0.01, 'svr__kernel': 'rbf'}",rbf,100.0,0.01,0.01
5,"['old_E_pfrac_CBM', 'old_radius_mean', 'old_max_Z4', 'pmid_afs_gauss_std', 'E_sfrac_CBM']","old_E_pfrac_CBM, old_radius_mean, old_max_Z4, pmid_afs_gauss_std, E_sfrac_CBM",0.20813243550350824,0.5799583925622742,"{'svr__C': 1.0, 'svr__epsilon': 0.2, 'svr__gamma': 1.0, 'svr__kernel': 'rbf'}",rbf,1.0,1.0,0.2
5,"['old_E_pfrac_CBM', 'old_radius_mean', 'old_max_Z4', 'old_kpath_angle_deg', 'old_ehull']","old_E_pfrac_CBM, old_radius_mean, old_max_Z4, old_kpath_angle_deg, old_ehull",0.107168610693132,0.642157288454657,"{'svr__C': 100.0, 'svr__epsilon': 0.01, 'svr__gamma': 0.01, 'svr__kernel': 'rbf'}",rbf,100.0,0.01,0.01
5,"['old_E_pfrac_CBM', 'old_radius_mean', 'old_max_Z4', 'old_kpath_angle_deg', 'E_sfrac_VBM']","old_E_pfrac_CBM, old_radius_mean, old_max_Z4, old_kpath_angle_deg, E_sfrac_VBM",0.21609549200955858,0.6580248372530617,"{'svr__C': 100.0, 'svr__epsilon': 0.2, 'svr__gamma': 0.01, 'svr__kernel': 'rbf'}",rbf,100.0,0.01,0.2
5,"['old_E_pfrac_CBM', 'old_radius_mean', 'old_max_Z4', 'old_kpath_angle_deg', 'E_sfrac_CBM']","old_E_pfrac_CBM, old_radius_mean, old_max_Z4, old_kpath_angle_deg, E_sfrac_CBM",0.33485874925931547,0.526207349802833,"{'svr__C': 1.0, 'svr__epsilon': 0.1, 'svr__gamma': 1.0, 'svr__kernel': 'rbf'}",rbf,1.0,1.0,0.1
5,"['old_E_pfrac_CBM', 'old_radius_mean', 'old_max_Z4', 'old_ehull', 'E_sfrac_VBM']","old_E_pfrac_CBM, old_radius_mean, old_max_Z4, old_ehull, E_sfrac_VBM",0.20552946228982516,0.6214266129569064,"{'svr__C': 100.0, 'svr__epsilon': 0.2, 'svr__gamma': 0.01, 'svr__kernel': 'rbf'}",rbf,100.0,0.01,0.2
5,"['old_E_pfrac_CBM', 'old_radius_mean', 'old_max_Z4', 'old_ehull', 'E_sfrac_CBM']","old_E_pfrac_CBM, old_radius_mean, old_max_Z4, old_ehull, E_sfrac_CBM",0.06171253724030923,0.662492774302937,"{'svr__C': 0.1, 'svr__epsilon': 0.01, 'svr__gamma': 'scale', 'svr__kernel': 'rbf'}",rbf,0.1,scale,0.01
5,"['old_E_pfrac_CBM', 'old_radius_mean', 'old_max_Z4', 'E_sfrac_VBM', 'E_sfrac_CBM']","old_E_pfrac_CBM, old_radius_mean, old_max_Z4, E_sfrac_VBM, E_sfrac_CBM",0.28138397018197436,0.5433531850035833,"{'svr__C': 100.0, 'svr__epsilon': 0.2, 'svr__gamma': 'scale', 'svr__kernel': 'rbf'}",rbf,100.0,scale,0.2
5,"['old_E_pfrac_CBM', 'old_radius_mean', 'pmid_afs_gauss_std', 'old_kpath_angle_deg', 'old_ehull']","old_E_pfrac_CBM, old_radius_mean, pmid_afs_gauss_std, old_kpath_angle_deg, old_ehull",0.17922445984387514,0.5867851993032739,"{'svr__C': 10.0, 'svr__epsilon': 0.01, 'svr__gamma': 0.1, 'svr__kernel': 'rbf'}",rbf,10.0,0.1,0.01
5,"['old_E_pfrac_CBM', 'old_radius_mean', 'pmid_afs_gauss_std', 'old_kpath_angle_deg', 'E_sfrac_VBM']","old_E_pfrac_CBM, old_radius_mean, pmid_afs_gauss_std, old_kpath_angle_deg, E_sfrac_VBM",0.2190004750981751,0.6246530025300208,"{'svr__C': 10.0, 'svr__epsilon': 0.2, 'svr__gamma': 'scale', 'svr__kernel': 'rbf'}",rbf,10.0,scale,0.2
5,"['old_E_pfrac_CBM', 'old_radius_mean', 'pmid_afs_gauss_std', 'old_kpath_angle_deg', 'E_sfrac_CBM']","old_E_pfrac_CBM, old_radius_mean, pmid_afs_gauss_std, old_kpath_angle_deg, E_sfrac_CBM",0.057097262352369116,0.6306567983866185,"{'svr__C': 100.0, 'svr__epsilon': 0.2, 'svr__gamma': 0.1, 'svr__kernel': 'rbf'}",rbf,100.0,0.1,0.2
5,"['old_E_pfrac_CBM', 'old_radius_mean', 'pmid_afs_gauss_std', 'old_ehull', 'E_sfrac_VBM']","old_E_pfrac_CBM, old_radius_mean, pmid_afs_gauss_std, old_ehull, E_sfrac_VBM",0.4384734465253113,0.5277454036222399,"{'svr__C': 100.0, 'svr__epsilon': 0.2, 'svr__gamma': 0.01, 'svr__kernel': 'rbf'}",rbf,100.0,0.01,0.2
5,"['old_E_pfrac_CBM', 'old_radius_mean', 'pmid_afs_gauss_std', 'old_ehull', 'E_sfrac_CBM']","old_E_pfrac_CBM, old_radius_mean, pmid_afs_gauss_std, old_ehull, E_sfrac_CBM",0.18993773925219937,0.5912386512717333,"{'svr__C': 1.0, 'svr__epsilon': 0.01, 'svr__gamma': 0.1, 'svr__kernel': 'rbf'}",rbf,1.0,0.1,0.01
5,"['old_E_pfrac_CBM', 'old_radius_mean', 'pmid_afs_gauss_std', 'E_sfrac_VBM', 'E_sfrac_CBM']","old_E_pfrac_CBM, old_radius_mean, pmid_afs_gauss_std, E_sfrac_VBM, E_sfrac_CBM",0.19170913609198836,0.5799886299214104,"{'svr__C': 1.0, 'svr__epsilon': 0.01, 'svr__gamma': 1.0, 'svr__kernel': 'rbf'}",rbf,1.0,1.0,0.01
5,"['old_E_pfrac_CBM', 'old_radius_mean', 'old_kpath_angle_deg', 'old_ehull', 'E_sfrac_VBM']","old_E_pfrac_CBM, old_radius_mean, old_kpath_angle_deg, old_ehull, E_sfrac_VBM",0.34343613222336433,0.584318816835839,"{'svr__C': 100.0, 'svr__epsilon': 0.2, 'svr__gamma': 0.01, 'svr__kernel': 'rbf'}",rbf,100.0,0.01,0.2
5,"['old_E_pfrac_CBM', 'old_radius_mean', 'old_kpath_angle_deg', 'old_ehull', 'E_sfrac_CBM']","old_E_pfrac_CBM, old_radius_mean, old_kpath_angle_deg, old_ehull, E_sfrac_CBM",0.18939499122312609,0.637147287736025,"{'svr__C': 100.0, 'svr__epsilon': 0.2, 'svr__gamma': 0.01, 'svr__kernel': 'rbf'}",rbf,100.0,0.01,0.2
5,"['old_E_pfrac_CBM', 'old_radius_mean', 'old_kpath_angle_deg', 'E_sfrac_VBM', 'E_sfrac_CBM']","old_E_pfrac_CBM, old_radius_mean, old_kpath_angle_deg, E_sfrac_VBM, E_sfrac_CBM",0.3452845048626315,0.5449486822094404,"{'svr__C': 10.0, 'svr__epsilon': 0.2, 'svr__gamma': 'scale', 'svr__kernel': 'rbf'}",rbf,10.0,scale,0.2
5,"['old_E_pfrac_CBM', 'old_radius_mean', 'old_ehull', 'E_sfrac_VBM', 'E_sfrac_CBM']","old_E_pfrac_CBM, old_radius_mean, old_ehull, E_sfrac_VBM, E_sfrac_CBM",0.29784196019043885,0.5842704804421934,"{'svr__C': 100.0, 'svr__epsilon': 0.2, 'svr__gamma': 0.01, 'svr__kernel': 'rbf'}",rbf,100.0,0.01,0.2
5,"['old_E_pfrac_CBM', 'old_max_Z4', 'pmid_afs_gauss_std', 'old_kpath_angle_deg', 'old_ehull']","old_E_pfrac_CBM, old_max_Z4, pmid_afs_gauss_std, old_kpath_angle_deg, old_ehull",0.4593586057219752,0.49006801762978136,"{'svr__C': 10.0, 'svr__epsilon': 0.2, 'svr__gamma': 1.0, 'svr__kernel': 'rbf'}",rbf,10.0,1.0,0.2
5,"['old_E_pfrac_CBM', 'old_max_Z4', 'pmid_afs_gauss_std', 'old_kpath_angle_deg', 'E_sfrac_VBM']","old_E_pfrac_CBM, old_max_Z4, pmid_afs_gauss_std, old_kpath_angle_deg, E_sfrac_VBM",0.21298806189121555,0.6209091429636208,"{'svr__C': 1.0, 'svr__epsilon': 0.01, 'svr__gamma': 1.0, 'svr__kernel': 'rbf'}",rbf,1.0,1.0,0.01
5,"['old_E_pfrac_CBM', 'old_max_Z4', 'pmid_afs_gauss_std', 'old_kpath_angle_deg', 'E_sfrac_CBM']","old_E_pfrac_CBM, old_max_Z4, pmid_afs_gauss_std, old_kpath_angle_deg, E_sfrac_CBM",0.3480042215715897,0.5192525571570928,"{'svr__C': 100.0, 'svr__epsilon': 0.1, 'svr__gamma': 1.0, 'svr__kernel': 'rbf'}",rbf,100.0,1.0,0.1
5,"['old_E_pfrac_CBM', 'old_max_Z4', 'pmid_afs_gauss_std', 'old_ehull', 'E_sfrac_VBM']","old_E_pfrac_CBM, old_max_Z4, pmid_afs_gauss_std, old_ehull, E_sfrac_VBM",0.19619980869645026,0.6158360306399425,"{'svr__C': 10.0, 'svr__epsilon': 0.2, 'svr__gamma': 0.01, 'svr__kernel': 'rbf'}",rbf,10.0,0.01,0.2
5,"['old_E_pfrac_CBM', 'old_max_Z4', 'pmid_afs_gauss_std', 'old_ehull', 'E_sfrac_CBM']","old_E_pfrac_CBM, old_max_Z4, pmid_afs_gauss_std, old_ehull, E_sfrac_CBM",0.2014331328561607,0.5834444643889454,"{'svr__C': 0.1, 'svr__epsilon': 0.01, 'svr__gamma': 1.0, 'svr__kernel': 'rbf'}",rbf,0.1,1.0,0.01
5,"['old_E_pfrac_CBM', 'old_max_Z4', 'pmid_afs_gauss_std', 'E_sfrac_VBM', 'E_sfrac_CBM']","old_E_pfrac_CBM, old_max_Z4, pmid_afs_gauss_std, E_sfrac_VBM, E_sfrac_CBM",0.2762627748671861,0.5454324416648418,"{'svr__C': 10.0, 'svr__epsilon': 0.2, 'svr__gamma': 'scale', 'svr__kernel': 'rbf'}",rbf,10.0,scale,0.2
5,"['old_E_pfrac_CBM', 'old_max_Z4', 'old_kpath_angle_deg', 'old_ehull', 'E_sfrac_VBM']","old_E_pfrac_CBM, old_max_Z4, old_kpath_angle_deg, old_ehull, E_sfrac_VBM",0.38649795871762327,0.49072098201987674,"{'svr__C': 10.0, 'svr__epsilon': 0.1, 'svr__gamma': 1.0, 'svr__kernel': 'rbf'}",rbf,10.0,1.0,0.1
5,"['old_E_pfrac_CBM', 'old_max_Z4', 'old_kpath_angle_deg', 'old_ehull', 'E_sfrac_CBM']","old_E_pfrac_CBM, old_max_Z4, old_kpath_angle_deg, old_ehull, E_sfrac_CBM",0.2566405098867546,0.5484513721592608,"{'svr__C': 100.0, 'svr__epsilon': 0.1, 'svr__gamma': 1.0, 'svr__kernel': 'rbf'}",rbf,100.0,1.0,0.1
5,"['old_E_pfrac_CBM', 'old_max_Z4', 'old_kpath_angle_deg', 'E_sfrac_VBM', 'E_sfrac_CBM']","old_E_pfrac_CBM, old_max_Z4, old_kpath_angle_deg, E_sfrac_VBM, E_sfrac_CBM",0.2216921429341372,0.4968762462552957,"{'svr__C': 10.0, 'svr__epsilon': 0.1, 'svr__gamma': 1.0, 'svr__kernel': 'rbf'}",rbf,10.0,1.0,0.1
5,"['old_E_pfrac_CBM', 'old_max_Z4', 'old_ehull', 'E_sfrac_VBM', 'E_sfrac_CBM']","old_E_pfrac_CBM, old_max_Z4, old_ehull, E_sfrac_VBM, E_sfrac_CBM",0.20957231714921665,0.5331668983635095,"{'svr__C': 1.0, 'svr__epsilon': 0.2, 'svr__gamma': 1.0, 'svr__kernel': 'rbf'}",rbf,1.0,1.0,0.2
5,"['old_E_pfrac_CBM', 'pmid_afs_gauss_std', 'old_kpath_angle_deg', 'old_ehull', 'E_sfrac_VBM']","old_E_pfrac_CBM, pmid_afs_gauss_std, old_kpath_angle_deg, old_ehull, E_sfrac_VBM",0.4032489138955516,0.487591339957312,"{'svr__C': 1000.0, 'svr__epsilon': 0.1, 'svr__gamma': 1.0, 'svr__kernel': 'rbf'}",rbf,1000.0,1.0,0.1
5,"['old_E_pfrac_CBM', 'pmid_afs_gauss_std', 'old_kpath_angle_deg', 'old_ehull', 'E_sfrac_CBM']","old_E_pfrac_CBM, pmid_afs_gauss_std, old_kpath_angle_deg, old_ehull, E_sfrac_CBM",0.5293126514730581,0.46369692001393886,"{'svr__C': 100.0, 'svr__epsilon': 0.01, 'svr__gamma': 0.1, 'svr__kernel': 'rbf'}",rbf,100.0,0.1,0.01
5,"['old_E_pfrac_CBM', 'pmid_afs_gauss_std', 'old_kpath_angle_deg', 'E_sfrac_VBM', 'E_sfrac_CBM']","old_E_pfrac_CBM, pmid_afs_gauss_std, old_kpath_angle_deg, E_sfrac_VBM, E_sfrac_CBM",0.3193831366123926,0.5388736568561974,"{'svr__C': 10.0, 'svr__epsilon': 0.2, 'svr__gamma': 'scale', 'svr__kernel': 'rbf'}",rbf,10.0,scale,0.2
5,"['old_E_pfrac_CBM', 'pmid_afs_gauss_std', 'old_ehull', 'E_sfrac_VBM', 'E_sfrac_CBM']","old_E_pfrac_CBM, pmid_afs_gauss_std, old_ehull, E_sfrac_VBM, E_sfrac_CBM",0.11024090060206382,0.574034337536533,"{'svr__C': 10.0, 'svr__epsilon': 0.1, 'svr__gamma': 'scale', 'svr__kernel': 'rbf'}",rbf,10.0,scale,0.1
5,"['old_E_pfrac_CBM', 'old_kpath_angle_deg', 'old_ehull', 'E_sfrac_VBM', 'E_sfrac_CBM']","old_E_pfrac_CBM, old_kpath_angle_deg, old_ehull, E_sfrac_VBM, E_sfrac_CBM",0.18752424785926314,0.5764029547254881,"{'svr__C': 1000.0, 'svr__epsilon': 0.01, 'svr__gamma': 1.0, 'svr__kernel': 'rbf'}",rbf,1000.0,1.0,0.01
5,"['old_radius_mean', 'old_max_Z4', 'pmid_afs_gauss_std', 'old_kpath_angle_deg', 'old_ehull']","old_radius_mean, old_max_Z4, pmid_afs_gauss_std, old_kpath_angle_deg, old_ehull",0.021482770885893676,0.6712510541241389,"{'svr__C': 1.0, 'svr__epsilon': 0.01, 'svr__gamma': 'auto', 'svr__kernel': 'rbf'}",rbf,1.0,auto,0.01
5,"['old_radius_mean', 'old_max_Z4', 'pmid_afs_gauss_std', 'old_kpath_angle_deg', 'E_sfrac_VBM']","old_radius_mean, old_max_Z4, pmid_afs_gauss_std, old_kpath_angle_deg, E_sfrac_VBM",0.086888794877923,0.6472593928042712,"{'svr__C': 100.0, 'svr__epsilon': 0.01, 'svr__gamma': 0.01, 'svr__kernel': 'rbf'}",rbf,100.0,0.01,0.01
5,"['old_radius_mean', 'old_max_Z4', 'pmid_afs_gauss_std', 'old_kpath_angle_deg', 'E_sfrac_CBM']","old_radius_mean, old_max_Z4, pmid_afs_gauss_std, old_kpath_angle_deg, E_sfrac_CBM",0.2511296014619492,0.569352495897396,"{'svr__C': 1.0, 'svr__epsilon': 0.1, 'svr__gamma': 1.0, 'svr__kernel': 'rbf'}",rbf,1.0,1.0,0.1
5,"['old_radius_mean', 'old_max_Z4', 'pmid_afs_gauss_std', 'old_ehull', 'E_sfrac_VBM']","old_radius_mean, old_max_Z4, pmid_afs_gauss_std, old_ehull, E_sfrac_VBM",0.1708197287215718,0.6437346290392073,"{'svr__C': 10.0, 'svr__epsilon': 0.2, 'svr__gamma': 'scale', 'svr__kernel': 'rbf'}",rbf,10.0,scale,0.2
5,"['old_radius_mean', 'old_max_Z4', 'pmid_afs_gauss_std', 'old_ehull', 'E_sfrac_CBM']","old_radius_mean, old_max_Z4, pmid_afs_gauss_std, old_ehull, E_sfrac_CBM",0.010872889035645317,0.6762216318353172,"{'svr__C': 0.1, 'svr__epsilon': 0.01, 'svr__gamma': 'scale', 'svr__kernel': 'rbf'}",rbf,0.1,scale,0.01
5,"['old_radius_mean', 'old_max_Z4', 'pmid_afs_gauss_std', 'E_sfrac_VBM', 'E_sfrac_CBM']","old_radius_mean, old_max_Z4, pmid_afs_gauss_std, E_sfrac_VBM, E_sfrac_CBM",0.11518522008393783,0.6247114886003408,"{'svr__C': 10.0, 'svr__epsilon': 0.2, 'svr__gamma': 'auto', 'svr__kernel': 'rbf'}",rbf,10.0,auto,0.2
5,"['old_radius_mean', 'old_max_Z4', 'old_kpath_angle_deg', 'old_ehull', 'E_sfrac_VBM']","old_radius_mean, old_max_Z4, old_kpath_angle_deg, old_ehull, E_sfrac_VBM",0.058459986814174414,0.6700060765561077,"{'svr__C': 1.0, 'svr__epsilon': 0.1, 'svr__gamma': 'auto', 'svr__kernel': 'rbf'}",rbf,1.0,auto,0.1
5,"['old_radius_mean', 'old_max_Z4', 'old_kpath_angle_deg', 'old_ehull', 'E_sfrac_CBM']","old_radius_mean, old_max_Z4, old_kpath_angle_deg, old_ehull, E_sfrac_CBM",0.15811696262752384,0.6079171965195035,"{'svr__C': 1.0, 'svr__epsilon': 0.1, 'svr__gamma': 1.0, 'svr__kernel': 'rbf'}",rbf,1.0,1.0,0.1
5,"['old_radius_mean', 'old_max_Z4', 'old_kpath_angle_deg', 'E_sfrac_VBM', 'E_sfrac_CBM']","old_radius_mean, old_max_Z4, old_kpath_angle_deg, E_sfrac_VBM, E_sfrac_CBM",0.29573020016691864,0.5241289702243327,"{'svr__C': 100.0, 'svr__epsilon': 0.01, 'svr__gamma': 'auto', 'svr__kernel': 'rbf'}",rbf,100.0,auto,0.01
5,"['old_radius_mean', 'old_max_Z4', 'old_ehull', 'E_sfrac_VBM', 'E_sfrac_CBM']","old_radius_mean, old_max_Z4, old_ehull, E_sfrac_VBM, E_sfrac_CBM",-0.016205273855660618,0.6535805194736853,"{'svr__C': 1.0, 'svr__epsilon': 0.1, 'svr__gamma': 1.0, 'svr__kernel': 'rbf'}",rbf,1.0,1.0,0.1
5,"['old_radius_mean', 'pmid_afs_gauss_std', 'old_kpath_angle_deg', 'old_ehull', 'E_sfrac_VBM']","old_radius_mean, pmid_afs_gauss_std, old_kpath_angle_deg, old_ehull, E_sfrac_VBM",0.04934367005748819,0.681980925401437,"{'svr__C': 100.0, 'svr__epsilon': 0.01, 'svr__gamma': 0.01, 'svr__kernel': 'rbf'}",rbf,100.0,0.01,0.01
5,"['old_radius_mean', 'pmid_afs_gauss_std', 'old_kpath_angle_deg', 'old_ehull', 'E_sfrac_CBM']","old_radius_mean, pmid_afs_gauss_std, old_kpath_angle_deg, old_ehull, E_sfrac_CBM",0.19656716175451083,0.6140887172949956,"{'svr__C': 100.0, 'svr__epsilon': 0.2, 'svr__gamma': 0.01, 'svr__kernel': 'rbf'}",rbf,100.0,0.01,0.2
5,"['old_radius_mean', 'pmid_afs_gauss_std', 'old_kpath_angle_deg', 'E_sfrac_VBM', 'E_sfrac_CBM']","old_radius_mean, pmid_afs_gauss_std, old_kpath_angle_deg, E_sfrac_VBM, E_sfrac_CBM",0.2775087068515929,0.6009878500456763,"{'svr__C': 10.0, 'svr__epsilon': 0.2, 'svr__gamma': 'auto', 'svr__kernel': 'rbf'}",rbf,10.0,auto,0.2
5,"['old_radius_mean', 'pmid_afs_gauss_std', 'old_ehull', 'E_sfrac_VBM', 'E_sfrac_CBM']","old_radius_mean, pmid_afs_gauss_std, old_ehull, E_sfrac_VBM, E_sfrac_CBM",0.39259361893790634,0.5371149815971259,"{'svr__C': 100.0, 'svr__epsilon': 0.01, 'svr__gamma': 0.01, 'svr__kernel': 'rbf'}",rbf,100.0,0.01,0.01
5,"['old_radius_mean', 'old_kpath_angle_deg', 'old_ehull', 'E_sfrac_VBM', 'E_sfrac_CBM']","old_radius_mean, old_kpath_angle_deg, old_ehull, E_sfrac_VBM, E_sfrac_CBM",0.014431099404015435,0.6817439646299011,"{'svr__C': 100.0, 'svr__epsilon': 0.2, 'svr__gamma': 0.01, 'svr__kernel': 'rbf'}",rbf,100.0,0.01,0.2
5,"['old_max_Z4', 'pmid_afs_gauss_std', 'old_kpath_angle_deg', 'old_ehull', 'E_sfrac_VBM']","old_max_Z4, pmid_afs_gauss_std, old_kpath_angle_deg, old_ehull, E_sfrac_VBM",0.4010982865094066,0.5335642992989278,"{'svr__C': 10.0, 'svr__epsilon': 0.2, 'svr__gamma': 1.0, 'svr__kernel': 'rbf'}",rbf,10.0,1.0,0.2
5,"['old_max_Z4', 'pmid_afs_gauss_std', 'old_kpath_angle_deg', 'old_ehull', 'E_sfrac_CBM']","old_max_Z4, pmid_afs_gauss_std, old_kpath_angle_deg, old_ehull, E_sfrac_CBM",0.38540233132705304,0.5144191355159485,"{'svr__C': 10.0, 'svr__epsilon': 0.2, 'svr__gamma': 1.0, 'svr__kernel': 'rbf'}",rbf,10.0,1.0,0.2
5,"['old_max_Z4', 'pmid_afs_gauss_std', 'old_kpath_angle_deg', 'E_sfrac_VBM', 'E_sfrac_CBM']","old_max_Z4, pmid_afs_gauss_std, old_kpath_angle_deg, E_sfrac_VBM, E_sfrac_CBM",0.22291765917588324,0.5552963392217721,"{'svr__C': 1.0, 'svr__epsilon': 0.01, 'svr__gamma': 1.0, 'svr__kernel': 'rbf'}",rbf,1.0,1.0,0.01
5,"['old_max_Z4', 'pmid_afs_gauss_std', 'old_ehull', 'E_sfrac_VBM', 'E_sfrac_CBM']","old_max_Z4, pmid_afs_gauss_std, old_ehull, E_sfrac_VBM, E_sfrac_CBM",0.17033329440279676,0.5775543887254079,"{'svr__C': 1.0, 'svr__epsilon': 0.2, 'svr__gamma': 1.0, 'svr__kernel': 'rbf'}",rbf,1.0,1.0,0.2
5,"['old_max_Z4', 'old_kpath_angle_deg', 'old_ehull', 'E_sfrac_VBM', 'E_sfrac_CBM']","old_max_Z4, old_kpath_angle_deg, old_ehull, E_sfrac_VBM, E_sfrac_CBM",0.2896037824918022,0.509086771332269,"{'svr__C': 10.0, 'svr__epsilon': 0.01, 'svr__gamma': 1.0, 'svr__kernel': 'rbf'}",rbf,10.0,1.0,0.01
5,"['pmid_afs_gauss_std', 'old_kpath_angle_deg', 'old_ehull', 'E_sfrac_VBM', 'E_sfrac_CBM']","pmid_afs_gauss_std, old_kpath_angle_deg, old_ehull, E_sfrac_VBM, E_sfrac_CBM",0.30245879459713243,0.5695621530419969,"{'svr__C': 100.0, 'svr__epsilon': 0.2, 'svr__gamma': 1.0, 'svr__kernel': 'rbf'}",rbf,100.0,1.0,0.2
6,"['old_E_pfrac_VBM', 'old_E_pfrac_CBM', 'old_radius_mean', 'old_max_Z4', 'pmid_afs_gauss_std', 'old_kpath_angle_deg']","old_E_pfrac_VBM, old_E_pfrac_CBM, old_radius_mean, old_max_Z4, pmid_afs_gauss_std, old_kpath_angle_deg",0.43266676673003157,0.5395237461321144,"{'svr__C': 1000.0, 'svr__epsilon': 0.2, 'svr__gamma': 0.01, 'svr__kernel': 'rbf'}",rbf,1000.0,0.01,0.2
6,"['old_E_pfrac_VBM', 'old_E_pfrac_CBM', 'old_radius_mean', 'old_max_Z4', 'pmid_afs_gauss_std', 'old_ehull']","old_E_pfrac_VBM, old_E_pfrac_CBM, old_radius_mean, old_max_Z4, pmid_afs_gauss_std, old_ehull",0.31440602167774634,0.5538061853671674,"{'svr__C': 100.0, 'svr__epsilon': 0.1, 'svr__gamma': 0.01, 'svr__kernel': 'rbf'}",rbf,100.0,0.01,0.1
6,"['old_E_pfrac_VBM', 'old_E_pfrac_CBM', 'old_radius_mean', 'old_max_Z4', 'pmid_afs_gauss_std', 'E_sfrac_VBM']","old_E_pfrac_VBM, old_E_pfrac_CBM, old_radius_mean, old_max_Z4, pmid_afs_gauss_std, E_sfrac_VBM",0.4393335712906159,0.5405108130707433,"{'svr__C': 100.0, 'svr__epsilon': 0.2, 'svr__gamma': 0.01, 'svr__kernel': 'rbf'}",rbf,100.0,0.01,0.2
6,"['old_E_pfrac_VBM', 'old_E_pfrac_CBM', 'old_radius_mean', 'old_max_Z4', 'pmid_afs_gauss_std', 'E_sfrac_CBM']","old_E_pfrac_VBM, old_E_pfrac_CBM, old_radius_mean, old_max_Z4, pmid_afs_gauss_std, E_sfrac_CBM",-0.03824504783811111,0.642747072922043,"{'svr__C': 1.0, 'svr__epsilon': 0.2, 'svr__gamma': 1.0, 'svr__kernel': 'rbf'}",rbf,1.0,1.0,0.2
6,"['old_E_pfrac_VBM', 'old_E_pfrac_CBM', 'old_radius_mean', 'old_max_Z4', 'old_kpath_angle_deg', 'old_ehull']","old_E_pfrac_VBM, old_E_pfrac_CBM, old_radius_mean, old_max_Z4, old_kpath_angle_deg, old_ehull",0.3791197054377251,0.5087522778490663,"{'svr__C': 1000.0, 'svr__epsilon': 0.2, 'svr__gamma': 0.01, 'svr__kernel': 'rbf'}",rbf,1000.0,0.01,0.2
6,"['old_E_pfrac_VBM', 'old_E_pfrac_CBM', 'old_radius_mean', 'old_max_Z4', 'old_kpath_angle_deg', 'E_sfrac_VBM']","old_E_pfrac_VBM, old_E_pfrac_CBM, old_radius_mean, old_max_Z4, old_kpath_angle_deg, E_sfrac_VBM",0.2784848015106617,0.620295690561111,"{'svr__C': 10.0, 'svr__epsilon': 0.2, 'svr__gamma': 0.01, 'svr__kernel': 'rbf'}",rbf,10.0,0.01,0.2
6,"['old_E_pfrac_VBM', 'old_E_pfrac_CBM', 'old_radius_mean', 'old_max_Z4', 'old_kpath_angle_deg', 'E_sfrac_CBM']","old_E_pfrac_VBM, old_E_pfrac_CBM, old_radius_mean, old_max_Z4, old_kpath_angle_deg, E_sfrac_CBM",0.19584712714880814,0.5888619172976114,"{'svr__C': 1.0, 'svr__epsilon': 0.1, 'svr__gamma': 1.0, 'svr__kernel': 'rbf'}",rbf,1.0,1.0,0.1
6,"['old_E_pfrac_VBM', 'old_E_pfrac_CBM', 'old_radius_mean', 'old_max_Z4', 'old_ehull', 'E_sfrac_VBM']","old_E_pfrac_VBM, old_E_pfrac_CBM, old_radius_mean, old_max_Z4, old_ehull, E_sfrac_VBM",0.49017224386587144,0.5125242703030862,"{'svr__C': 100.0, 'svr__epsilon': 0.2, 'svr__gamma': 0.01, 'svr__kernel': 'rbf'}",rbf,100.0,0.01,0.2
6,"['old_E_pfrac_VBM', 'old_E_pfrac_CBM', 'old_radius_mean', 'old_max_Z4', 'old_ehull', 'E_sfrac_CBM']","old_E_pfrac_VBM, old_E_pfrac_CBM, old_radius_mean, old_max_Z4, old_ehull, E_sfrac_CBM",0.04211329679307574,0.5957282665361424,"{'svr__C': 1.0, 'svr__epsilon': 0.2, 'svr__gamma': 1.0, 'svr__kernel': 'rbf'}",rbf,1.0,1.0,0.2
6,"['old_E_pfrac_VBM', 'old_E_pfrac_CBM', 'old_radius_mean', 'old_max_Z4', 'E_sfrac_VBM', 'E_sfrac_CBM']","old_E_pfrac_VBM, old_E_pfrac_CBM, old_radius_mean, old_max_Z4, E_sfrac_VBM, E_sfrac_CBM",0.2329486995526383,0.5371823421982208,"{'svr__C': 100.0, 'svr__epsilon': 0.2, 'svr__gamma': 'scale', 'svr__kernel': 'rbf'}",rbf,100.0,scale,0.2
6,"['old_E_pfrac_VBM', 'old_E_pfrac_CBM', 'old_radius_mean', 'pmid_afs_gauss_std', 'old_kpath_angle_deg', 'old_ehull']","old_E_pfrac_VBM, old_E_pfrac_CBM, old_radius_mean, pmid_afs_gauss_std, old_kpath_angle_deg, old_ehull",0.3108379828517651,0.5372987621281123,"{'svr__C': 100.0, 'svr__epsilon': 0.1, 'svr__gamma': 0.01, 'svr__kernel': 'rbf'}",rbf,100.0,0.01,0.1
6,"['old_E_pfrac_VBM', 'old_E_pfrac_CBM', 'old_radius_mean', 'pmid_afs_gauss_std', 'old_kpath_angle_deg', 'E_sfrac_VBM']","old_E_pfrac_VBM, old_E_pfrac_CBM, old_radius_mean, pmid_afs_gauss_std, old_kpath_angle_deg, E_sfrac_VBM",0.2550017321740976,0.6250732562698166,"{'svr__C': 1.0, 'svr__epsilon': 0.2, 'svr__gamma': 0.1, 'svr__kernel': 'rbf'}",rbf,1.0,0.1,0.2
6,"['old_E_pfrac_VBM', 'old_E_pfrac_CBM', 'old_radius_mean', 'pmid_afs_gauss_std', 'old_kpath_angle_deg', 'E_sfrac_CBM']","old_E_pfrac_VBM, old_E_pfrac_CBM, old_radius_mean, pmid_afs_gauss_std, old_kpath_angle_deg, E_sfrac_CBM",0.2911218992054009,0.5266864672867794,"{'svr__C': 100.0, 'svr__epsilon': 0.1, 'svr__gamma': 0.1, 'svr__kernel': 'rbf'}",rbf,100.0,0.1,0.1
6,"['old_E_pfrac_VBM', 'old_E_pfrac_CBM', 'old_radius_mean', 'pmid_afs_gauss_std', 'old_ehull', 'E_sfrac_VBM']","old_E_pfrac_VBM, old_E_pfrac_CBM, old_radius_mean, pmid_afs_gauss_std, old_ehull, E_sfrac_VBM",0.5345624019499355,0.4844346612426077,"{'svr__C': 100.0, 'svr__epsilon': 0.2, 'svr__gamma': 0.01, 'svr__kernel': 'rbf'}",rbf,100.0,0.01,0.2
6,"['old_E_pfrac_VBM', 'old_E_pfrac_CBM', 'old_radius_mean', 'pmid_afs_gauss_std', 'old_ehull', 'E_sfrac_CBM']","old_E_pfrac_VBM, old_E_pfrac_CBM, old_radius_mean, pmid_afs_gauss_std, old_ehull, E_sfrac_CBM",0.3647554249185677,0.5306419180448092,"{'svr__C': 1000.0, 'svr__epsilon': 0.1, 'svr__gamma': 0.01, 'svr__kernel': 'rbf'}",rbf,1000.0,0.01,0.1
6,"['old_E_pfrac_VBM', 'old_E_pfrac_CBM', 'old_radius_mean', 'pmid_afs_gauss_std', 'E_sfrac_VBM', 'E_sfrac_CBM']","old_E_pfrac_VBM, old_E_pfrac_CBM, old_radius_mean, pmid_afs_gauss_std, E_sfrac_VBM, E_sfrac_CBM",0.18195984834697754,0.5933725696179577,"{'svr__C': 1.0, 'svr__epsilon': 0.01, 'svr__gamma': 1.0, 'svr__kernel': 'rbf'}",rbf,1.0,1.0,0.01
6,"['old_E_pfrac_VBM', 'old_E_pfrac_CBM', 'old_radius_mean', 'old_kpath_angle_deg', 'old_ehull', 'E_sfrac_VBM']","old_E_pfrac_VBM, old_E_pfrac_CBM, old_radius_mean, old_kpath_angle_deg, old_ehull, E_sfrac_VBM",0.44062676180249316,0.5490250454932297,"{'svr__C': 100.0, 'svr__epsilon': 0.1, 'svr__gamma': 0.01, 'svr__kernel': 'rbf'}",rbf,100.0,0.01,0.1
6,"['old_E_pfrac_VBM', 'old_E_pfrac_CBM', 'old_radius_mean', 'old_kpath_angle_deg', 'old_ehull', 'E_sfrac_CBM']","old_E_pfrac_VBM, old_E_pfrac_CBM, old_radius_mean, old_kpath_angle_deg, old_ehull, E_sfrac_CBM",0.5162041343191973,0.475420894567989,"{'svr__C': 1000.0, 'svr__epsilon': 0.2, 'svr__gamma': 0.01, 'svr__kernel': 'rbf'}",rbf,1000.0,0.01,0.2
6,"['old_E_pfrac_VBM', 'old_E_pfrac_CBM', 'old_radius_mean', 'old_kpath_angle_deg', 'E_sfrac_VBM', 'E_sfrac_CBM']","old_E_pfrac_VBM, old_E_pfrac_CBM, old_radius_mean, old_kpath_angle_deg, E_sfrac_VBM, E_sfrac_CBM",0.35616891991239874,0.5473693054022413,"{'svr__C': 10.0, 'svr__epsilon': 0.2, 'svr__gamma': 'scale', 'svr__kernel': 'rbf'}",rbf,10.0,scale,0.2
6,"['old_E_pfrac_VBM', 'old_E_pfrac_CBM', 'old_radius_mean', 'old_ehull', 'E_sfrac_VBM', 'E_sfrac_CBM']","old_E_pfrac_VBM, old_E_pfrac_CBM, old_radius_mean, old_ehull, E_sfrac_VBM, E_sfrac_CBM",0.5009698086356078,0.48923172656590624,"{'svr__C': 100.0, 'svr__epsilon': 0.2, 'svr__gamma': 0.01, 'svr__kernel': 'rbf'}",rbf,100.0,0.01,0.2
6,"['old_E_pfrac_VBM', 'old_E_pfrac_CBM', 'old_max_Z4', 'pmid_afs_gauss_std', 'old_kpath_angle_deg', 'old_ehull']","old_E_pfrac_VBM, old_E_pfrac_CBM, old_max_Z4, pmid_afs_gauss_std, old_kpath_angle_deg, old_ehull",0.3312268521459871,0.5171400523881782,"{'svr__C': 1000.0, 'svr__epsilon': 0.1, 'svr__gamma': 1.0, 'svr__kernel': 'rbf'}",rbf,1000.0,1.0,0.1
6,"['old_E_pfrac_VBM', 'old_E_pfrac_CBM', 'old_max_Z4', 'pmid_afs_gauss_std', 'old_kpath_angle_deg', 'E_sfrac_VBM']","old_E_pfrac_VBM, old_E_pfrac_CBM, old_max_Z4, pmid_afs_gauss_std, old_kpath_angle_deg, E_sfrac_VBM",0.23334075308156677,0.6403986803152963,"{'svr__C': 1.0, 'svr__epsilon': 0.2, 'svr__gamma': 'scale', 'svr__kernel': 'rbf'}",rbf,1.0,scale,0.2
6,"['old_E_pfrac_VBM', 'old_E_pfrac_CBM', 'old_max_Z4', 'pmid_afs_gauss_std', 'old_kpath_angle_deg', 'E_sfrac_CBM']","old_E_pfrac_VBM, old_E_pfrac_CBM, old_max_Z4, pmid_afs_gauss_std, old_kpath_angle_deg, E_sfrac_CBM",0.09718470577538985,0.5476754268616002,"{'svr__C': 10.0, 'svr__epsilon': 0.2, 'svr__gamma': 'scale', 'svr__kernel': 'rbf'}",rbf,10.0,scale,0.2
6,"['old_E_pfrac_VBM', 'old_E_pfrac_CBM', 'old_max_Z4', 'pmid_afs_gauss_std', 'old_ehull', 'E_sfrac_VBM']","old_E_pfrac_VBM, old_E_pfrac_CBM, old_max_Z4, pmid_afs_gauss_std, old_ehull, E_sfrac_VBM",0.27209779770537845,0.611013507611755,"{'svr__C': 10.0, 'svr__epsilon': 0.2, 'svr__gamma': 0.01, 'svr__kernel': 'rbf'}",rbf,10.0,0.01,0.2
6,"['old_E_pfrac_VBM', 'old_E_pfrac_CBM', 'old_max_Z4', 'pmid_afs_gauss_std', 'old_ehull', 'E_sfrac_CBM']","old_E_pfrac_VBM, old_E_pfrac_CBM, old_max_Z4, pmid_afs_gauss_std, old_ehull, E_sfrac_CBM",0.2719143462337096,0.5338913976124783,"{'svr__C': 1.0, 'svr__epsilon': 0.2, 'svr__gamma': 1.0, 'svr__kernel': 'rbf'}",rbf,1.0,1.0,0.2
6,"['old_E_pfrac_VBM', 'old_E_pfrac_CBM', 'old_max_Z4', 'pmid_afs_gauss_std', 'E_sfrac_VBM', 'E_sfrac_CBM']","old_E_pfrac_VBM, old_E_pfrac_CBM, old_max_Z4, pmid_afs_gauss_std, E_sfrac_VBM, E_sfrac_CBM",0.2788685612582841,0.5356843257549689,"{'svr__C': 1.0, 'svr__epsilon': 0.2, 'svr__gamma': 1.0, 'svr__kernel': 'rbf'}",rbf,1.0,1.0,0.2
6,"['old_E_pfrac_VBM', 'old_E_pfrac_CBM', 'old_max_Z4', 'old_kpath_angle_deg', 'old_ehull', 'E_sfrac_VBM']","old_E_pfrac_VBM, old_E_pfrac_CBM, old_max_Z4, old_kpath_angle_deg, old_ehull, E_sfrac_VBM",0.3435755583790787,0.5040220155460967,"{'svr__C': 100.0, 'svr__epsilon': 0.01, 'svr__gamma': 1.0, 'svr__kernel': 'rbf'}",rbf,100.0,1.0,0.01
6,"['old_E_pfrac_VBM', 'old_E_pfrac_CBM', 'old_max_Z4', 'old_kpath_angle_deg', 'old_ehull', 'E_sfrac_CBM']","old_E_pfrac_VBM, old_E_pfrac_CBM, old_max_Z4, old_kpath_angle_deg, old_ehull, E_sfrac_CBM",0.34990046398044516,0.5617988616876376,"{'svr__C': 1000.0, 'svr__epsilon': 0.01, 'svr__gamma': 0.01, 'svr__kernel': 'rbf'}",rbf,1000.0,0.01,0.01
6,"['old_E_pfrac_VBM', 'old_E_pfrac_CBM', 'old_max_Z4', 'old_kpath_angle_deg', 'E_sfrac_VBM', 'E_sfrac_CBM']","old_E_pfrac_VBM, old_E_pfrac_CBM, old_max_Z4, old_kpath_angle_deg, E_sfrac_VBM, E_sfrac_CBM",0.2522631206642958,0.4999090429371461,"{'svr__C': 10.0, 'svr__epsilon': 0.01, 'svr__gamma': 1.0, 'svr__kernel': 'rbf'}",rbf,10.0,1.0,0.01
6,"['old_E_pfrac_VBM', 'old_E_pfrac_CBM', 'old_max_Z4', 'old_ehull', 'E_sfrac_VBM', 'E_sfrac_CBM']","old_E_pfrac_VBM, old_E_pfrac_CBM, old_max_Z4, old_ehull, E_sfrac_VBM, E_sfrac_CBM",0.26111402220428936,0.5243707560190131,"{'svr__C': 1.0, 'svr__epsilon': 0.2, 'svr__gamma': 1.0, 'svr__kernel': 'rbf'}",rbf,1.0,1.0,0.2
6,"['old_E_pfrac_VBM', 'old_E_pfrac_CBM', 'pmid_afs_gauss_std', 'old_kpath_angle_deg', 'old_ehull', 'E_sfrac_VBM']","old_E_pfrac_VBM, old_E_pfrac_CBM, pmid_afs_gauss_std, old_kpath_angle_deg, old_ehull, E_sfrac_VBM",0.2139647030143671,0.5496754143759117,"{'svr__C': 1000.0, 'svr__epsilon': 0.01, 'svr__gamma': 1.0, 'svr__kernel': 'rbf'}",rbf,1000.0,1.0,0.01
6,"['old_E_pfrac_VBM', 'old_E_pfrac_CBM', 'pmid_afs_gauss_std', 'old_kpath_angle_deg', 'old_ehull', 'E_sfrac_CBM']","old_E_pfrac_VBM, old_E_pfrac_CBM, pmid_afs_gauss_std, old_kpath_angle_deg, old_ehull, E_sfrac_CBM",0.2889793521020815,0.5552402702472602,"{'svr__C': 1000.0, 'svr__epsilon': 0.2, 'svr__gamma': 'auto', 'svr__kernel': 'rbf'}",rbf,1000.0,auto,0.2
6,"['old_E_pfrac_VBM', 'old_E_pfrac_CBM', 'pmid_afs_gauss_std', 'old_kpath_angle_deg', 'E_sfrac_VBM', 'E_sfrac_CBM']","old_E_pfrac_VBM, old_E_pfrac_CBM, pmid_afs_gauss_std, old_kpath_angle_deg, E_sfrac_VBM, E_sfrac_CBM",0.27983016350460865,0.5717340047435405,"{'svr__C': 10.0, 'svr__epsilon': 0.2, 'svr__gamma': 'auto', 'svr__kernel': 'rbf'}",rbf,10.0,auto,0.2
6,"['old_E_pfrac_VBM', 'old_E_pfrac_CBM', 'pmid_afs_gauss_std', 'old_ehull', 'E_sfrac_VBM', 'E_sfrac_CBM']","old_E_pfrac_VBM, old_E_pfrac_CBM, pmid_afs_gauss_std, old_ehull, E_sfrac_VBM, E_sfrac_CBM",0.2543962609813434,0.5958438786726371,"{'svr__C': 100.0, 'svr__epsilon': 0.2, 'svr__gamma': 0.01, 'svr__kernel': 'rbf'}",rbf,100.0,0.01,0.2
6,"['old_E_pfrac_VBM', 'old_E_pfrac_CBM', 'old_kpath_angle_deg', 'old_ehull', 'E_sfrac_VBM', 'E_sfrac_CBM']","old_E_pfrac_VBM, old_E_pfrac_CBM, old_kpath_angle_deg, old_ehull, E_sfrac_VBM, E_sfrac_CBM",0.2544450219169987,0.5269917362953843,"{'svr__C': 100.0, 'svr__epsilon': 0.01, 'svr__gamma': 1.0, 'svr__kernel': 'rbf'}",rbf,100.0,1.0,0.01
6,"['old_E_pfrac_VBM', 'old_radius_mean', 'old_max_Z4', 'pmid_afs_gauss_std', 'old_kpath_angle_deg', 'old_ehull']","old_E_pfrac_VBM, old_radius_mean, old_max_Z4, pmid_afs_gauss_std, old_kpath_angle_deg, old_ehull",0.20504144489937348,0.5768462847073771,"{'svr__C': 100.0, 'svr__epsilon': 0.01, 'svr__gamma': 0.01, 'svr__kernel': 'rbf'}",rbf,100.0,0.01,0.01
6,"['old_E_pfrac_VBM', 'old_radius_mean', 'old_max_Z4', 'pmid_afs_gauss_std', 'old_kpath_angle_deg', 'E_sfrac_VBM']","old_E_pfrac_VBM, old_radius_mean, old_max_Z4, pmid_afs_gauss_std, old_kpath_angle_deg, E_sfrac_VBM",0.3831780556264279,0.5834141177592974,"{'svr__C': 100.0, 'svr__epsilon': 0.2, 'svr__gamma': 0.01, 'svr__kernel': 'rbf'}",rbf,100.0,0.01,0.2
6,"['old_E_pfrac_VBM', 'old_radius_mean', 'old_max_Z4', 'pmid_afs_gauss_std', 'old_kpath_angle_deg', 'E_sfrac_CBM']","old_E_pfrac_VBM, old_radius_mean, old_max_Z4, pmid_afs_gauss_std, old_kpath_angle_deg, E_sfrac_CBM",0.1573685165000771,0.6058475626969485,"{'svr__C': 1.0, 'svr__epsilon': 0.1, 'svr__gamma': 1.0, 'svr__kernel': 'rbf'}",rbf,1.0,1.0,0.1
6,"['old_E_pfrac_VBM', 'old_radius_mean', 'old_max_Z4', 'pmid_afs_gauss_std', 'old_ehull', 'E_sfrac_VBM']","old_E_pfrac_VBM, old_radius_mean, old_max_Z4, pmid_afs_gauss_std, old_ehull, E_sfrac_VBM",0.44940007886103905,0.5364103753185585,"{'svr__C': 100.0, 'svr__epsilon': 0.2, 'svr__gamma': 0.01, 'svr__kernel': 'rbf'}",rbf,100.0,0.01,0.2
6,"['old_E_pfrac_VBM', 'old_radius_mean', 'old_max_Z4', 'pmid_afs_gauss_std', 'old_ehull', 'E_sfrac_CBM']","old_E_pfrac_VBM, old_radius_mean, old_max_Z4, pmid_afs_gauss_std, old_ehull, E_sfrac_CBM",0.030685418531429365,0.6260141384084273,"{'svr__C': 1.0, 'svr__epsilon': 0.2, 'svr__gamma': 1.0, 'svr__kernel': 'rbf'}",rbf,1.0,1.0,0.2
6,"['old_E_pfrac_VBM', 'old_radius_mean', 'old_max_Z4', 'pmid_afs_gauss_std', 'E_sfrac_VBM', 'E_sfrac_CBM']","old_E_pfrac_VBM, old_radius_mean, old_max_Z4, pmid_afs_gauss_std, E_sfrac_VBM, E_sfrac_CBM",0.1315289851378686,0.5956300258350614,"{'svr__C': 10.0, 'svr__epsilon': 0.2, 'svr__gamma': 'scale', 'svr__kernel': 'rbf'}",rbf,10.0,scale,0.2
6,"['old_E_pfrac_VBM', 'old_radius_mean', 'old_max_Z4', 'old_kpath_angle_deg', 'old_ehull', 'E_sfrac_VBM']","old_E_pfrac_VBM, old_radius_mean, old_max_Z4, old_kpath_angle_deg, old_ehull, E_sfrac_VBM",0.36481874555045846,0.5839868386437386,"{'svr__C': 100.0, 'svr__epsilon': 0.2, 'svr__gamma': 0.01, 'svr__kernel': 'rbf'}",rbf,100.0,0.01,0.2
6,"['old_E_pfrac_VBM', 'old_radius_mean', 'old_max_Z4', 'old_kpath_angle_deg', 'old_ehull', 'E_sfrac_CBM']","old_E_pfrac_VBM, old_radius_mean, old_max_Z4, old_kpath_angle_deg, old_ehull, E_sfrac_CBM",0.22198323108473428,0.553720207367756,"{'svr__C': 1000.0, 'svr__epsilon': 0.2, 'svr__gamma': 0.01, 'svr__kernel': 'rbf'}",rbf,1000.0,0.01,0.2
6,"['old_E_pfrac_VBM', 'old_radius_mean', 'old_max_Z4', 'old_kpath_angle_deg', 'E_sfrac_VBM', 'E_sfrac_CBM']","old_E_pfrac_VBM, old_radius_mean, old_max_Z4, old_kpath_angle_deg, E_sfrac_VBM, E_sfrac_CBM",0.05273669202378228,0.7182959131236778,"{'svr__C': 10.0, 'svr__epsilon': 0.2, 'svr__gamma': 'scale', 'svr__kernel': 'linear'}",linear,10.0,scale,0.2
6,"['old_E_pfrac_VBM', 'old_radius_mean', 'old_max_Z4', 'old_ehull', 'E_sfrac_VBM', 'E_sfrac_CBM']","old_E_pfrac_VBM, old_radius_mean, old_max_Z4, old_ehull, E_sfrac_VBM, E_sfrac_CBM",0.012574840501297091,0.6912659525561478,"{'svr__C': 1000.0, 'svr__epsilon': 0.2, 'svr__gamma': 0.001, 'svr__kernel': 'rbf'}",rbf,1000.0,0.001,0.2
6,"['old_E_pfrac_VBM', 'old_radius_mean', 'pmid_afs_gauss_std', 'old_kpath_angle_deg', 'old_ehull', 'E_sfrac_VBM']","old_E_pfrac_VBM, old_radius_mean, pmid_afs_gauss_std, old_kpath_angle_deg, old_ehull, E_sfrac_VBM",0.5136401196235112,0.49706459007785814,"{'svr__C': 100.0, 'svr__epsilon': 0.01, 'svr__gamma': 0.01, 'svr__kernel': 'rbf'}",rbf,100.0,0.01,0.01
6,"['old_E_pfrac_VBM', 'old_radius_mean', 'pmid_afs_gauss_std', 'old_kpath_angle_deg', 'old_ehull', 'E_sfrac_CBM']","old_E_pfrac_VBM, old_radius_mean, pmid_afs_gauss_std, old_kpath_angle_deg, old_ehull, E_sfrac_CBM",0.23347480552871003,0.6071834338100377,"{'svr__C': 100.0, 'svr__epsilon': 0.1, 'svr__gamma': 0.01, 'svr__kernel': 'rbf'}",rbf,100.0,0.01,0.1
6,"['old_E_pfrac_VBM', 'old_radius_mean', 'pmid_afs_gauss_std', 'old_kpath_angle_deg', 'E_sfrac_VBM', 'E_sfrac_CBM']","old_E_pfrac_VBM, old_radius_mean, pmid_afs_gauss_std, old_kpath_angle_deg, E_sfrac_VBM, E_sfrac_CBM",0.22395021257986658,0.6451125340297104,"{'svr__C': 100.0, 'svr__epsilon': 0.2, 'svr__gamma': 0.01, 'svr__kernel': 'rbf'}",rbf,100.0,0.01,0.2
6,"['old_E_pfrac_VBM', 'old_radius_mean', 'pmid_afs_gauss_std', 'old_ehull', 'E_sfrac_VBM', 'E_sfrac_CBM']","old_E_pfrac_VBM, old_radius_mean, pmid_afs_gauss_std, old_ehull, E_sfrac_VBM, E_sfrac_CBM",0.5295837521154668,0.48253896014729414,"{'svr__C': 100.0, 'svr__epsilon': 0.1, 'svr__gamma': 0.01, 'svr__kernel': 'rbf'}",rbf,100.0,0.01,0.1
6,"['old_E_pfrac_VBM', 'old_radius_mean', 'old_kpath_angle_deg', 'old_ehull', 'E_sfrac_VBM', 'E_sfrac_CBM']","old_E_pfrac_VBM, old_radius_mean, old_kpath_angle_deg, old_ehull, E_sfrac_VBM, E_sfrac_CBM",0.335630518225115,0.5857446048762528,"{'svr__C': 100.0, 'svr__epsilon': 0.1, 'svr__gamma': 0.01, 'svr__kernel': 'rbf'}",rbf,100.0,0.01,0.1
6,"['old_E_pfrac_VBM', 'old_max_Z4', 'pmid_afs_gauss_std', 'old_kpath_angle_deg', 'old_ehull', 'E_sfrac_VBM']","old_E_pfrac_VBM, old_max_Z4, pmid_afs_gauss_std, old_kpath_angle_deg, old_ehull, E_sfrac_VBM",0.3095208597132494,0.5809687814043297,"{'svr__C': 100.0, 'svr__epsilon': 0.1, 'svr__gamma': 1.0, 'svr__kernel': 'rbf'}",rbf,100.0,1.0,0.1
6,"['old_E_pfrac_VBM', 'old_max_Z4', 'pmid_afs_gauss_std', 'old_kpath_angle_deg', 'old_ehull', 'E_sfrac_CBM']","old_E_pfrac_VBM, old_max_Z4, pmid_afs_gauss_std, old_kpath_angle_deg, old_ehull, E_sfrac_CBM",0.45250978056477387,0.48081731565420016,"{'svr__C': 10.0, 'svr__epsilon': 0.01, 'svr__gamma': 1.0, 'svr__kernel': 'rbf'}",rbf,10.0,1.0,0.01
6,"['old_E_pfrac_VBM', 'old_max_Z4', 'pmid_afs_gauss_std', 'old_kpath_angle_deg', 'E_sfrac_VBM', 'E_sfrac_CBM']","old_E_pfrac_VBM, old_max_Z4, pmid_afs_gauss_std, old_kpath_angle_deg, E_sfrac_VBM, E_sfrac_CBM",0.31018715361250215,0.5258111598960145,"{'svr__C': 1.0, 'svr__epsilon': 0.01, 'svr__gamma': 1.0, 'svr__kernel': 'rbf'}",rbf,1.0,1.0,0.01
6,"['old_E_pfrac_VBM', 'old_max_Z4', 'pmid_afs_gauss_std', 'old_ehull', 'E_sfrac_VBM', 'E_sfrac_CBM']","old_E_pfrac_VBM, old_max_Z4, pmid_afs_gauss_std, old_ehull, E_sfrac_VBM, E_sfrac_CBM",0.14124075677061532,0.5669217007749406,"{'svr__C': 1.0, 'svr__epsilon': 0.2, 'svr__gamma': 1.0, 'svr__kernel': 'rbf'}",rbf,1.0,1.0,0.2
6,"['old_E_pfrac_VBM', 'old_max_Z4', 'old_kpath_angle_deg', 'old_ehull', 'E_sfrac_VBM', 'E_sfrac_CBM']","old_E_pfrac_VBM, old_max_Z4, old_kpath_angle_deg, old_ehull, E_sfrac_VBM, E_sfrac_CBM",0.28462080823199554,0.50862240921148,"{'svr__C': 10.0, 'svr__epsilon': 0.01, 'svr__gamma': 1.0, 'svr__kernel': 'rbf'}",rbf,10.0,1.0,0.01
6,"['old_E_pfrac_VBM', 'pmid_afs_gauss_std', 'old_kpath_angle_deg', 'old_ehull', 'E_sfrac_VBM', 'E_sfrac_CBM']","old_E_pfrac_VBM, pmid_afs_gauss_std, old_kpath_angle_deg, old_ehull, E_sfrac_VBM, E_sfrac_CBM",0.3412414401868238,0.5441421192723298,"{'svr__C': 100.0, 'svr__epsilon': 0.01, 'svr__gamma': 1.0, 'svr__kernel': 'rbf'}",rbf,100.0,1.0,0.01
6,"['old_E_pfrac_CBM', 'old_radius_mean', 'old_max_Z4', 'pmid_afs_gauss_std', 'old_kpath_angle_deg', 'old_ehull']","old_E_pfrac_CBM, old_radius_mean, old_max_Z4, pmid_afs_gauss_std, old_kpath_angle_deg, old_ehull",0.2777750147216651,0.5467360827111228,"{'svr__C': 1000.0, 'svr__epsilon': 0.2, 'svr__gamma': 0.01, 'svr__kernel': 'rbf'}",rbf,1000.0,0.01,0.2
6,"['old_E_pfrac_CBM', 'old_radius_mean', 'old_max_Z4', 'pmid_afs_gauss_std', 'old_kpath_angle_deg', 'E_sfrac_VBM']","old_E_pfrac_CBM, old_radius_mean, old_max_Z4, pmid_afs_gauss_std, old_kpath_angle_deg, E_sfrac_VBM",0.24340567749586994,0.6382197866667271,"{'svr__C': 1.0, 'svr__epsilon': 0.2, 'svr__gamma': 'scale', 'svr__kernel': 'rbf'}",rbf,1.0,scale,0.2
6,"['old_E_pfrac_CBM', 'old_radius_mean', 'old_max_Z4', 'pmid_afs_gauss_std', 'old_kpath_angle_deg', 'E_sfrac_CBM']","old_E_pfrac_CBM, old_radius_mean, old_max_Z4, pmid_afs_gauss_std, old_kpath_angle_deg, E_sfrac_CBM",0.34964161576672004,0.5257184069859215,"{'svr__C': 1.0, 'svr__epsilon': 0.1, 'svr__gamma': 1.0, 'svr__kernel': 'rbf'}",rbf,1.0,1.0,0.1
6,"['old_E_pfrac_CBM', 'old_radius_mean', 'old_max_Z4', 'pmid_afs_gauss_std', 'old_ehull', 'E_sfrac_VBM']","old_E_pfrac_CBM, old_radius_mean, old_max_Z4, pmid_afs_gauss_std, old_ehull, E_sfrac_VBM",0.31574055546936,0.5689358421154758,"{'svr__C': 10.0, 'svr__epsilon': 0.2, 'svr__gamma': 'scale', 'svr__kernel': 'rbf'}",rbf,10.0,scale,0.2
6,"['old_E_pfrac_CBM', 'old_radius_mean', 'old_max_Z4', 'pmid_afs_gauss_std', 'old_ehull', 'E_sfrac_CBM']","old_E_pfrac_CBM, old_radius_mean, old_max_Z4, pmid_afs_gauss_std, old_ehull, E_sfrac_CBM",0.07272214377784936,0.6335480476398045,"{'svr__C': 1.0, 'svr__epsilon': 0.2, 'svr__gamma': 1.0, 'svr__kernel': 'rbf'}",rbf,1.0,1.0,0.2
6,"['old_E_pfrac_CBM', 'old_radius_mean', 'old_max_Z4', 'pmid_afs_gauss_std', 'E_sfrac_VBM', 'E_sfrac_CBM']","old_E_pfrac_CBM, old_radius_mean, old_max_Z4, pmid_afs_gauss_std, E_sfrac_VBM, E_sfrac_CBM",0.31752272391423286,0.536426598454135,"{'svr__C': 10.0, 'svr__epsilon': 0.2, 'svr__gamma': 'scale', 'svr__kernel': 'rbf'}",rbf,10.0,scale,0.2
6,"['old_E_pfrac_CBM', 'old_radius_mean', 'old_max_Z4', 'old_kpath_angle_deg', 'old_ehull', 'E_sfrac_VBM']","old_E_pfrac_CBM, old_radius_mean, old_max_Z4, old_kpath_angle_deg, old_ehull, E_sfrac_VBM",0.10115525835055506,0.6624885498001091,"{'svr__C': 1.0, 'svr__epsilon': 0.2, 'svr__gamma': 0.1, 'svr__kernel': 'rbf'}",rbf,1.0,0.1,0.2
6,"['old_E_pfrac_CBM', 'old_radius_mean', 'old_max_Z4', 'old_kpath_angle_deg', 'old_ehull', 'E_sfrac_CBM']","old_E_pfrac_CBM, old_radius_mean, old_max_Z4, old_kpath_angle_deg, old_ehull, E_sfrac_CBM",0.2708051815797874,0.5675315729514563,"{'svr__C': 1.0, 'svr__epsilon': 0.01, 'svr__gamma': 1.0, 'svr__kernel': 'rbf'}",rbf,1.0,1.0,0.01
6,"['old_E_pfrac_CBM', 'old_radius_mean', 'old_max_Z4', 'old_kpath_angle_deg', 'E_sfrac_VBM', 'E_sfrac_CBM']","old_E_pfrac_CBM, old_radius_mean, old_max_Z4, old_kpath_angle_deg, E_sfrac_VBM, E_sfrac_CBM",0.08960902782962588,0.6300986573399094,"{'svr__C': 1.0, 'svr__epsilon': 0.01, 'svr__gamma': 1.0, 'svr__kernel': 'rbf'}",rbf,1.0,1.0,0.01
6,"['old_E_pfrac_CBM', 'old_radius_mean', 'old_max_Z4', 'old_ehull', 'E_sfrac_VBM', 'E_sfrac_CBM']","old_E_pfrac_CBM, old_radius_mean, old_max_Z4, old_ehull, E_sfrac_VBM, E_sfrac_CBM",-0.05012476824082279,0.6737153938647977,"{'svr__C': 10.0, 'svr__epsilon': 0.2, 'svr__gamma': 'scale', 'svr__kernel': 'rbf'}",rbf,10.0,scale,0.2
6,"['old_E_pfrac_CBM', 'old_radius_mean', 'pmid_afs_gauss_std', 'old_kpath_angle_deg', 'old_ehull', 'E_sfrac_VBM']","old_E_pfrac_CBM, old_radius_mean, pmid_afs_gauss_std, old_kpath_angle_deg, old_ehull, E_sfrac_VBM",0.29886985475868666,0.5767616895732215,"{'svr__C': 100.0, 'svr__epsilon': 0.01, 'svr__gamma': 0.01, 'svr__kernel': 'rbf'}",rbf,100.0,0.01,0.01
6,"['old_E_pfrac_CBM', 'old_radius_mean', 'pmid_afs_gauss_std', 'old_kpath_angle_deg', 'old_ehull', 'E_sfrac_CBM']","old_E_pfrac_CBM, old_radius_mean, pmid_afs_gauss_std, old_kpath_angle_deg, old_ehull, E_sfrac_CBM",0.269640986536396,0.587496249304571,"{'svr__C': 100.0, 'svr__epsilon': 0.2, 'svr__gamma': 0.01, 'svr__kernel': 'rbf'}",rbf,100.0,0.01,0.2
6,"['old_E_pfrac_CBM', 'old_radius_mean', 'pmid_afs_gauss_std', 'old_kpath_angle_deg', 'E_sfrac_VBM', 'E_sfrac_CBM']","old_E_pfrac_CBM, old_radius_mean, pmid_afs_gauss_std, old_kpath_angle_deg, E_sfrac_VBM, E_sfrac_CBM",0.30344498263633046,0.5436988836065113,"{'svr__C': 10.0, 'svr__epsilon': 0.2, 'svr__gamma': 'auto', 'svr__kernel': 'rbf'}",rbf,10.0,auto,0.2
6,"['old_E_pfrac_CBM', 'old_radius_mean', 'pmid_afs_gauss_std', 'old_ehull', 'E_sfrac_VBM', 'E_sfrac_CBM']","old_E_pfrac_CBM, old_radius_mean, pmid_afs_gauss_std, old_ehull, E_sfrac_VBM, E_sfrac_CBM",0.3875409436255507,0.5439923320008332,"{'svr__C': 100.0, 'svr__epsilon': 0.2, 'svr__gamma': 0.01, 'svr__kernel': 'rbf'}",rbf,100.0,0.01,0.2
6,"['old_E_pfrac_CBM', 'old_radius_mean', 'old_kpath_angle_deg', 'old_ehull', 'E_sfrac_VBM', 'E_sfrac_CBM']","old_E_pfrac_CBM, old_radius_mean, old_kpath_angle_deg, old_ehull, E_sfrac_VBM, E_sfrac_CBM",0.3335996705157944,0.5805308345245447,"{'svr__C': 100.0, 'svr__epsilon': 0.2, 'svr__gamma': 0.01, 'svr__kernel': 'rbf'}",rbf,100.0,0.01,0.2
6,"['old_E_pfrac_CBM', 'old_max_Z4', 'pmid_afs_gauss_std', 'old_kpath_angle_deg', 'old_ehull', 'E_sfrac_VBM']","old_E_pfrac_CBM, old_max_Z4, pmid_afs_gauss_std, old_kpath_angle_deg, old_ehull, E_sfrac_VBM",0.5031271562430498,0.45384851212522004,"{'svr__C': 1000.0, 'svr__epsilon': 0.1, 'svr__gamma': 1.0, 'svr__kernel': 'rbf'}",rbf,1000.0,1.0,0.1
6,"['old_E_pfrac_CBM', 'old_max_Z4', 'pmid_afs_gauss_std', 'old_kpath_angle_deg', 'old_ehull', 'E_sfrac_CBM']","old_E_pfrac_CBM, old_max_Z4, pmid_afs_gauss_std, old_kpath_angle_deg, old_ehull, E_sfrac_CBM",0.4622723513958784,0.4796343271393632,"{'svr__C': 100.0, 'svr__epsilon': 0.1, 'svr__gamma': 1.0, 'svr__kernel': 'rbf'}",rbf,100.0,1.0,0.1
6,"['old_E_pfrac_CBM', 'old_max_Z4', 'pmid_afs_gauss_std', 'old_kpath_angle_deg', 'E_sfrac_VBM', 'E_sfrac_CBM']","old_E_pfrac_CBM, old_max_Z4, pmid_afs_gauss_std, old_kpath_angle_deg, E_sfrac_VBM, E_sfrac_CBM",0.2823232327770545,0.48905247362913384,"{'svr__C': 10.0, 'svr__epsilon': 0.01, 'svr__gamma': 1.0, 'svr__kernel': 'rbf'}",rbf,10.0,1.0,0.01
6,"['old_E_pfrac_CBM', 'old_max_Z4', 'pmid_afs_gauss_std', 'old_ehull', 'E_sfrac_VBM', 'E_sfrac_CBM']","old_E_pfrac_CBM, old_max_Z4, pmid_afs_gauss_std, old_ehull, E_sfrac_VBM, E_sfrac_CBM",0.18313078295122753,0.5633608704544985,"{'svr__C': 1.0, 'svr__epsilon': 0.2, 'svr__gamma': 1.0, 'svr__kernel': 'rbf'}",rbf,1.0,1.0,0.2
6,"['old_E_pfrac_CBM', 'old_max_Z4', 'old_kpath_angle_deg', 'old_ehull', 'E_sfrac_VBM', 'E_sfrac_CBM']","old_E_pfrac_CBM, old_max_Z4, old_kpath_angle_deg, old_ehull, E_sfrac_VBM, E_sfrac_CBM",0.2588821065249257,0.5336091335525645,"{'svr__C': 100.0, 'svr__epsilon': 0.1, 'svr__gamma': 1.0, 'svr__kernel': 'rbf'}",rbf,100.0,1.0,0.1
6,"['old_E_pfrac_CBM', 'pmid_afs_gauss_std', 'old_kpath_angle_deg', 'old_ehull', 'E_sfrac_VBM', 'E_sfrac_CBM']","old_E_pfrac_CBM, pmid_afs_gauss_std, old_kpath_angle_deg, old_ehull, E_sfrac_VBM, E_sfrac_CBM",0.29864924964461725,0.5806402619080414,"{'svr__C': 100.0, 'svr__epsilon': 0.2, 'svr__gamma': 0.1, 'svr__kernel': 'rbf'}",rbf,100.0,0.1,0.2
6,"['old_radius_mean', 'old_max_Z4', 'pmid_afs_gauss_std', 'old_kpath_angle_deg', 'old_ehull', 'E_sfrac_VBM']","old_radius_mean, old_max_Z4, pmid_afs_gauss_std, old_kpath_angle_deg, old_ehull, E_sfrac_VBM",0.17233297029676364,0.6239958974729408,"{'svr__C': 10.0, 'svr__epsilon': 0.2, 'svr__gamma': 'scale', 'svr__kernel': 'rbf'}",rbf,10.0,scale,0.2
6,"['old_radius_mean', 'old_max_Z4', 'pmid_afs_gauss_std', 'old_kpath_angle_deg', 'old_ehull', 'E_sfrac_CBM']","old_radius_mean, old_max_Z4, pmid_afs_gauss_std, old_kpath_angle_deg, old_ehull, E_sfrac_CBM",0.2535223834662135,0.5699876410662249,"{'svr__C': 1.0, 'svr__epsilon': 0.01, 'svr__gamma': 1.0, 'svr__kernel': 'rbf'}",rbf,1.0,1.0,0.01
6,"['old_radius_mean', 'old_max_Z4', 'pmid_afs_gauss_std', 'old_kpath_angle_deg', 'E_sfrac_VBM', 'E_sfrac_CBM']","old_radius_mean, old_max_Z4, pmid_afs_gauss_std, old_kpath_angle_deg, E_sfrac_VBM, E_sfrac_CBM",-0.013638724616209297,0.6243999540428696,"{'svr__C': 100.0, 'svr__epsilon': 0.1, 'svr__gamma': 'auto', 'svr__kernel': 'rbf'}",rbf,100.0,auto,0.1
6,"['old_radius_mean', 'old_max_Z4', 'pmid_afs_gauss_std', 'old_ehull', 'E_sfrac_VBM', 'E_sfrac_CBM']","old_radius_mean, old_max_Z4, pmid_afs_gauss_std, old_ehull, E_sfrac_VBM, E_sfrac_CBM",-0.03527560483622416,0.6739769365635359,"{'svr__C': 10.0, 'svr__epsilon': 0.2, 'svr__gamma': 'scale', 'svr__kernel': 'rbf'}",rbf,10.0,scale,0.2
6,"['old_radius_mean', 'old_max_Z4', 'old_kpath_angle_deg', 'old_ehull', 'E_sfrac_VBM', 'E_sfrac_CBM']","old_radius_mean, old_max_Z4, old_kpath_angle_deg, old_ehull, E_sfrac_VBM, E_sfrac_CBM",-0.18935290751561618,0.7427682481801389,"{'svr__C': 10.0, 'svr__epsilon': 0.1, 'svr__gamma': 0.01, 'svr__kernel': 'rbf'}",rbf,10.0,0.01,0.1
6,"['old_radius_mean', 'pmid_afs_gauss_std', 'old_kpath_angle_deg', 'old_ehull', 'E_sfrac_VBM', 'E_sfrac_CBM']","old_radius_mean, pmid_afs_gauss_std, old_kpath_angle_deg, old_ehull, E_sfrac_VBM, E_sfrac_CBM",0.23279630699297393,0.6210044046100958,"{'svr__C': 100.0, 'svr__epsilon': 0.01, 'svr__gamma': 0.01, 'svr__kernel': 'rbf'}",rbf,100.0,0.01,0.01
6,"['old_max_Z4', 'pmid_afs_gauss_std', 'old_kpath_angle_deg', 'old_ehull', 'E_sfrac_VBM', 'E_sfrac_CBM']","old_max_Z4, pmid_afs_gauss_std, old_kpath_angle_deg, old_ehull, E_sfrac_VBM, E_sfrac_CBM",0.3972939508598131,0.4902021567392188,"{'svr__C': 100.0, 'svr__epsilon': 0.01, 'svr__gamma': 1.0, 'svr__kernel': 'rbf'}",rbf,100.0,1.0,0.01
