uid,bwdf_chi_total,bwdf_chi_mean_r,bwdf_chi_std_r,bwdf_chi_skew,bwdf_chi_kurt,bwdf_chi_max_val,bwdf_chi_max_r,bwdf_chi_first_peak_r,bwdf_z_total,bwdf_z_mean_r,bwdf_z_std_r,bwdf_z_skew,bwdf_z_kurt,bwdf_z_max_val,bwdf_z_max_r,bwdf_z_first_peak_r,asi_chi_mean,asi_chi_std,asi_chi_max,asi_chi_z_mean,asi_chi_z_abs_mean,asi_chi_z_max,asi_z_mean,asi_z_std,asi_z_max,asi_z_z_mean,asi_z_z_abs_mean,asi_z_z_max
001e03f2c095,1.3385386517848104,3.3733355764977304,0.8471542091353674,-0.061597854231649096,-1.799284543419629,2.3146985795466706,4.090909090909091,2.5,23397.855610173247,3.371540970613511,0.6551997325223641,0.23612363999988356,-0.878434085100857,41524.24662107538,3.272727272727273,2.5,0.3783782460084524,0.25439867247431885,0.5763918816403063,0.01870632171076858,0.3783782460084524,0.5763918816403063,0.3435052088282145,0.18708433257823665,0.517968579386505,-0.05781771623493972,0.3435052088282145,0.517968579386505
03bcf7dcdaf2,0.7018559168966801,3.1738080502007353,0.18294163915202594,-0.27212716074298443,-0.5028910251028269,1.4186484975551996,3.2272727272727275,3.2272727272727275,33905.629545367774,3.9666219788111574,0.6526061978018584,-0.43222708688456696,-1.5246836977219467,60896.54027369994,4.545454545454546,3.2272727272727275,0.2016286294423698,0.0583870306590967,0.2600303585630557,1.3877787807814457e-17,0.19978444258542769,0.25872802435088377,0.2824191437779547,0.03317786305729456,0.315602897921944,1.63280562806567e-07,0.2822381175464999,0.31545242781347355
04fdd7d1ec5c,2.2760184733649482,3.127399969499872,0.30442496539944536,1.0614064252253284,-0.3284354118797346,6.887273234814871,2.9545454545454546,2.9545454545454546,14148.913958982128,3.650131162797782,0.532954608740774,-0.45017322877688193,-1.6211642796287509,32971.484506423374,4.090909090909091,3.0,0.7381228204485293,0.1629249069573873,0.9523515555762361,-0.2684773978034982,0.7381228204485293,0.9523515555762361,0.27693407182786506,0.1454095502349189,0.4735844426269741,0.12314113975014619,0.27693407182786506,0.4735844426269741
05a06afa3b20,8.783225474307008,3.3594036152827935,0.7973078736217664,0.010496712959161892,-1.866574506439793,16.310373265086884,4.181818181818182,2.5454545454545454,85687.23830737353,3.5664261907268395,0.7644416530830181,0.08287321702810761,-1.2140931259347547,122849.33983431001,3.3181818181818183,2.5454545454545454,0.3623691992943505,0.24241560893866257,0.5631593842953836,7.724703255320339e-06,0.352623517599501,0.5552847530266143,0.31135145497190764,0.20437923454495052,0.45967317593592744,-6.178578793684478e-07,0.30302463493569276,0.4584498201028906
0b7696e1f4c9,10.88879322499705,3.324683568498078,0.7580395145245168,0.021671534611529285,-1.6924776984294987,16.602655524679392,4.181818181818182,2.5,102259.67171014093,3.5047195961227335,0.7382031699626246,0.12508069438861996,-1.1534492811827186,138919.48184493266,3.3181818181818183,2.5454545454545454,0.421781406503146,0.24026514403732238,0.639696048041212,-3.020384685829362e-05,0.35706308142976995,0.5767962952182633,0.3183771771606196,0.2036458963441739,0.4862036515250157,7.435799122046394e-06,0.3060598385884649,0.48306264330576143
0c0fbdaf8f4a,5.262199595199072,3.8015725688827877,0.934194881359983,0.11066705413198907,-1.747768700429812,9.37083796423419,4.954545454545455,2.8636363636363638,14132.752777701739,3.895206490962595,0.7515199254676831,-0.26064150039280104,-1.050960817618722,27128.973688867885,4.045454545454545,2.8181818181818183,0.43439002770170765,0.17744137022861775,0.5792184619790496,-0.07475741681330816,0.43439002770170765,0.5792184619790496,0.2738219673750452,0.15465395172302304,0.44116286330532045,0.06574681759841812,0.2738219673750452,0.44116286330532045
0f02957b17cf,1.8348518887084495,3.7814215160759472,0.6397876275654014,0.14460907780943236,-1.8603443197814442,3.6640627010118694,3.2272727272727275,3.2272727272727275,24402.02621257191,3.9446878696753016,0.5994955002413106,-0.7009117788493522,-1.3019464854591016,54234.00138425828,4.318181818181818,3.0454545454545454,0.6919326395155613,0.11110693026200494,0.8073301172849893,-0.20753915303958226,0.6919326395155613,0.8073301172849893,0.24349896550661487,0.15680408366557577,0.360635431611224,-0.0030753444324655246,0.24349896550661487,0.360635431611224
114b3382699c,1.2352914732380278,3.407750380685847,0.5630799738563542,1.4578284223429656,1.3772579045796567,2.853971690137725,3.1363636363636362,3.1363636363636362,18931.496642464426,3.7947362816440715,0.5967446285173984,-0.028808033347610423,-0.4347779634097595,41366.251789881404,3.9545454545454546,2.8636363636363638,0.6393504049514803,0.17416673620510156,0.7699954605861632,-0.12602009789403815,0.6393504049514803,0.7699954605861632,0.19015930893178834,0.09423442148148636,0.2590312822799272,0.01747178741183684,0.19015930893178834,0.2590312822799272
11db0908d9ef,2.9148194020963443,3.408120146732932,0.7258986082204226,1.4343716065486163,0.4566041677605259,5.723001665450223,3.1363636363636362,3.1363636363636362,25805.6233557761,3.7982679309016327,0.6316286747087906,-0.08196838163264786,-0.8440113709359021,55100.02057789746,4.090909090909091,2.909090909090909,0.4287371538183167,0.26557966724319737,0.7013211150633442,0.0388102562239128,0.4287371538183167,0.7013211150633442,0.26150971705818704,0.1654417131911191,0.4012497901198307,0.025406905486827207,0.26150971705818704,0.4012497901198307
159f028a85d0,5.2338397871292,3.563172018593746,0.7668988403722665,0.03483602365755801,-1.5364961432076092,6.996595094675787,4.454545454545455,2.6818181818181817,100197.90130138346,3.6499394398153044,0.6916881950326583,0.16994012500686617,-0.9611451202576697,158071.0203573182,3.5454545454545454,2.7272727272727275,0.46652379928154947,0.24635776428323614,0.7064922755388325,5.7001882288039894e-05,0.3618470463561927,0.5967440185507504,0.2328870643452133,0.1584187986869618,0.3557360581516529,-2.4359428223245474e-06,0.22578403789221438,0.34837142894582496
1667d1443160,18.213287859353873,3.841125888616531,0.947973247488202,0.031129816842456956,-1.913532755378762,33.97599214812065,2.909090909090909,2.909090909090909,131536.49199531515,3.8471149315029067,0.7225467644453604,0.024534757168132283,-1.174671056700438,190442.38623151003,3.8636363636363638,2.909090909090909,0.3436167418876177,0.2338525170145193,0.5297433858967597,3.3076450477296605e-05,0.33821063309524524,0.5275725422594642,0.22699028471011262,0.14262426520475846,0.3486438179657442,0.00012431859222427252,0.21550096154429477,0.3431715019955455
18e377cce57f,16.717293210449117,3.821422868448929,0.9349836382684833,0.01529606290441914,-1.8953705249238975,29.347744670781452,2.8636363636363638,2.8636363636363638,82063.35859841717,3.816624682710514,0.662851071348335,0.0500793620912598,-0.8643656976516318,117281.73117493125,3.8181818181818183,2.8636363636363638,0.34207747031063,0.2403948659639822,0.531992609640861,1.80866549228433e-05,0.33947281314873057,0.529373854434946,0.17975579922308246,0.12545678150920872,0.2773671409087061,1.471120000403244e-05,0.17772312387321934,0.27547800853188464
18e62ba75259,2.7372380758970145,3.6183875166722874,0.6316418610065484,0.10561444524809231,-1.8891051554144362,5.653577652926372,3.0454545454545454,3.0454545454545454,19231.353448623853,3.81461551067607,0.5982880965245847,-0.6155928036732728,-1.4958693259445623,48692.175114991835,4.2272727272727275,3.0,0.6797470289998117,0.11424133530047909,0.8070075072652743,-0.21153675594579582,0.6797470289998117,0.8070075072652743,0.2583946771155822,0.1554243583217987,0.42073859998348107,0.05469326700883178,0.2583946771155822,0.42073859998348107
1a3bdd1b142a,0.15039769647785997,2.7794626342796134,0.10000000000000007,-6.257147577848343e-15,0.0,0.5986405894703267,2.772727272727273,2.772727272727273,19926.051406081697,4.1182515415230725,0.91118204858649,-0.78760749485623,-1.325004118991548,54573.91052512218,4.7272727272727275,2.772727272727273,0.18446358431901888,0.0,0.18446358431901888,0.0,0.18446358431901888,0.18446358431901888,0.06272367161627015,0.017477886783303268,0.08020155839957342,0.017477886783303268,0.06272367161627015,0.08020155839957342
1a3be826b3e0,4.978105325348436,3.6723185047810243,0.8805134934110754,-0.07768262591726321,-1.7259708844624722,7.747527091170922,4.636363636363637,2.6818181818181817,9742.724226858585,3.687872041155031,0.713009265289567,-0.27254076394074556,-1.0085377613933124,18469.76279589836,3.772727272727273,2.6363636363636362,0.46359265160347557,0.1710452919826796,0.6109567860499234,-0.09290209919098284,0.46359265160347557,0.6109567860499234,0.269290399524877,0.14702729198103165,0.4412903402348193,0.07964292036580639,0.269290399524877,0.4412903402348193
1dcd471c2288,4.120694315657654,3.6818209620324858,0.8904444559761564,-0.09101721601180238,-1.719246890832224,5.239109057529003,4.636363636363637,2.5,9769.534410163495,3.6994565532635946,0.692248724823833,-0.16367085924662741,-0.9005469892232418,17849.328132088944,3.7272727272727275,2.5,0.44294553943576503,0.16758063224275094,0.5808915908390511,-0.05568447887639768,0.44294553943576503,0.5808915908390511,0.29057988109033084,0.11486469365769433,0.41854690907391406,-0.08174529954284114,0.29057988109033084,0.41854690907391406
20f098bd3f31,6.677536944532718,3.248211370223331,1.0066358437477034,0.12648716714045927,-1.7210353099586175,9.026229961930751,2.3636363636363638,2.3636363636363638,24428.478483969822,3.765131387415986,0.5635075761916333,-1.3668983437889768,1.6075695234102234,57406.93991057802,4.090909090909091,2.3636363636363638,0.2766509832926979,0.09669342549510532,0.40212748391393177,0.061794380431824884,0.26285807065007716,0.4021273804365046,0.2569821167317931,0.09627422051751111,0.3565345067605441,0.06690328654931865,0.24517053519915966,0.356534497299682
211bcb7f05d6,1.6242951091999043,3.5190934142484878,0.9600943162093336,5.775893058133533e-09,-1.9568411496314626,3.1834454971959385,2.5454545454545454,2.5454545454545454,6551.323632864557,3.5927222268401837,0.6862092747725521,-0.3113608807632042,-0.9340360094545592,12921.761766855647,3.681818181818182,2.5454545454545454,0.4439756564537228,0.0,0.4439756564537228,0.0,0.4439756564537228,0.4439756564537228,0.22198782822686142,0.006726903885662466,0.22871473211252388,-0.006726903885662466,0.22198782822686142,0.22871473211252388
24d6cc0a0fed,6.376862330661255,3.360576472144746,0.7857727378801599,0.01592582241560314,-1.8353215628904844,11.517982506958335,2.5454545454545454,2.5454545454545454,109940.25249284875,3.5195099411516715,0.7398819592601419,0.14742600868481862,-1.1264477066480387,166984.02032547415,3.3181818181818183,2.5454545454545454,0.3725419172725117,0.23816031743136745,0.5601501968572334,1.5687825401039523e-05,0.3537455885706576,0.5488601006771706,0.3166450822471498,0.20946091718782442,0.4736955930082597,-2.3805037190210987e-06,0.30914711930788946,0.4722989147584283
287dcf4f1a19,9.655571195227077,3.5685301488665,0.9079863699229888,0.017716487789598764,-1.317671269600388,7.087911104845797,4.636363636363637,2.1363636363636367,36494.49034481126,3.867059555818491,0.6771144855435126,-0.6723589461354839,-0.43956017469945374,32283.529325098192,4.090909090909091,2.1363636363636367,0.3424623078261888,0.15759972784777943,0.5549813555574208,-0.009541352133638081,0.30853199074272514,0.5225498727788928,0.31136565774070907,0.15246137175121052,0.458402645067429,0.008213103995245696,0.2959312283664888,0.42531687396332385
2d41b3dd1772,1.9250894680365782,3.828482827552531,0.6511680801492091,0.22285658104461295,-1.8247165351192896,3.860297485947823,3.272727272727273,3.272727272727273,35904.43691514121,3.9835969054153986,0.623156873334289,-0.5593746349864926,-1.5105794437345101,80461.93617632748,4.454545454545455,3.090909090909091,0.6715963711079188,0.12599491997859055,0.7940553471164049,-0.18995618575243536,0.6715963711079188,0.7940553471164049,0.26238593952666783,0.1739138306713689,0.39564586302984756,0.001377969159897204,0.26238593952666783,0.39564586302984756
2ea941c8bc3c,2.165726829281068,3.5210068036282443,0.7644980371866371,-0.6771736733397891,-1.387770130387123,4.310637526100428,4.045454545454545,2.409090909090909,16946.81243912109,3.4508886143642963,0.6032392915844172,0.1426929040126691,-1.024653305647776,28341.611535933145,3.3181818181818183,2.409090909090909,0.5978091668533061,0.19342102441173764,0.8195014443054172,0.18065423100898706,0.5978091668533061,0.8195014443054172,0.3454939461467827,0.1253133726792836,0.5125002412523458,-0.13659999859527636,0.3454939461467827,0.5125002412523458
2f6f133abcc8,7.098771273754993,3.2073887129458525,0.763099615196388,0.007502361224719786,-1.8425045184686277,12.95114831307521,4.0,2.409090909090909,57905.11840048586,3.2649194928620053,0.6058369915953185,0.21493572265323238,-0.6819755193458628,116744.55178067276,3.181818181818182,2.409090909090909,0.36392618108527675,0.2348072745752083,0.5469161775231478,-1.0776184892702378e-05,0.34773273771006324,0.5377147205564583,0.3302522795320459,0.21383933138632213,0.49449034295673117,1.0734998099004578e-05,0.31967772960942625,0.4918505018274059
304bc6a92d82,2.8274766937700715,3.672164549479763,0.6380283517583331,0.1641037827545882,-1.8746908565287073,6.082757043678858,3.090909090909091,3.090909090909091,29867.47854344914,3.882640623300881,0.620478418020205,-0.5460845315931067,-1.5895620473057495,74477.61406687528,4.363636363636363,3.090909090909091,0.6633638021616876,0.12520946954771145,0.7969619710204316,-0.1985561716810422,0.6633638021616876,0.7969619710204316,0.2747035862800417,0.17364599510295817,0.4450463085440355,0.04622267065925201,0.2747035862800417,0.4450463085440355
323fb700d903,3.248590215668292,3.5958079500503835,0.7945972873270776,0.03800589831528172,-1.7177524966640068,5.270015554771786,2.7272727272727275,2.7272727272727275,115176.56058847354,3.5831787577674516,0.6520805260147355,0.10116594427211088,-1.1047096035942494,205184.60242347655,3.5454545454545454,2.7272727272727275,0.41860848473599593,0.24215605713575353,0.6376211197570677,1.0648520007964605e-05,0.3587708007583171,0.5782825958714315,0.21962000309588584,0.1432240423100851,0.32380150350264236,1.6480373331897076e-06,0.21254272238461444,0.3237184205388768
343d2125478e,2.3057851189962086,3.548468748388257,0.8232813528236045,0.9029329717232952,-0.8719467204186779,3.5735579043320813,3.2272727272727275,2.8181818181818183,19467.335209097615,3.802422502090457,0.5972755478155845,-0.039458443285859846,-0.5642993755324799,39933.9485456677,4.045454545454545,2.8181818181818183,0.3966378806617234,0.2887645365985136,0.711127072258611,0.08663572684467986,0.3966378806617234,0.711127072258611,0.21426750032826236,0.13312714873673276,0.33621372087169415,-0.029256598355061097,0.21426750032826236,0.33621372087169415
3995fa1bee6e,2.3055937021837667,3.7575851548301045,0.6367902773889929,0.4819019260275353,-1.4057701498146127,3.36749152450872,3.181818181818182,3.181818181818182,102966.72180505961,4.165533275742378,0.701756308506673,-0.6659081231866201,-1.1177278854297021,162865.4278435884,4.7272727272727275,2.8181818181818183,0.4320664978065691,0.23555878420797077,0.6718926273429243,-1.0826420071526413e-06,0.41266481835500307,0.6702019292977343,0.2632152843063033,0.13891820576736014,0.4079176910576115,-2.3049702356156554e-07,0.25690367902805017,0.39921786981545115
3bc08d486d65,0.34591470189907786,3.011576254014477,0.10000000000000003,2.739822257957769e-14,1.7763568394002505e-15,1.3707842431563626,3.0,3.0,20592.452601735422,3.91521041670813,0.6158758471090471,-0.782460978409164,-1.2671099876983618,56475.69406402281,4.318181818181818,3.0,0.5593439242172684,7.850462293418876e-17,0.5593439242172684,5.551115123125783e-17,0.5593439242172684,0.5593439242172684,0.19062467668216942,0.055967806037271486,0.2465924827194409,0.055967806037271486,0.19062467668216942,0.2465924827194409
3e1923c616ad,29.357561829911575,3.600807878933736,0.9113919074440979,-0.0002013820652355624,-1.9142579771879753,52.67712750037114,2.6818181818181817,2.6818181818181817,96049.61477927094,3.752482967797678,0.7714953154965686,-0.06413008990567327,-1.2267413362305888,124580.31558654293,3.6363636363636362,2.6818181818181817,0.3373572891256622,0.2244617315920166,0.5184042919763505,0.0006724414686246118,0.3352437542061035,0.5176224849536912,0.3080444385531356,0.18585630240230347,0.46562335295503204,0.0028895700529655705,0.295971787395767,0.46249778503350714
3fb52099b370,32.04800007516068,3.7339954132565003,1.0544946466123304,-0.2659390749241326,-1.4542215708612665,52.8030567131709,4.909090909090909,2.3181818181818183,29641.810454087044,3.655458140681771,0.9226369606912068,0.011315879329740916,-1.2999772125175109,33572.47040646921,4.909090909090909,2.3181818181818183,0.31983248245872586,0.19703650589174698,0.47906694335914307,8.017293306183948e-06,0.28546322513499695,0.4376742691047763,0.2860719961786191,0.18795630699633065,0.4331107103641369,-2.7194060595962335e-06,0.27509450630637283,0.4254387904156316
40034665f9f1,2.5051980596945884,3.5577113216562877,0.8465649878804383,0.7918774518272307,-1.0021173520288864,3.7776849013655958,3.3181818181818183,2.772727272727273,25574.887823327543,3.8268214157880927,0.5269248315311503,-0.2727274116659439,-0.23764048201677834,59694.28794984918,4.090909090909091,2.772727272727273,0.3829201695214743,0.2882004568669666,0.7111334190726947,0.09752736595406514,0.3829201695214743,0.7111334190726947,0.2739150347594272,0.13030897803501887,0.40093847955357137,-0.056561998084778596,0.2739150347594272,0.40093847955357137
433f707c632c,1.814798870832844,3.1485248883411128,0.2626617622387901,0.4689321468357137,0.3125155371303032,3.834075067560899,3.3181818181818183,2.909090909090909,28087.772468550174,3.7618401072054555,0.513130085073434,-0.6044896997877017,-1.2144312888245483,63757.609797846824,4.181818181818182,2.909090909090909,0.4722139936809821,0.2514319763294287,0.7054125533434092,-0.0019389581187092182,0.4722139936809821,0.7054125533434092,0.2636627170929284,0.13850490415008038,0.3801115761288549,-0.035770036295592354,0.2636627170929284,0.3801115761288549
449640ec4d30,8.50248310754835,3.2059206308752812,0.7596186479611179,0.007874035022396808,-1.830727214264539,15.343649938466548,4.0,2.409090909090909,48728.85362215426,3.276778265494196,0.6270408940757559,0.19128088694769496,-0.8060886926893431,92462.93574171973,3.181818181818182,2.409090909090909,0.35307643849043946,0.2499213018455828,0.5574367981692052,5.254428366916845e-06,0.3486236013152582,0.5503676508191526,0.31897998766051144,0.2251905275194671,0.4903131654158232,-5.15345932651512e-06,0.31740558583541906,0.4881017772645143
49b7be14f786,3.4914043389201432,3.5138152734525416,0.8085026910302328,0.7617167070509483,-0.9853993836062664,5.579738026953805,3.090909090909091,2.772727272727273,21371.30577441838,3.828299150073922,0.6071812271736846,-0.44409676135170395,-0.6856744362654701,52873.62867679431,4.090909090909091,2.772727272727273,0.42192019442525014,0.25620874156202145,0.6883800338969935,0.03699982817274557,0.42192019442525014,0.6883800338969935,0.278355368064672,0.16760259234198155,0.40364549316200155,-0.018382463567534424,0.278355368064672,0.40364549316200155
4c49d27e66e5,2.5354882095595377,3.5681466287823835,0.8681928284791346,0.5995878841476227,-1.3272922891875267,3.6527010214987055,3.2272727272727275,2.7272727272727275,15441.364479758202,3.7403286832464713,0.529647819097575,-0.09601181460124593,-0.1556505299979447,33329.46271555579,3.9545454545454546,2.7272727272727275,0.387107023527223,0.2904743211793757,0.7165247119095551,0.0971439476147248,0.387107023527223,0.7165247119095551,0.2603587879029297,0.11107751495831375,0.3994355857425582,-0.09097856957703626,0.2603587879029297,0.3994355857425582
4cb4ea247ef4,5.6652046733832995,3.864881891305066,0.7461279628526183,-0.40213214574863126,-1.1529031504783729,8.77791388778866,4.2272727272727275,2.8181818181818183,62241.25779929842,4.006687818755598,0.6697789801433344,-0.7047549961422074,-0.46299794148805296,58214.054234602205,4.181818181818182,2.5,0.37235572000381295,0.21279809085500365,0.5468598491573631,-0.0016313699778366165,0.3594914600389556,0.5204103267161725,0.24009547207087528,0.12399265435913262,0.33429064424132887,0.0005151750379350061,0.23967929481795403,0.3342611649388782
4da5c6be60db,4.3563323277400965,3.775133176523527,0.9313199759168218,0.13659310904256514,-1.730883988396739,6.107820393438427,4.954545454545455,2.6818181818181817,13737.960608211293,3.8671413823206127,0.7065232904225809,-0.16324646697069278,-0.8853447646170172,27494.03848501323,4.0,2.6818181818181817,0.4192000874612381,0.17196729528528207,0.5680127670054109,-0.040524909457630875,0.4192000874612381,0.5680127670054109,0.29167986998985534,0.12820431123015869,0.4116783614854089,-0.058755206829009164,0.29167986998985534,0.4116783614854089
4f1ab08988cc,17.463942345174527,3.843267588269724,0.9490840780724111,0.0455466180207584,-1.9152425325916473,32.637034503520006,2.909090909090909,2.909090909090909,88754.8340112247,3.850107435215397,0.6806359919831496,0.03752455369840707,-0.9442252829832469,132162.74330951346,3.8636363636363638,2.909090909090909,0.3439045337462103,0.2344555932233365,0.5302481579166162,3.463417915254563e-05,0.3387862256505059,0.5285439281019833,0.18959354458968194,0.12632182526662325,0.29356728331023796,4.640614824416578e-05,0.18517674945391985,0.29260194351831625
4fd8ad708fb0,4.766813830603092,3.80070383123024,0.8430435266164027,-0.1330894141001692,-1.4590520709604924,6.251924240615661,2.7272727272727275,2.7272727272727275,14260.07388095494,3.854967868632319,0.7114316072082241,-0.277187568763162,-0.8542121511301675,29107.172838466264,3.909090909090909,2.772727272727273,0.569056365399028,0.1606256461413361,0.7652415204699703,-0.18896802356830886,0.569056365399028,0.7652415204699703,0.2882258805417042,0.13110734467234963,0.4684987376716409,0.13113314356397401,0.2882258805417042,0.4684987376716409
52a5e2b280d4,26.199278510893034,3.5201404642928016,0.8887506285901245,5.692389291617561e-05,-1.910028790832691,45.24470310331048,2.6363636363636362,2.6363636363636362,55001.30017440815,3.8249713609188714,0.7915325059429441,-0.1639247826716248,-1.2363620431957425,56452.47815358798,3.5454545454545454,2.6363636363636362,0.3367715490886583,0.2284780588209496,0.5118961604664415,-5.340333438628534e-05,0.3348876059619232,0.5105031839261612,0.2863565885590758,0.18793154653472227,0.4310882503893811,-4.8869196731915476e-05,0.2826817285178251,0.4297911227137096
548aa830244c,15.801784643273809,3.29405661411223,0.7566661306378998,0.0178565343539916,-1.7144437990592536,24.813581498140152,2.4545454545454546,2.4545454545454546,83415.01963861073,3.515257892112469,0.749625008718643,0.058782161623589756,-1.2285611291570917,102334.9159196294,3.272727272727273,2.5,0.3749398278729122,0.26825362019118787,0.6216132182938802,-8.132370078876387e-05,0.3585701804200246,0.5896838065960267,0.3035779907024112,0.21402730127266906,0.47389044058586405,3.6539968275360137e-05,0.30037559332453717,0.4695017873467077
5974b6403c31,17.78249578921141,3.2587222757263965,0.8392432907613249,0.23468953586343866,-1.1342819512608249,25.851430548707786,2.3181818181818183,2.3181818181818183,45505.0593780907,3.4854216228140804,0.84151862561988,0.33524799880682454,-0.9495583820026776,63012.50517955215,3.1363636363636362,2.3636363636363638,0.37091991018390913,0.2569181805132983,0.597750360363175,-4.155778956516087e-06,0.33486995696248156,0.5400895560386519,0.3021709685543064,0.20727046520365197,0.4741240824059652,-9.752759936772677e-07,0.28741470029706245,0.45007846138713375
5b94060698bc,2.556479516278329,3.5565170769567427,0.89307662260242,0.612204742209819,-1.3114544954342227,3.655128297166725,3.181818181818182,2.6818181818181817,16200.435108957112,3.8150136730876096,0.5735514940314426,-0.3910746132690456,-0.5373830983789794,37341.42919627394,4.090909090909091,2.6818181818181817,0.36842286858205275,0.28035053583339536,0.6906236319920496,0.09199288607931362,0.36842286858205275,0.6906236319920496,0.28005611142904957,0.12768436406202438,0.4390281792327801,-0.09689755371074199,0.28005611142904957,0.4390281792327801
5c3fe56a1a89,5.654953328515892,3.6014869064500834,0.8313943032665164,0.022050093584209486,-1.827582180662524,10.050190972383467,2.7272727272727275,2.7272727272727275,146363.02663972514,3.585017434133795,0.6640582005126655,0.0992691902806632,-1.172397657385273,248802.38877063934,3.5454545454545454,2.7272727272727275,0.3734767766599832,0.24553925972444315,0.5983392469899583,3.2120499905049136e-06,0.35628409284655316,0.5771205153864147,0.23701396329788196,0.15637336384629763,0.35532632313549317,1.2599365356950425e-06,0.23073497876196356,0.3531315697148258
5d1a32a28ffa,7.945916788774155,3.536376652334689,0.889346008629272,0.29614091753141397,-1.3414611742882971,6.797283972896802,2.8636363636363638,2.2272727272727275,43356.50495900478,3.838328249442376,0.7060668359101976,-0.4712764630765876,-0.8010331100440373,47053.27923832482,4.045454545454545,2.2727272727272725,0.33939051057234765,0.1684736311093123,0.5182470586369554,-0.0024126300977945327,0.32951445377692856,0.4886905536422786,0.26956321339266404,0.11906906012838378,0.3550980654733885,-0.014916934613111988,0.26893801943823503,0.3550935338469831
5d829e480507,2.541507080507566,3.785099487675133,0.9674836024963379,0.052664881092580954,-1.8139850030395033,3.165489463300706,4.909090909090909,2.6363636363636362,18289.573885274098,3.880533314833396,0.6678378207098122,-0.2935811131640966,-0.5453768712029441,36752.41024937679,3.9545454545454546,2.6363636363636362,0.37988048092860965,0.18628661874669675,0.5589867522053729,-0.0072226461250278024,0.37988048092860965,0.5589867522053729,0.2672403845460392,0.1085980242057551,0.3766823155940171,-0.06335271919387746,0.2672403845460392,0.3766823155940171
5e4ff1f56b4a,0.7491548219660445,3.7339991877894265,1.0463599242206671,0.006704243698154885,-1.9647257526432687,1.4938990319745837,4.7727272727272725,2.6818181818181817,14429.323719832439,3.890501073965362,0.5610416295809492,-0.7791073250477695,0.8475716045237256,41818.255660875526,3.9545454545454546,2.6818181818181817,0.41736871667404274,3.925231146709438e-17,0.41736871667404274,-2.7755575615628914e-17,0.41736871667404274,0.41736871667404274,0.20868435833702134,0.14054252704330006,0.34922688538032143,0.1405425270433001,0.20868435833702134,0.34922688538032143
60065d3bbcf2,17.406026739037642,3.2926079898569864,0.7784583929585891,0.01310869250081604,-1.799126013730363,28.73781563040581,2.4545454545454546,2.4545454545454546,63522.80726845274,3.5758089956319474,0.7651627727929853,-0.009138106979528722,-1.2619847887373374,74639.12674291681,3.272727272727273,2.5,0.3583986999959752,0.2521046826379794,0.564513983094788,-8.05696466936919e-06,0.35230840661562796,0.5551720590228351,0.29438527903623785,0.20627544280895244,0.4520117460689168,4.625487597553768e-06,0.29275668334314203,0.4509908969744639
62bb754c4cb2,11.229694512568313,3.5473004929691805,0.7679071753837955,0.035602555162292916,-1.5997514712460947,15.878660816928068,2.6818181818181817,2.6818181818181817,126516.30251754711,3.6932076607913276,0.7405265446092851,0.11219112432366275,-1.1398460076401682,165052.9584454718,3.5,2.7272727272727275,0.35544670461898037,0.2479224882378142,0.5448446891955927,7.415358156626084e-06,0.3517992228847095,0.5412923067236212,0.26097398225179436,0.18098587988793494,0.39277560047414933,1.3777600180689409e-05,0.25875868081139847,0.39221696804751227
644f7c1c85c7,15.655702755154625,3.2828007902904055,0.8560264259263859,0.17482607353297686,-1.3097695668911364,24.268576608507512,2.3636363636363638,2.3636363636363638,31109.148916700637,3.3804393758277334,0.7526112772435267,0.28331593070000227,-0.8202031398151393,43862.400045051,3.1363636363636362,2.409090909090909,0.3800523148578718,0.21496049794123984,0.5524153299527482,-2.8736844288742198e-05,0.33078191638154103,0.5095297326602468,0.3084934964068394,0.2080854985995516,0.4802455566965487,-4.924779004549425e-06,0.29869029578588174,0.4789903603211789
6523c349753c,11.610702159985555,3.518470077574151,0.7966650647773954,0.02854790357881393,-1.7151292960452968,18.027738511188026,2.6363636363636362,2.6363636363636362,112976.47811326873,3.7787244736183356,0.7714737829967855,0.03810920159921928,-1.2037093884215648,152010.1748526835,3.5,2.6818181818181817,0.3674313634858497,0.2247947314932753,0.531633475686624,-4.635235545123277e-06,0.3486713635147399,0.5309082240334724,0.28113220746661155,0.1796027822158341,0.4140916053042052,8.090608493452334e-06,0.2700964946758743,0.40706869300132126
671e6de2497a,2.952884095093745,3.831676203833538,0.8912223881735226,0.1601758080063156,-1.7837532984029223,5.018170076034793,4.863636363636363,2.9545454545454546,16981.5909708898,3.8326424301499085,0.6978269961480943,-0.014671874382224025,-0.9694587089755347,30322.4944315965,3.8636363636363638,2.8636363636363638,0.6146332058531041,0.156821506831113,0.8142520046134085,-0.2156251454803421,0.6146332058531041,0.8142520046134085,0.21120776913697736,0.11734042972107203,0.3389074147046336,0.05178538925922619,0.21120776913697736,0.3389074147046336
6e2a4c6f4f57,2.790261324394505,4.097040436685336,0.9070976714551953,-0.7264632104957056,-1.1071098224316045,5.370397440785975,4.909090909090909,2.6818181818181817,38828.31191769708,3.645511934608958,0.7576438998666795,0.15978576463747773,-1.1322874970343972,57974.287344512915,3.4545454545454546,2.6818181818181817,0.494915542546524,0.2739681710639144,0.6887435556443509,-0.035753172116956757,0.494915542546524,0.6887435556443509,0.331958557049259,0.1849143821183947,0.49364829797613435,-0.04588592365467196,0.331958557049259,0.49364829797613435
70cbc0e44d36,1.9250905148909305,3.207447790807497,0.4210744309824446,1.7585257254373918,2.9751658188661,3.840931291608232,3.272727272727273,2.8636363636363638,29894.55012848325,3.8650260088257733,0.5841941855769824,-0.651520323974442,-1.2675127291298953,70025.77888872327,4.272727272727273,2.8636363636363638,0.4592208946057715,0.24090228317365414,0.681815013095988,-0.004677552541779484,0.4592208946057715,0.681815013095988,0.28815862272672527,0.1573305622286252,0.42586532487934026,-0.0410547022737757,0.28815862272672527,0.42586532487934026
70e7ab872359,29.626729138774145,3.6552297384601338,0.9401545799170168,0.005566422803016262,-1.9353501896593428,53.36569608491805,2.7272727272727275,2.7272727272727275,74257.87210521735,3.751627997202251,0.7631928431985353,-0.05344846697392376,-1.2196026624630512,99371.26843642363,3.681818181818182,2.7272727272727275,0.33666149098779136,0.22114686388089083,0.5046607935491655,-1.137345672539795e-06,0.3364868966707782,0.5046095058127825,0.27776554427059486,0.16971220010321664,0.4156555150854007,0.00037816095909107283,0.27157610195605225,0.4140342203824876
72b286460831,22.952142680238673,3.5056635002014844,0.9885143232092144,0.06196066305304271,-1.3828431603637708,29.896702617822317,2.3636363636363638,2.3636363636363638,30750.271476476468,3.5415082503462934,0.8689946396730078,0.18631033468421887,-1.1209197667628465,35349.968495692156,3.1363636363636362,2.3636363636363638,0.34264552081949345,0.21758945935196394,0.5088657497359501,2.268112460374061e-06,0.3024165945058328,0.4673316283639785,0.3003891648536754,0.19572408791988352,0.45954289741095855,7.740220082499971e-06,0.28339301225553837,0.44304650856126926
75ee10091f43,3.119283740796189,4.040575355577443,0.8886858286305193,-0.795134564385651,-0.9733580511131361,5.758629140288279,4.7727272727272725,2.4545454545454546,30727.71466305382,3.5303568823620473,0.6931696762028613,0.26422640665687835,-0.9750473119695031,52216.596202781795,3.3636363636363638,2.7272727272727275,0.48600984793076957,0.28129089407261965,0.694223388732994,-0.023194255442106848,0.48600984793076957,0.694223388732994,0.36102003818018824,0.15822621369559794,0.5392955035901603,-0.10168630210628211,0.36102003818018824,0.5392955035901603
7a8373382b33,4.94767762396462,3.6073132035637046,0.9368769278827462,0.3539199663076407,-1.636613103474328,6.599321592658232,4.7727272727272725,2.6818181818181817,17437.328199764477,3.9454994576928906,0.6364190927323181,-0.8522319801852696,-0.12459119365186311,30300.14197771718,4.090909090909091,2.6818181818181817,0.32715012853698583,0.05001235904024329,0.3771717274788336,2.7755575615628914e-17,0.3247289454600748,0.37512560705468667,0.3185315533342653,0.035578363273716274,0.3541121093832624,-2.93927202908717e-06,0.3176840870665416,0.35398479298242985
7fe9c5cb910c,3.440479161035209,3.3594174071662692,0.7553865504370156,1.4298014481126438,0.3332019967763564,8.619294023356627,2.9545454545454546,2.9545454545454546,22507.580183689068,3.8355120082203213,0.6666032570805748,-0.1498311994014468,-0.8202067494087837,49320.61297219933,4.045454545454545,2.909090909090909,0.44540426649560266,0.24848177917371875,0.684559653185915,0.010968835628340723,0.44540426649560266,0.684559653185915,0.3070518318052124,0.17018984343091148,0.4946647491322778,0.07784312948355744,0.3070518318052124,0.4946647491322778
81af2831dbb2,29.83765164734322,3.6501197575139095,0.938014811219261,0.005490124042989731,-1.934402802018533,53.78936706992184,2.7272727272727275,2.7272727272727275,87509.59574817315,3.760588684895023,0.7680741093585383,-0.06382747448962628,-1.2215945100149144,119518.46598076062,3.681818181818182,2.7272727272727275,0.33534978701382817,0.22355932352204053,0.5037870566464385,2.5481945435293363e-05,0.3351859071233842,0.5037287735558768,0.28912526638752917,0.1880525842669407,0.43173765551810583,-0.0001030926232192253,0.2850844495351132,0.4296879582591249
82b85dfd7723,1.8100781799562407,3.9311470987803028,0.7979699786861765,-0.5689114059968051,-1.1757236360535988,2.041124308876751,4.545454545454546,2.5,66960.57464554464,4.0034174500330355,0.6520821464939541,-0.7523275624975528,-0.7820956432677271,86405.24612087508,4.318181818181818,2.5,0.3649722113719216,0.22387705797811147,0.66629707308927,0.07177984977667393,0.33973654896359495,0.5911590274061903,0.2502579066947599,0.12350604012941417,0.3440314182915508,-0.002908731647985974,0.24737616463161474,0.33490077523617856
846b50801a93,27.67314711842148,3.571576149185966,0.9014551352898459,0.0006571529517062476,-1.8974622963521544,46.12970438449251,2.6818181818181817,2.6818181818181817,58904.38890255362,3.8278656866989142,0.7933995086025107,-0.14079799266530613,-1.246108327030735,57704.85162373037,3.590909090909091,2.6818181818181817,0.33707934635759956,0.2262285069658037,0.5193318171758426,-0.00016703461944087006,0.3357933716700039,0.5182931355624992,0.28771248891503104,0.18981189658133454,0.44182787926055583,-0.0002447001431415778,0.2866797405026575,0.4409790031249841
899032b4ad0c,9.8059298031402,3.514943609815958,0.8157113646422511,0.025867268446236307,-1.7587820323067984,16.333169397359157,2.6363636363636362,2.6363636363636362,100744.7648904724,3.807404587102598,0.7695560404306415,0.037515081881250134,-1.1839768910292523,143641.83785460773,3.5,2.6818181818181817,0.37330859754266316,0.23789971715641234,0.5856015300427119,2.347851757551293e-05,0.3503953564253055,0.554429746686789,0.2714418060057154,0.18480300548689552,0.40731078897629197,-5.073649457875325e-06,0.2653294635191303,0.40707591685375555
916afba26723,2.1657268292805605,3.6057977463944373,0.7269451488005585,-0.6570909974048956,-1.2626313226808852,3.488863396600134,4.0,2.409090909090909,29074.88268309067,3.4367057980064555,0.6044345675988377,0.20710371796892027,-0.9852620952175046,50502.27218704209,3.3181818181818183,2.409090909090909,0.5053110973460084,0.2875330311351402,0.7284543872273774,-0.019674839194423404,0.5053110973460083,0.7284543872273774,0.3489638405726115,0.14139230048787152,0.5047934176048671,-0.09592105957414904,0.3489638405726115,0.5047934176048671
961c37d6e527,19.912655013668648,3.261571157015182,0.7881452607518113,0.008876738052662182,-1.850262655051286,35.547211377105015,2.4545454545454546,2.4545454545454546,58217.62896650177,3.562648309850977,0.7575245229991989,-0.04023308419530784,-1.2608707861726052,71913.18872816453,3.2272727272727275,2.4545454545454546,0.3583550346898973,0.23926724064300786,0.5486597181473165,-1.2627125263268516e-05,0.3480675105200255,0.5375210666705958,0.2948434691274853,0.1981930939010318,0.4412176791533295,4.2251802180639135e-06,0.2893922192541255,0.44004084356197964
968a6902b7f5,3.4290674796952056,3.536140055660494,0.6199533836173445,0.13331759287820882,-1.876709050427327,7.13552381906791,2.9545454545454546,2.9545454545454546,24805.092080090315,3.8544905421619235,0.6124310969549209,-0.6157742329844063,-1.4929684459554644,61069.812626058345,4.318181818181818,3.0454545454545454,0.643075622675129,0.1318682766189041,0.7895929748668068,-0.1965864723824141,0.643075622675129,0.7895929748668068,0.30223186558196974,0.17384571328369472,0.5147792642809069,0.10025289988589352,0.30223186558196974,0.5147792642809069
988b11badabb,8.021210386869468,3.538073336707708,0.7764186931246497,0.03276456415995445,-1.6037719873720395,11.506613799702166,2.6363636363636362,2.6363636363636362,99860.5667153233,3.7266755649556194,0.7371656606280755,0.13549718781063846,-1.059624004019273,141867.29261506928,3.5,2.6818181818181817,0.3883029022284222,0.2779891101499413,0.6562896709758868,-1.9866144986872374e-05,0.3633528543371052,0.6066182872898707,0.25219121688063106,0.17465752293205447,0.38726118147578587,6.05005335677089e-07,0.2466522837085503,0.38302286868854957
99fd027b1d0b,5.030186165846171,3.787118631138827,0.9630416773304076,0.19816733370896367,-1.8531599308639997,8.541439271409876,4.909090909090909,2.9545454545454546,19077.00195067058,3.8829542513939996,0.6471038452401404,-0.22645967399574107,-0.4883775120395,44470.42963169022,3.9545454545454546,2.772727272727273,0.42539839863399087,0.15961389650922697,0.5530252398189468,-0.05671490542135967,0.42539839863399087,0.5530252398189468,0.2813271041995023,0.1898674844621211,0.4424215712504225,0.013620609967446018,0.2813271041995023,0.4424215712504225
9c2979187585,9.505134417400749,3.2048949610158863,0.772169580047141,0.0047248791591958,-1.8681428687544088,17.739427025767483,4.0,2.409090909090909,40579.3037821356,3.292049265943462,0.6486060821145884,0.1660741408064858,-0.9172971500314531,72391.13471191075,3.181818181818182,2.409090909090909,0.3558172849196961,0.23847366177275908,0.5512059836553196,3.6398419647476477e-06,0.34681265182372184,0.5444649118606474,0.3263220040276658,0.20861777077040022,0.48013502968971833,1.7821890915722023e-06,0.3140398148430407,0.47758884475099417
a0dbdc6630fa,0.578221790710186,3.714273243436678,1.0407196164512749,0.2821553415670847,-1.8909640913447467,1.3199887654847584,2.8181818181818183,2.8181818181818183,19178.985539273534,3.9388978075904477,0.6717078273068581,-0.5195016325629609,-0.4688677493506819,46874.415112044284,4.090909090909091,2.8181818181818183,0.43090737673042234,8.777083671441753e-17,0.4309073767304224,8.326672684688674e-17,0.43090737673042234,0.4309073767304224,0.21545368836521117,0.08915325035801841,0.3046069387232296,0.08915325035801841,0.21545368836521117,0.3046069387232296
a148361e5e9a,28.72564871880165,3.6166572820817886,0.9185577181865978,0.0028828635364473495,-1.9081280110232977,48.654524559530216,2.6818181818181817,2.6818181818181817,60477.24619429039,3.781461497889851,0.7727608223347743,-0.08007851506490116,-1.219274206059813,69026.25645289765,3.681818181818182,2.7272727272727275,0.3378585925931834,0.2216683609392816,0.5137086003994944,0.0007631831590616996,0.3350104727534615,0.513508528551687,0.2778349656326569,0.1722735553107797,0.4281791273858297,0.0014432657688401573,0.2717769701966997,0.42731660247654496
a1d716aad84d,7.78057416445461,3.3592071565448935,0.7824889861595977,0.016890224448964986,-1.8243986380446893,13.914999582119567,2.5454545454545454,2.5454545454545454,97300.49237190951,3.5411211202354456,0.7528910440308143,0.11572521201676372,-1.1749188149986134,142807.7985423746,3.3181818181818183,2.5454545454545454,0.36000220086610035,0.25507178724979035,0.571122336979758,6.418341349308705e-06,0.35488845053597995,0.562777391398052,0.30736779928287783,0.21677555759405248,0.4681861268447721,-4.167766788460796e-06,0.3064210823901545,0.4670864836035428
a7233837cfe9,13.896747154554246,3.324753076350311,0.7875369927983594,0.012484415877636233,-1.8101848784578798,23.052952192706137,2.5,2.5,69150.42023075305,3.5855185727607792,0.7695744076967632,0.02448970943073482,-1.2498481455138077,85454.90198213885,3.3181818181818183,2.5454545454545454,0.37576378061647037,0.2342336634101477,0.5599397555751466,-1.6219149148797667e-05,0.3520978816590738,0.5465369004812156,0.30106973150070115,0.2033320451305618,0.46015144817007264,4.273466324806556e-06,0.29604290795678284,0.45969791959549466
a80866a2c6b4,3.429067479695207,3.224866518234313,0.5186374132341401,0.9805185348886166,-0.8378187391257854,9.368113023375109,2.909090909090909,2.909090909090909,19769.77720201467,3.738369302300654,0.5930184496605339,-0.7309494483155446,-1.3298517858317156,52466.12306987755,4.136363636363637,2.909090909090909,0.5236758317363286,0.21329749326533803,0.6880716317419038,-0.08333704963578337,0.5236758317363286,0.6880716317419038,0.29851867035553425,0.1921643909252041,0.5015951218630659,0.06293227028619529,0.29851867035553425,0.5015951218630659
a84d988e38ac,1.363605781399264,3.465655061601095,0.3269732011513715,1.0458794838280978,-0.03330945107921579,3.7667698575726436,3.3181818181818183,3.3181818181818183,33141.13507020413,3.8564971047923553,0.5407358736577871,-0.45658370047806357,-1.5407725687547038,73049.45124572041,4.272727272727273,3.090909090909091,0.7173183669179101,0.1432436005769268,0.8775394508869376,-0.22094345823661365,0.7173183669179101,0.8775394508869376,0.23245029923023178,0.15240619883849202,0.35354583199827616,0.003246922101952321,0.23245029923023178,0.35354583199827616
a9f87eba4b96,11.610702168090791,3.1688065383571065,0.7345336921561303,0.009640245987186253,-1.7048521067850713,17.786740021430028,2.3636363636363638,2.3636363636363638,52165.94233213205,3.2430603683861285,0.6102062728838181,0.19885054903776087,-0.7563886905335151,96255.84512835453,3.181818181818182,2.409090909090909,0.4084879477315948,0.23555803034275782,0.6185646024248654,-5.170234066863751e-05,0.3511426626794128,0.5645090110634245,0.3356210328698152,0.2064702512576006,0.5109891593041427,1.1578233291851628e-05,0.316990999229776,0.5045927906520141
aa9a981d89aa,8.161484475731138,3.5692894797451187,0.8815128464088196,0.29102043255133936,-1.2842948152719378,7.271770403834755,3.0454545454545454,2.2727272727272725,61044.517029741415,3.881525469103537,0.7062521780499075,-0.4228321604009826,-0.943460402158879,77298.77931242106,4.181818181818182,2.909090909090909,0.3402250342602918,0.1691639347368047,0.5126473162032339,-0.004145694207977546,0.3310558484478437,0.48816580813388716,0.2850867054026406,0.13303153758348552,0.3784022237583241,-0.017824485185887785,0.281720260386555,0.3728001822213607
acdcd16c0d76,1.9250905149166044,3.105687613864005,0.39742804339197435,1.3122851168634082,2.197422004465883,3.8117214782647046,3.272727272727273,2.772727272727273,24859.235250825423,3.8337846713249597,0.5263334673544514,-0.80072923749372,-0.8801428159239002,62855.403455410524,4.181818181818182,2.772727272727273,0.44797559245222596,0.23276623566899382,0.6869698107805269,0.010004281401458592,0.44797559245222596,0.6869698107805269,0.3172121539743036,0.15549908814891192,0.4978524356271887,-0.09354219941686871,0.3172121539743036,0.4978524356271887
b13beafa16aa,2.720404445401626,3.753490002565843,0.9770109817286513,-0.04701806370810215,-1.7796805569505494,2.954079875900616,4.863636363636363,2.5454545454545454,14201.082001916322,3.839312693984994,0.6709446605354027,-0.0913006210254577,-0.6035185774492602,28586.101723106356,3.8636363636363638,2.5454545454545454,0.3684488631935361,0.1824205947775971,0.5638506242259833,0.007451552957119485,0.3684488631935361,0.5638506242259833,0.31236205848030435,0.10122153163325259,0.4538376870319263,-0.1386797123759108,0.31236205848030435,0.4538376870319263
b8fb10416122,29.988967136600927,3.64388898086501,0.9357813525350587,0.002455796959763784,-1.9423924503605985,55.640728981586214,2.7272727272727275,2.7272727272727275,97886.56003804674,3.718106473993807,0.7453318165243535,-0.04190434979031485,-1.1850783918206496,146796.65027168268,3.681818181818182,2.7272727272727275,0.3355691172687929,0.22426987034476373,0.5069778313742189,2.7300995647414988e-05,0.3354539773037793,0.5069519800844966,0.2858396673042393,0.176990894017857,0.4378994934974247,0.0021467217789342824,0.2758723453839936,0.43617165822232146
badda86cab42,2.3662570912516627,3.176260086732614,0.2940696728272383,1.0966517972199021,-0.20263729702508915,7.18856333716108,3.0454545454545454,3.0454545454545454,23918.748322183892,3.762901317754949,0.5518870723138104,-0.5232478094170134,-1.567448091606667,59291.021081875675,4.181818181818182,3.0454545454545454,0.7161351889771237,0.16590736901166084,0.9282811813738623,-0.2515634619561161,0.7161351889771237,0.9282811813738623,0.29536645776499454,0.16732705112716964,0.5015443961151828,0.10013088293454843,0.29536645776499454,0.5015443961151828
c04fc052f2ca,4.652302035807878,3.5967874024475908,0.8007523881453293,0.03629070355098673,-1.7370630256454742,7.66316692300228,2.7272727272727275,2.7272727272727275,130256.43617713002,3.583938394901396,0.6600843543970732,0.09924361676725428,-1.1502444919020633,225025.68110567745,3.5454545454545454,2.7272727272727275,0.37923471136621106,0.27264736642367127,0.6321718034174066,-9.025513228432444e-06,0.36267896867702576,0.6000706066974303,0.2236335540371435,0.15771215956743698,0.33794173568505187,-2.354281971941874e-06,0.22225941785011163,0.3360273502239586
c55716558616,26.469994492909795,3.51523297984632,0.8854550814664384,-0.000920339911632345,-1.9096679715937355,46.51539522271832,2.6363636363636362,2.6363636363636362,63890.53436003096,3.784757280255705,0.7924885340247176,-0.1340726495178219,-1.2680323208669382,67749.53387602516,3.5454545454545454,2.6363636363636362,0.33736194784794477,0.2283322413860894,0.5120913150585443,7.592579299309694e-05,0.33510709177913206,0.5106960295483426,0.29997184317321585,0.1830995001352361,0.4447207750105446,0.00015411813742729116,0.2867031761467617,0.43932006375476196
c798e725e2fb,19.311064227757207,3.2630490591031074,0.7780840624118172,0.011425061396784479,-1.8103968985703847,33.63359785403241,2.4545454545454546,2.4545454545454546,67073.00332374488,3.5269692645376627,0.7526729382560187,-0.004830503277246083,-1.25998883922855,81027.07286532735,3.2272727272727275,2.5,0.36591369800166623,0.24034681530776594,0.5784162669765333,-4.905153826673114e-06,0.3488606491977597,0.5537795138291359,0.3085650161893526,0.19294155387560813,0.45543319330231874,-1.6556585554587204e-06,0.2934520412159376,0.4500996400147471
c96ef4fc869c,4.166353544899534,3.4569753302652115,0.7976577362343572,0.8050368219805727,-0.8734901586323494,7.47631626990603,2.909090909090909,2.909090909090909,17457.46063745415,3.8586907622997844,0.6231550607171202,-0.576815162016329,-0.3741959310884684,44579.87872645685,4.045454545454545,2.8636363636363638,0.4375741962993236,0.2426396612357158,0.6693128513585149,0.008634371273019728,0.4375741962993236,0.6693128513585149,0.2866035343258011,0.19760086842289934,0.4714637281171498,0.036160202678973186,0.2866035343258011,0.4714637281171498
cce78d90e899,28.15444200923979,3.5614972975482098,0.8962647189129489,-0.0008058276713158433,-1.8981367135829934,47.63109122546571,2.6818181818181817,2.6818181818181817,78957.32830617453,3.7666410737437053,0.7883103621793294,-0.09357109726361527,-1.2704086633600016,87983.65846723266,3.590909090909091,2.6818181818181817,0.33698812082426305,0.2273775966557802,0.5187013718910329,-4.8056588789063825e-05,0.3355598045022825,0.5176517193517688,0.29648777384047337,0.1976334535267308,0.4618189647980079,-0.00012182837565305471,0.2931862663861042,0.457909054644945
cf7927ab6730,2.0449809776934393,3.9092476489005197,0.7896012044594449,-0.44402273524643726,-1.3149539571521385,2.503771660073686,4.590909090909091,2.5,85202.32824016092,4.002337339054344,0.6701050241702651,-0.5527972823664042,-1.183649182797677,113082.63225684455,4.409090909090909,3.181818181818182,0.4108156304536298,0.2221345754034511,0.6081612926643204,0.02549659695141653,0.38146308963823816,0.5862016268050124,0.276110241961303,0.1407554942629018,0.3766200980659668,-0.014040146702804707,0.26919239303423664,0.3561787756765238
d59c96fdfda1,1.7694912502602123,3.75346075547269,1.0195309032348425,0.0051311286692316115,-1.962681916665786,3.5399969464629093,4.7727272727272725,2.7272727272727275,10597.073894149818,3.833029355594012,0.7149567258951789,-0.316442625987823,-0.8653681740344386,21930.292236007874,3.909090909090909,2.7272727272727275,0.44752117046236506,5.551115123125783e-17,0.4475211704623651,5.551115123125783e-17,0.44752117046236506,0.4475211704623651,0.22376058523118253,0.042621063853558586,0.2663816490847411,0.042621063853558586,0.22376058523118253,0.2663816490847411
da5fd2bb47af,3.33882886180849,3.4759367591954944,0.6140983525347357,0.08538201826155761,-1.8863652562988455,6.807893588556642,2.909090909090909,2.909090909090909,15035.257716891647,3.7520885075843022,0.5939325715529158,-0.5934023132481503,-1.5133886737229054,37382.17278017165,4.181818181818182,2.9545454545454546,0.6569053100905312,0.12286104014668017,0.7977980918049423,-0.20722751739287323,0.6569053100905312,0.7977980918049423,0.29530333351227245,0.16101926123101706,0.5103294280293781,0.12683478324459438,0.29530333351227245,0.5103294280293781
dc4259e69783,30.297842303206554,3.7053940055114443,1.0470857890763137,-0.2114320811927353,-1.4591511860533222,47.966016275194036,4.909090909090909,2.3181818181818183,37424.479296126854,3.658130533255965,0.928827811777915,0.041650286190619584,-1.3181841237435055,45121.77139792239,4.909090909090909,2.3636363636363638,0.3212780997671299,0.2025283241924372,0.4866526936743837,8.046944835494544e-06,0.286429066037972,0.4393069571136606,0.2872605314029298,0.1866542081297794,0.4430719272634127,1.5111502697691865e-06,0.27498924665660834,0.43563137291445764
de5756e4fbfa,2.827476693783765,3.271894256932736,0.5196191434978206,1.182580292067467,-0.23204772835323384,5.970784054184355,3.0454545454545454,3.0454545454545454,24344.875128871165,3.7630807137346314,0.592156859754828,-0.6192646108234232,-1.445891356152269,62068.198760450614,4.181818181818182,3.0454545454545454,0.5148616281572798,0.2213286247758125,0.6807840856796592,-0.06100557103750696,0.5148616281572798,0.6807840856796592,0.2778752184478947,0.18675440204491706,0.4243085958326307,0.004997178773859116,0.2778752184478947,0.4243085958326307
df0019ec24b5,1.8348518970298318,3.143780121183527,0.4216753480098134,1.7243012009029315,2.764238675387908,3.603352221178198,3.181818181818182,2.8181818181818183,19258.425033988973,3.800939196108743,0.5679559228958433,-0.711126291282638,-1.1584447463196286,43715.89376541548,4.181818181818182,2.8181818181818183,0.46312625768029897,0.2412598682094741,0.6852719801437779,-0.006278270917780364,0.46312625768029897,0.6852719801437779,0.274985899987841,0.1346390230927727,0.41002437037508005,-0.05917222114776174,0.274985899987841,0.41002437037508005
e688959ea45b,0.2105567750690042,2.9406051045714703,0.1,1.9671764217576992e-15,8.881784197001252e-16,0.831877524593159,2.9545454545454546,2.9545454545454546,11737.036233132178,3.7622631590702444,0.5893229306214993,-0.6775683058779864,-1.4137746831555655,31096.62664181192,4.181818181818182,2.9545454545454546,0.5734059793947481,7.850462293418876e-17,0.5734059793947481,-5.551115123125783e-17,0.5734059793947481,0.5734059793947481,0.19116798800395648,0.004997215473194178,0.19616520347715066,-0.004997215473194178,0.19116798800395648,0.19616520347715066
eadd37f03ca5,0.2683734401280787,3.7754057002044323,1.0291195390604801,0.015798677794209414,-1.9642434975643897,0.5393465668688716,4.818181818181818,2.772727272727273,10568.752839951527,3.864556882207362,0.7138416622134584,-0.3401170100513677,-0.8176315218411978,22230.832833499695,3.9545454545454546,2.772727272727273,0.44462763090071356,8.777083671441753e-17,0.4446276309007136,-8.326672684688674e-17,0.44462763090071356,0.4446276309007136,0.22231381545035675,0.05293186082151355,0.2752456762718703,-0.05293186082151355,0.22231381545035675,0.2752456762718703
eef072f845ce,9.444975216315454,3.57502286843186,0.7823244495936118,0.02831022962601411,-1.648267664946971,13.502321117987112,4.454545454545455,2.7272727272727275,143611.90471833688,3.628391976642002,0.7012191648490758,0.13243632458773957,-1.1246045485425893,201587.39361064645,3.5454545454545454,2.7272727272727275,0.385210039996219,0.21584254891436244,0.5431586635406885,-1.1028720786621093e-06,0.35352297684988176,0.5390322642731208,0.2590101306226564,0.16649984485454727,0.37895679065699006,-1.1726716228963966e-05,0.24865823726008682,0.37556301398038416
f1e78a09001d,1.874957949423987,3.2596733869699914,0.32100395406199567,1.086217495511538,-0.2975271174677423,5.629294366186205,3.090909090909091,3.090909090909091,17406.52806469257,3.683300180385,0.5251739707931983,-0.42667998831877907,-1.6194612785112852,38493.00401971899,4.090909090909091,3.0454545454545454,0.7494069172990062,0.14943769128351111,0.9419879903364814,-0.26374404006725005,0.7494069172990062,0.9419879903364814,0.22247076897514076,0.13032562598366765,0.3623461519622492,0.051489398782283056,0.22247076897514076,0.3623461519622492
f4f45fcade85,1.965196567310702,3.303320613633881,0.3094182183474079,1.1289964059645072,-0.14533444620239022,5.887525417191521,3.1363636363636362,3.1363636363636362,28042.653159606813,3.774754362024384,0.5515838895198965,-0.41566885823048944,-1.6542693148978762,64815.39595076654,4.2272727272727275,3.090909090909091,0.7240744291302006,0.15337260904337938,0.9136764801346976,-0.24373838972849593,0.7240744291302006,0.9136764801346976,0.25295313945079073,0.15853235284839653,0.411314401907576,0.04547743144886268,0.25295313945079073,0.411314401907576
f705a30af945,4.969415064868414,3.8177161169233833,0.9580668554604614,0.12616818450034795,-1.8875703617067776,9.060808030562553,4.863636363636363,2.909090909090909,14018.289204277493,3.855124748038224,0.7432852808088668,-0.09781885738243394,-1.1380629208562238,24175.122880663675,3.909090909090909,2.8181818181818183,0.4379268135939484,0.16422458163658052,0.5577553409352222,-0.07105541192848168,0.4379268135939484,0.5577553409352222,0.2681278690836152,0.14844628056852116,0.42939008681516777,0.06552613392970312,0.2681278690836152,0.42939008681516777
fba4cc0df459,3.714661639061498,3.742205547797579,0.9041571787273914,0.1415495882169086,-1.8061267111939563,6.325050112040985,2.8181818181818183,2.8181818181818183,13423.985365509398,3.7838801846154237,0.7013790523501384,-0.062312722721351944,-1.0225814073067752,24474.591687915166,3.8181818181818183,2.8181818181818183,0.6129214587079316,0.17214712452767103,0.8402223043068859,-0.2297299837511322,0.6129214587079316,0.8402223043068859,0.26958183758413967,0.1138071492682449,0.42792720139120266,0.12600028311108533,0.26958183758413967,0.42792720139120266
