cand_1,cand_2,r2,mae,delta_r2
bwdf_z_mean_r,bwdf_chi_max_r,0.6067841055282628,0.4274166517209525,-0.036598638191166155
bwdf_z_std_r,bwdf_z_max_val,0.606108335289848,0.45033857816156714,-0.03727440842958096
bwdf_z_std_r,bwdf_z_max_r,0.605499094056039,0.44992694453518806,-0.03788364966338997
bwdf_z_mean_r,bwdf_z_std_r,0.6004488333930811,0.43005382458368935,-0.04293391032634786
bwdf_z_max_r,bwdf_chi_max_r,0.6000841143120275,0.44104939498323387,-0.04329862940740148
bwdf_z_std_r,bwdf_z_first_peak_r,0.5988879584722568,0.45312797398037374,-0.0444947852471721
bwdf_z_first_peak_r,bwdf_chi_std_r,0.5972826448226871,0.4473832170553882,-0.046100098896741826
bwdf_z_std_r,bwdf_chi_max_r,0.5970875820542276,0.44142790828088313,-0.04629516166520131
bwdf_z_std_r,bwdf_chi_first_peak_r,0.5956561077317941,0.4435023954805701,-0.047726635987634825
bwdf_z_first_peak_r,bwdf_z_max_r,0.5940178720918958,0.45699033580163506,-0.04936487162753311
bwdf_chi_std_r,bwdf_z_max_val,0.5893636562648039,0.44143684199843747,-0.054019087454625025
asi_chi_z_mean,bwdf_chi_max_r,0.5889548862797063,0.44277379902926356,-0.05442785743972267
bwdf_z_std_r,bwdf_z_total,0.5885989957896153,0.45063576595710986,-0.054783747929813664
bwdf_z_max_r,bwdf_chi_first_peak_r,0.5863076863080245,0.4579797306542445,-0.057075057411404395
bwdf_z_max_r,bwdf_chi_std_r,0.5862036218334836,0.44808771556314797,-0.057179121885945317
bwdf_chi_std_r,bwdf_chi_kurt,0.5849693188254501,0.45017525988877416,-0.05841342489397883
bwdf_z_std_r,bwdf_z_kurt,0.5849349575033677,0.45696950710181033,-0.05844778621606128
bwdf_chi_first_peak_r,bwdf_chi_max_r,0.5847827475116667,0.45040083463264236,-0.05859999620776224
bwdf_z_mean_r,bwdf_chi_std_r,0.5843542771471247,0.44798095316357084,-0.059028466572304206
bwdf_chi_first_peak_r,bwdf_chi_std_r,0.5839956232080294,0.4535889151794742,-0.059387120511399494
bwdf_z_first_peak_r,bwdf_chi_max_r,0.5836325034940644,0.45414229064035905,-0.05975024022536457
bwdf_chi_std_r,bwdf_z_total,0.5835024473450084,0.4509751731458337,-0.059880296374420494
bwdf_z_first_peak_r,asi_chi_std,0.5830171235706876,0.4642547385861175,-0.06036562014874136
bwdf_chi_max_r,bwdf_chi_std_r,0.5829690588766552,0.4531703917859781,-0.06041368484277376
bwdf_z_first_peak_r,asi_chi_z_mean,0.582051186565933,0.4606346681960906,-0.06133155715349592
bwdf_z_std_r,bwdf_chi_kurt,0.5796065540219666,0.4615030465415029,-0.06377618969746235
bwdf_z_std_r,bwdf_chi_std_r,0.5791420752962172,0.45828094965038874,-0.06424066842321174
bwdf_z_std_r,asi_chi_z_mean,0.5787244187818992,0.4520730860642712,-0.06465832493752977
bwdf_z_first_peak_r,bwdf_chi_kurt,0.5786873698508078,0.4596130127232484,-0.06469537386862112
bwdf_z_first_peak_r,bwdf_z_max_val,0.578278518924616,0.4608976738814152,-0.06510422479481293
bwdf_z_std_r,asi_chi_mean,0.5782342800655733,0.4579712437571901,-0.06514846365385563
bwdf_z_first_peak_r,bwdf_z_total,0.5775587383799374,0.4599965166323113,-0.06582400533949151
asi_chi_z_mean,bwdf_z_max_val,0.5768527651333744,0.45236250937587086,-0.06652997858605458
bwdf_z_std_r,asi_chi_std,0.5766069963834741,0.45451846439188176,-0.06677574733595482
bwdf_z_first_peak_r,bwdf_chi_first_peak_r,0.5761866185880489,0.46640278998769896,-0.06719612513138007
bwdf_z_mean_r,bwdf_z_max_val,0.5759582484018748,0.45023783750726715,-0.06742449531755412
bwdf_chi_max_r,bwdf_z_total,0.5753429233671754,0.44609604130369246,-0.06803982035225353
bwdf_z_mean_r,asi_chi_z_mean,0.5747645522116864,0.458133298035824,-0.06861819150774251
bwdf_z_std_r,asi_z_max,0.5743649510833206,0.4648235223461883,-0.0690177926361083
bwdf_z_mean_r,asi_chi_mean,0.5740820910948472,0.4527102792624272,-0.06930065262458174
bwdf_z_mean_r,bwdf_z_max_r,0.573887392201125,0.4536736860997749,-0.069495351518304
bwdf_z_max_r,bwdf_z_kurt,0.5732727631545953,0.46340853688211153,-0.07010998056483364
bwdf_chi_std_r,bwdf_chi_max_val,0.5724299201181168,0.4474963135285811,-0.07095282360131216
bwdf_z_mean_r,asi_z_z_max,0.5718187109206843,0.45950659009182093,-0.07156403279874468
bwdf_chi_max_r,bwdf_z_max_val,0.5715951889410308,0.4511662337948578,-0.07178755477839815
bwdf_z_mean_r,bwdf_z_kurt,0.5714614046115851,0.45483222029907533,-0.07192133910784382
bwdf_z_std_r,asi_z_z_max,0.5696882474027403,0.4689210385601929,-0.07369449631668867
bwdf_chi_first_peak_r,asi_z_z_max,0.5686701519526656,0.4738562116237602,-0.07471259176676337
bwdf_chi_std_r,bwdf_z_kurt,0.5683708161965321,0.4519992940546287,-0.07501192752289687
asi_chi_z_mean,bwdf_chi_std_r,0.5680725749704105,0.4570611249461318,-0.07531016874901841
bwdf_z_max_val,asi_z_max,0.5679807177763161,0.4643896244415129,-0.07540202594311285
bwdf_chi_max_r,asi_chi_std,0.5673827617364926,0.4635643480040811,-0.07599998198293634
bwdf_z_max_r,bwdf_z_max_val,0.56670801421366,0.46324678349735765,-0.07667472950576892
bwdf_chi_kurt,bwdf_chi_max_val,0.5664221888422947,0.455051953137523,-0.07696055487713427
bwdf_z_mean_r,asi_z_max,0.566067672250055,0.4608215015873765,-0.07731507146937389
bwdf_chi_max_r,bwdf_chi_kurt,0.5653590176745333,0.4569046189520094,-0.0780237260448956
bwdf_z_max_r,asi_chi_std,0.5644918892385471,0.4567159505853749,-0.07889085448088184
bwdf_z_mean_r,bwdf_z_first_peak_r,0.5644362712951807,0.4531298621977219,-0.07894647242424824
bwdf_chi_max_r,bwdf_chi_mean_r,0.5641386192066946,0.4558594656279593,-0.07924412451273433
bwdf_chi_max_r,bwdf_chi_total,0.56402288173573,0.4508585210039158,-0.07935986198369893
bwdf_z_mean_r,bwdf_chi_first_peak_r,0.5640155629834316,0.4551620377964444,-0.07936718073599736
bwdf_z_first_peak_r,bwdf_z_kurt,0.563853844666345,0.4656976185085797,-0.07952889905308391
bwdf_z_mean_r,asi_chi_z_abs_mean,0.5634173437496781,0.450117134638507,-0.07996539996975083
bwdf_z_max_r,asi_chi_z_mean,0.5618224713482937,0.4650035344518797,-0.08156027237113528
bwdf_z_max_val,bwdf_z_kurt,0.5614377623523195,0.46460559795360373,-0.08194498136710948
bwdf_z_mean_r,bwdf_chi_mean_r,0.5613318000864433,0.4545957016463231,-0.0820509436329856
bwdf_z_std_r,asi_chi_z_abs_mean,0.5600292086218278,0.46759722274240817,-0.08335353509760113
bwdf_chi_max_r,asi_chi_mean,0.5599971317133733,0.46329308508863354,-0.08338561200605565
bwdf_z_first_peak_r,bwdf_chi_max_val,0.5598000646844903,0.45892492678671165,-0.08358267903493866
bwdf_z_max_r,asi_z_max,0.5594497640912314,0.468017724706669,-0.08393297962819757
bwdf_chi_first_peak_r,asi_z_max,0.5593918098094443,0.4758133659314628,-0.08399093390998469
bwdf_chi_first_peak_r,bwdf_z_kurt,0.5591533687950122,0.4696807722371034,-0.08422937492441673
bwdf_z_first_peak_r,asi_z_max,0.5587929428481655,0.4755973695119223,-0.08458980087126344
bwdf_z_mean_r,bwdf_chi_kurt,0.5581236487220198,0.4515484393485869,-0.08525909499740913
bwdf_z_first_peak_r,asi_chi_mean,0.5578361034100785,0.47530270431980937,-0.08554664030935044
bwdf_z_std_r,bwdf_chi_max_val,0.5575840087864679,0.46059351805484655,-0.08579873493296108
bwdf_z_max_r,bwdf_z_total,0.55757399616025,0.47084184771354753,-0.08580874755917889
bwdf_chi_max_r,bwdf_z_kurt,0.5571104732432896,0.4530943411191304,-0.08627227047613939
bwdf_chi_first_peak_r,bwdf_chi_kurt,0.5566182665723848,0.46949711095925534,-0.08676447714704416
bwdf_chi_first_peak_r,bwdf_chi_mean_r,0.5565607455935915,0.4655592449265298,-0.08682199812583746
bwdf_z_std_r,bwdf_chi_mean_r,0.5565008466549417,0.4656609280566976,-0.08688189706448723
bwdf_chi_std_r,asi_chi_std,0.5563962651534813,0.4700661987391385,-0.08698647856594766
bwdf_chi_max_r,bwdf_chi_max_val,0.5563699900276746,0.46111870875503075,-0.08701275369175432
bwdf_z_max_r,bwdf_chi_kurt,0.5563407417542715,0.47019535085408376,-0.08704200196515743
bwdf_chi_std_r,asi_z_z_max,0.556100909088652,0.4688433386581113,-0.08728183463077699
bwdf_z_total,bwdf_chi_mean_r,0.5560330370034381,0.47072511605060463,-0.08734970671599085
bwdf_z_first_peak_r,asi_z_z_max,0.5559560273139568,0.4789922766974478,-0.08742671640547217
bwdf_z_max_val,asi_chi_mean,0.5557226391680176,0.4662417609523041,-0.08766010455141138
bwdf_z_mean_r,bwdf_z_total,0.5555010127131321,0.4554745672206686,-0.08788173100629681
bwdf_z_max_val,bwdf_chi_max_val,0.5554524234949758,0.45945068483641655,-0.08793032022445313
bwdf_z_max_val,asi_chi_std,0.5552096001085898,0.4650733658424531,-0.08817314361083917
bwdf_z_max_val,bwdf_z_total,0.5550055839249053,0.46720018795764806,-0.08837715979452365
bwdf_z_max_val,bwdf_chi_kurt,0.554887302398251,0.46436010481612855,-0.08849544132117793
bwdf_chi_std_r,asi_z_max,0.5545074999723809,0.46787041489283243,-0.08887524374704803
bwdf_chi_std_r,asi_chi_mean,0.5541213012054603,0.4671376717692674,-0.08926144251396861
bwdf_z_total,asi_chi_std,0.5539538597946088,0.47331732295739526,-0.08942888392482018
bwdf_chi_first_peak_r,bwdf_z_max_val,0.553835619860165,0.4684699291364111,-0.08954712385926389
bwdf_z_mean_r,bwdf_chi_total,0.5532619473970077,0.46040456054668233,-0.0901207963224212
bwdf_chi_first_peak_r,bwdf_z_total,0.5527746214569276,0.46687952846469305,-0.09060812226250137
bwdf_chi_max_r,asi_z_max,0.5523948962671292,0.46644585978382774,-0.09098784745229971
bwdf_z_first_peak_r,bwdf_chi_mean_r,0.5519633067131422,0.47271441872914627,-0.09141943700628674
bwdf_z_max_val,bwdf_chi_mean_r,0.5519612641966869,0.46903929139146905,-0.09142147952274204
bwdf_z_max_r,bwdf_chi_total,0.5508536475129651,0.4589775047302246,-0.09252909620646388
bwdf_chi_kurt,bwdf_z_kurt,0.5507462393470379,0.47024147286077944,-0.09263650437239102
bwdf_chi_max_r,asi_z_z_max,0.5502481309867151,0.4662322007911374,-0.09313461273271384
bwdf_z_total,bwdf_chi_kurt,0.5497018174773409,0.4649495061094111,-0.09368092624208801
bwdf_z_max_r,bwdf_chi_mean_r,0.5489770560755027,0.47698154464875814,-0.0944056876439262
bwdf_chi_max_r,asi_chi_z_abs_mean,0.5485598928231945,0.4636503304086551,-0.09482285089623443
bwdf_z_mean_r,bwdf_chi_max_val,0.5478280743632021,0.4482257161911088,-0.0955546693562268
bwdf_z_first_peak_r,asi_chi_z_abs_mean,0.5476211211348434,0.4728713327561966,-0.09576162258458554
bwdf_chi_first_peak_r,asi_chi_std,0.5474430829511681,0.4755503523951829,-0.09593966076826088
bwdf_z_max_r,bwdf_chi_max_val,0.5473034066331026,0.46376046935476445,-0.09607933708632632
bwdf_z_total,asi_z_z_max,0.5464931289941861,0.47351199310957787,-0.09688961472524282
asi_chi_z_mean,bwdf_chi_kurt,0.5462179776876933,0.47568228341112234,-0.09716476603173563
bwdf_z_max_val,asi_z_z_max,0.5461960738532545,0.4756312318185364,-0.09718666986617441
bwdf_chi_mean_r,asi_z_max,0.5460083790600534,0.47433498990415324,-0.09737436465937555
bwdf_z_total,asi_z_max,0.5458659043570282,0.47451963063924,-0.09751683936240074
asi_chi_z_mean,bwdf_z_total,0.5450320730104051,0.4788652134278808,-0.09835067070902381
bwdf_z_total,bwdf_z_kurt,0.5446903062475206,0.47232923866522436,-0.09869243747190837
bwdf_chi_std_r,asi_chi_z_abs_mean,0.5441666520798059,0.46629027307394777,-0.09921609163962308
bwdf_chi_kurt,bwdf_chi_mean_r,0.5439730748963639,0.4684114741363911,-0.09940966882306501
bwdf_chi_mean_r,bwdf_chi_max_val,0.5433485348829222,0.46267307833469273,-0.10003420883650671
asi_chi_z_mean,bwdf_z_kurt,0.5433245641997981,0.4804059172688109,-0.10005817951963081
bwdf_z_std_r,bwdf_chi_total,0.5433111073941312,0.4642431395174277,-0.1000716363252977
bwdf_z_max_val,asi_chi_z_abs_mean,0.5432396543285227,0.47080288821519023,-0.10014308939090621
bwdf_z_max_r,asi_z_z_max,0.5417848890747321,0.478306518362026,-0.10159785464469684
bwdf_z_max_r,asi_chi_mean,0.5410871540651241,0.4745623777803748,-0.10229558965430485
asi_chi_z_mean,bwdf_chi_mean_r,0.5410760861503062,0.47477665670471964,-0.10230665756912272
bwdf_chi_kurt,asi_z_max,0.5407398168459774,0.47984766212617513,-0.10264292687345156
bwdf_chi_first_peak_r,asi_chi_mean,0.5406276090459521,0.47982841417524547,-0.10275513467347686
bwdf_chi_kurt,asi_z_z_max,0.5406087979274643,0.4791146121843897,-0.10277394579196464
bwdf_chi_first_peak_r,bwdf_chi_max_val,0.5380826470927966,0.4715713467838788,-0.10530009662663231
bwdf_chi_std_r,bwdf_chi_mean_r,0.5380687564637967,0.4667234261445325,-0.10531398725563224
bwdf_chi_kurt,asi_chi_mean,0.5376595299693285,0.47898613835826065,-0.10572321375010041
bwdf_chi_first_peak_r,asi_chi_z_mean,0.5374252745083266,0.48302020648994837,-0.10595746921110238
bwdf_z_mean_r,asi_chi_std,0.537061691286693,0.47238053980258987,-0.10632105243273593
bwdf_chi_kurt,asi_chi_std,0.5368096848750159,0.4858577619321419,-0.10657305884441304
bwdf_z_total,asi_chi_mean,0.5362876905159455,0.4814851485358344,-0.10709505320348345
asi_chi_std,bwdf_chi_mean_r,0.5362856944470655,0.4850670690054845,-0.10709704927236341
bwdf_chi_total,asi_z_max,0.5361818826958633,0.4744016874583081,-0.10720086102356563
asi_chi_std,bwdf_z_kurt,0.5355719341808587,0.4843623328353419,-0.10781080953857025
bwdf_z_kurt,bwdf_chi_mean_r,0.5354376162820084,0.4778690808084276,-0.10794512743742057
bwdf_z_max_r,asi_chi_z_abs_mean,0.5348621881974369,0.4710962716208564,-0.10852055552199202
bwdf_z_max_val,bwdf_chi_total,0.5347840154368804,0.46449694520776924,-0.10859872828254857
asi_chi_z_mean,asi_z_max,0.534640710024128,0.48576701898285835,-0.10874203369530089
bwdf_chi_std_r,bwdf_chi_total,0.5342807476560909,0.4534759629037645,-0.10910199606333804
asi_z_z_max,asi_z_max,0.5337697908712915,0.48775524403350523,-0.10961295284813743
bwdf_z_total,asi_chi_z_abs_mean,0.5332201472068155,0.4792953361405266,-0.1101625965126134
asi_chi_z_mean,asi_chi_mean,0.5332042618837787,0.4827886377103401,-0.11017848183565027
bwdf_z_first_peak_r,bwdf_chi_total,0.5331098915799699,0.4688927563850325,-0.11027285213945903
bwdf_z_total,bwdf_chi_max_val,0.532909893313434,0.4631248699872181,-0.11047285040599497
bwdf_z_kurt,asi_z_z_max,0.5328317792548551,0.48981665207159636,-0.1105509644645738
asi_chi_std,bwdf_chi_max_val,0.5323814123416619,0.4744006926748488,-0.11100133137776702
asi_chi_z_mean,asi_z_z_max,0.5315878843703578,0.48785428638650913,-0.11179485934907119
asi_chi_z_abs_mean,asi_z_max,0.5314645857366396,0.48838968684938217,-0.11191815798278937
bwdf_chi_total,bwdf_chi_max_val,0.5308228049052495,0.46907223070510706,-0.11255993881417947
bwdf_z_kurt,bwdf_chi_max_val,0.5303139994370503,0.4706445455069494,-0.11306874428237867
bwdf_chi_mean_r,asi_z_z_max,0.5302268219128026,0.4827501138918327,-0.11315592180662637
asi_chi_z_abs_mean,bwdf_chi_mean_r,0.5272479743723685,0.4795480355782943,-0.11613476934706046
bwdf_z_kurt,asi_z_max,0.5272158561173586,0.48933262541318184,-0.11616688760207039
asi_chi_z_abs_mean,bwdf_chi_max_val,0.5266560501705357,0.4693888965712653,-0.1167266935488932
asi_chi_z_mean,bwdf_chi_max_val,0.5240680232875858,0.4706203937964005,-0.1193147204318431
bwdf_chi_first_peak_r,bwdf_chi_total,0.523769729471695,0.4721300568484297,-0.11961301424773396
asi_chi_mean,bwdf_chi_max_val,0.5217934326466884,0.47751954651360556,-0.12158931107274051
bwdf_chi_mean_r,bwdf_chi_total,0.521654242999306,0.46213186680668533,-0.12172850072012298
bwdf_chi_first_peak_r,asi_chi_z_abs_mean,0.5210021784322312,0.4793084156681793,-0.12238056528719776
asi_z_max,asi_chi_mean,0.5209439431624514,0.4990590091763121,-0.12243880055697753
asi_chi_std,asi_chi_mean,0.5180859559846128,0.4867434723738468,-0.12529678773481612
bwdf_chi_kurt,bwdf_chi_total,0.5170680126531408,0.46761273363383127,-0.1263147310662881
bwdf_z_kurt,asi_chi_mean,0.5169290998341776,0.49031078299609093,-0.12645364388525138
asi_chi_std,asi_z_z_max,0.5168242660905111,0.49786874470566256,-0.1265584776289178
asi_chi_z_mean,bwdf_chi_total,0.5167692138997622,0.47544938121660796,-0.12661352981966678
asi_chi_z_abs_mean,asi_z_z_max,0.516678099400829,0.49511369047261244,-0.12670464431859996
bwdf_z_total,bwdf_chi_total,0.5166421880528936,0.4637062727947428,-0.1267405556665353
asi_chi_z_abs_mean,asi_chi_mean,0.516409148746241,0.48547497682378754,-0.12697359497318794
asi_chi_z_mean,asi_chi_std,0.5161392345194675,0.4964945934806207,-0.1272435091999614
bwdf_z_kurt,bwdf_chi_total,0.5158356084791431,0.4805743690500356,-0.12754713524028582
asi_z_z_max,bwdf_chi_total,0.5152873602767079,0.477380806845848,-0.1280953834427211
asi_z_z_max,asi_chi_mean,0.5146754340309417,0.5021368244537199,-0.1287073096884872
asi_chi_z_abs_mean,bwdf_z_kurt,0.5134502769799645,0.4893717297255391,-0.12993246673946446
asi_chi_std,asi_z_max,0.5131669683819045,0.49950485372543335,-0.1302157753375245
asi_chi_z_mean,asi_chi_z_abs_mean,0.5125828828460419,0.4863443397078851,-0.13079986087338702
asi_chi_std,asi_chi_z_abs_mean,0.5110798928206036,0.47972836189559015,-0.13230285089882532
bwdf_chi_total,asi_chi_mean,0.5109139967462908,0.4791577338594379,-0.13246874697313815
bwdf_chi_mean_r,asi_chi_mean,0.5092020761704806,0.49121652881063593,-0.1341806675489483
asi_chi_std,bwdf_chi_total,0.5087651521358487,0.47807720335565435,-0.13461759158358022
asi_z_z_max,bwdf_chi_max_val,0.5075989110531691,0.4900497812694973,-0.13578383266625982
asi_z_max,bwdf_chi_max_val,0.5073952027617223,0.47708044354120893,-0.1359875409577066
bwdf_chi_kurt,asi_chi_z_abs_mean,0.5057998466894613,0.4854772854236641,-0.13758289702996762
asi_chi_z_abs_mean,bwdf_chi_total,0.4998488855745077,0.47892131328101106,-0.14353385814492126
